<?xml version="1.0" encoding="UTF-8"?>
<!-- IBM Confidential OCO Source Materials --><!-- (C) COPYRIGHT IBM CORP. 2011-2021 --><!-- The source code for this program is not published or otherwise divested of its trade secrets, irrespective of what has been deposited with the U.S. Copyright Office. --><Workflow><Header Type="0" WfStatus="10" IgnoreModuleLevel="0" InstanceData="0" LockRecord="0" Modifier="0"><ObjectLabelName><![CDATA[In Progress 0.0]]></ObjectLabelName><Name><![CDATA[triAPICAsset - Synchronous - Create Asset]]></Name><Module><![CDATA[triAPIConnect]]></Module><BO><![CDATA[triAPICAsset]]></BO><EventName><![CDATA[Pre-Create]]></EventName><Description /><AssociationName /><UpdatedBy><![CDATA[System, System]]></UpdatedBy><AssociatedBO /><AssociatedModule><![CDATA[triAPIConnect]]></AssociatedModule></Header><Tasks><Task Id="0" Type="1" FilterOperator="10" RecurrenceId="0" MapId="443401" SRCTaskId="-1" TRGTTaskId="-1" AssigneeTaskId="0" SortCount="1" UseMap="1" LockUser="0" AssignToFlag="1" EstEndInDays="0" EstEndInHrs="0" EstEndInMins="0" DateContext="0" ServiceContext="1"><TaskLabel><![CDATA[Start]]></TaskLabel><EventName><![CDATA[Pre-Create]]></EventName><Description /><DeleteSection /><SumSection /><SumField /><FilterSection /><FilterField /><FilterValue /><ServiceAssociation /><TargetAssociation /><TransactionType><![CDATA[0]]></TransactionType><Status><![CDATA[0]]></Status><ParametersMapId><![CDATA[-1]]></ParametersMapId><FormulaRecalc><![CDATA[0]]></FormulaRecalc><Module><![CDATA[triAPIConnect]]></Module><BO><![CDATA[triAPICAsset]]></BO><AssociatedModule><![CDATA[triAPIConnect]]></AssociatedModule><AssociatedBO /><AssignToUserMod /><AssignToUserBO /><AssignToUser /><TaskRefs /><Condition><Expression><![CDATA[ ]]></Expression></Condition></Task><Task Id="447037" Type="9" FilterOperator="10" RecurrenceId="0" MapId="-1" SRCTaskId="-1" TRGTTaskId="-1" AssigneeTaskId="0" SortCount="1" UseMap="1" LockUser="0" AssignToFlag="1" EstEndInDays="0" EstEndInHrs="0" EstEndInMins="0" DateContext="0" ServiceContext="1"><TaskLabel /><EventName /><Description /><DeleteSection /><SumSection /><SumField /><FilterSection /><FilterField /><FilterValue /><ServiceAssociation /><TargetAssociation /><TransactionType><![CDATA[0]]></TransactionType><Status><![CDATA[0]]></Status><ParametersMapId><![CDATA[-1]]></ParametersMapId><FormulaRecalc><![CDATA[0]]></FormulaRecalc><Module /><BO /><AssignToUserMod /><AssignToUserBO /><AssignToUser /><TaskRefs /></Task><Task Id="447038" Type="28" FilterOperator="10" RecurrenceId="0" MapId="165210" SRCTaskId="-1" TRGTTaskId="-1" AssigneeTaskId="0" SortCount="1" UseMap="1" LockUser="0" AssignToFlag="1" EstEndInDays="0" EstEndInHrs="0" EstEndInMins="0" DateContext="0" ServiceContext="1"><TaskLabel><![CDATA[Map Created By]]></TaskLabel><EventName><![CDATA[Append]]></EventName><Description /><DeleteSection /><SumSection /><SumField /><FilterSection /><FilterField /><FilterValue /><ServiceAssociation /><TargetAssociation /><TransactionType><![CDATA[0]]></TransactionType><Status><![CDATA[0]]></Status><ParametersMapId><![CDATA[-1]]></ParametersMapId><FormulaRecalc><![CDATA[2]]></FormulaRecalc><Module><![CDATA[triAPIConnect]]></Module><BO><![CDATA[triAPICAsset]]></BO><AssignToUserMod /><AssignToUserBO /><AssignToUser /><TaskRefs><TaskRef RefType="0" UseType="1" TaskRefType="0" CtxType="-1" RefTaskId="0"><RefSec /><RefField><![CDATA[null]]></RefField><RefAssoc /><RefModule><![CDATA[triAPIConnect]]></RefModule><RefObject><![CDATA[triAPICAsset]]></RefObject><RefRecordMod /><RefRecordBO /><RefRecord /></TaskRef><TaskRef RefType="1" UseType="2" TaskRefType="1" CtxType="-1" RefTaskId="0"><RefSec /><RefField><![CDATA[null]]></RefField><RefAssoc /><RefModule><![CDATA[triPeople]]></RefModule><RefObject><![CDATA[triPeople]]></RefObject></TaskRef></TaskRefs><ObjMappings><ObjMapping Id="165210" Type="10"><FldVal><![CDATA[Detail::triNameTX]]></FldVal><SrcFldVal /><TrgtModule><![CDATA[triAPIConnect]]></TrgtModule><TrgtBo><![CDATA[triAPICProperty]]></TrgtBo><SrcModule><![CDATA[triPeople]]></SrcModule><SrcBo><![CDATA[triPeople]]></SrcBo><TrgtTab><![CDATA[General]]></TrgtTab><TrgtSec><![CDATA[General]]></TrgtSec><TrgtFld><![CDATA[triCreatedByTX]]></TrgtFld><SrcTab><![CDATA[General]]></SrcTab><SrcSec><![CDATA[Detail]]></SrcSec><SrcFld><![CDATA[triNameTX]]></SrcFld></ObjMapping></ObjMappings></Task><Task Id="447045" Type="28" FilterOperator="10" RecurrenceId="0" MapId="165212" SRCTaskId="-1" TRGTTaskId="-1" AssigneeTaskId="0" SortCount="1" UseMap="1" LockUser="0" AssignToFlag="1" EstEndInDays="0" EstEndInHrs="0" EstEndInMins="0" DateContext="0" ServiceContext="1"><TaskLabel><![CDATA[Populate System Message]]></TaskLabel><EventName><![CDATA[Append]]></EventName><Description /><DeleteSection /><SumSection /><SumField /><FilterSection /><FilterField /><FilterValue /><ServiceAssociation /><TargetAssociation /><TransactionType><![CDATA[0]]></TransactionType><Status><![CDATA[0]]></Status><ParametersMapId><![CDATA[-1]]></ParametersMapId><FormulaRecalc><![CDATA[2]]></FormulaRecalc><Module><![CDATA[triAPIConnect]]></Module><BO><![CDATA[triAPICAsset]]></BO><AssignToUserMod /><AssignToUserBO /><AssignToUser /><TaskRefs><TaskRef RefType="0" UseType="1" TaskRefType="0" CtxType="-1" RefTaskId="0"><RefSec /><RefField><![CDATA[null]]></RefField><RefAssoc /><RefModule><![CDATA[triAPIConnect]]></RefModule><RefObject><![CDATA[triAPICAsset]]></RefObject><RefRecordMod /><RefRecordBO /><RefRecord /></TaskRef><TaskRef RefType="1" UseType="2" TaskRefType="0" CtxType="-1" RefTaskId="447053"><RefSec /><RefField><![CDATA[null]]></RefField><RefAssoc /><RefModule><![CDATA[triAsset]]></RefModule><RefObject><![CDATA[triBuildingEquipment]]></RefObject></TaskRef></TaskRefs><ObjMappings><ObjMapping Id="165212" Type="40"><FldVal><![CDATA[Processed]]></FldVal><SrcFldVal /><TrgtModule><![CDATA[triAPIConnect]]></TrgtModule><TrgtBo><![CDATA[triAPICProperty]]></TrgtBo><SrcModule><![CDATA[Location]]></SrcModule><SrcBo><![CDATA[triProperty]]></SrcBo><TrgtTab><![CDATA[General]]></TrgtTab><TrgtSec><![CDATA[General]]></TrgtSec><TrgtFld><![CDATA[triUserMessageTX]]></TrgtFld><SrcTab /><SrcSec /><SrcFld /></ObjMapping><ObjMapping Id="165212" Type="70"><FldVal><![CDATA[Source]]></FldVal><SrcFldVal /><TrgtModule><![CDATA[triAPIConnect]]></TrgtModule><TrgtBo><![CDATA[triAPICProperty]]></TrgtBo><SrcModule><![CDATA[Location]]></SrcModule><SrcBo><![CDATA[triProperty]]></SrcBo><TrgtTab><![CDATA[General]]></TrgtTab><TrgtSec><![CDATA[General]]></TrgtSec><TrgtFld><![CDATA[triTRIRIGAIDTX]]></TrgtFld><SrcTab /><SrcSec /><SrcFld /></ObjMapping></ObjMappings></Task><Task Id="447046" Type="31" FilterOperator="10" RecurrenceId="0" MapId="-1" SRCTaskId="-1" TRGTTaskId="-1" AssigneeTaskId="0" SortCount="1" UseMap="1" LockUser="1" AssignToFlag="1" EstEndInDays="0" EstEndInHrs="0" EstEndInMins="0" DateContext="0" ServiceContext="1"><TaskLabel><![CDATA[Trigger Accept]]></TaskLabel><EventName><![CDATA[triAccept]]></EventName><Description /><DeleteSection /><SumSection /><SumField /><FilterSection /><FilterField /><FilterValue /><ServiceAssociation /><TargetAssociation /><TransactionType><![CDATA[0]]></TransactionType><Status><![CDATA[0]]></Status><ParametersMapId><![CDATA[-1]]></ParametersMapId><FormulaRecalc><![CDATA[2]]></FormulaRecalc><Module><![CDATA[triAPIConnect]]></Module><BO><![CDATA[triAPICAsset]]></BO><AssignToUserMod /><AssignToUserBO /><AssignToUser /><TaskRefs><TaskRef RefType="0" UseType="1" TaskRefType="0" CtxType="-1" RefTaskId="0"><RefSec /><RefField><![CDATA[null]]></RefField><RefAssoc /><RefModule><![CDATA[triAPIConnect]]></RefModule><RefObject><![CDATA[triAPICAsset]]></RefObject><RefRecordMod /><RefRecordBO /><RefRecord /></TaskRef><TaskRef RefType="1" UseType="2" TaskRefType="0" CtxType="-1" RefTaskId="0"><RefSec /><RefField /><RefAssoc /><RefModule><![CDATA[triAPIConnect]]></RefModule><RefObject><![CDATA[triAPICProperty]]></RefObject></TaskRef></TaskRefs></Task><Task Id="447048" Type="22" FilterOperator="10" RecurrenceId="0" MapId="-1" SRCTaskId="-1" TRGTTaskId="-1" AssigneeTaskId="0" SortCount="1" UseMap="1" LockUser="0" AssignToFlag="1" EstEndInDays="0" EstEndInHrs="0" EstEndInMins="0" DateContext="0" ServiceContext="1"><TaskLabel><![CDATA[Query Building Equipment]]></TaskLabel><EventName /><Description /><DeleteSection /><SumSection /><SumField /><FilterSection /><FilterField /><FilterValue /><ServiceAssociation /><TargetAssociation /><TransactionType><![CDATA[0]]></TransactionType><Status><![CDATA[0]]></Status><ParametersMapId><![CDATA[-1]]></ParametersMapId><FormulaRecalc><![CDATA[0]]></FormulaRecalc><Module><![CDATA[triAsset]]></Module><BO><![CDATA[triBuildingEquipment]]></BO><FilterBo><![CDATA[triBuildingEquipment - WorkFlow - Get List of RPIM Building Equipment Objects]]></FilterBo><FilterBoBO><![CDATA[triBuildingEquipment]]></FilterBoBO><FilterModule><![CDATA[triAsset]]></FilterModule><AssignToUserMod /><AssignToUserBO /><AssignToUser /><TaskRefs><TaskRef RefType="0" UseType="1" TaskRefType="0" CtxType="-1" RefTaskId="0"><RefSec /><RefField><![CDATA[null]]></RefField><RefAssoc /><RefModule><![CDATA[triAPIConnect]]></RefModule><RefObject><![CDATA[triAPICAsset]]></RefObject><RefRecordMod /><RefRecordBO /><RefRecord /></TaskRef><TaskRef RefType="1" UseType="2" TaskRefType="0" CtxType="-1" RefTaskId="0"><RefSec /><RefField><![CDATA[null]]></RefField><RefAssoc /><RefModule><![CDATA[triAPIConnect]]></RefModule><RefObject><![CDATA[triAPICAsset]]></RefObject></TaskRef></TaskRefs><TaskFilters><TaskFilter SeqId="3" LDataType="320" RDataType="320" LListFlg="0" RListFlg="0" RListType="1" CnstFlg="0" Operator="10" AssociatedToName="" AssociatedToTaskId="0" AssociatedToWithChildren="0"><LSecName><![CDATA[RecordInformation]]></LSecName><LFldName><![CDATA[triRecordIdSY]]></LFldName><RSecName><![CDATA[General]]></RSecName><RFldName><![CDATA[triExternalReferenceTX]]></RFldName><RValue /></TaskFilter></TaskFilters></Task><Task Id="447053" Type="40" FilterOperator="10" RecurrenceId="0" MapId="-1" SRCTaskId="-1" TRGTTaskId="-1" AssigneeTaskId="0" SortCount="1" UseMap="1" LockUser="0" AssignToFlag="1" EstEndInDays="0" EstEndInHrs="0" EstEndInMins="0" DateContext="0" ServiceContext="1"><TaskLabel><![CDATA[Variable Building Equipment]]></TaskLabel><EventName /><Description /><DeleteSection /><SumSection /><SumField /><FilterSection /><FilterField /><FilterValue /><ServiceAssociation /><TargetAssociation /><TransactionType><![CDATA[0]]></TransactionType><Status><![CDATA[0]]></Status><ParametersMapId><![CDATA[-1]]></ParametersMapId><FormulaRecalc><![CDATA[0]]></FormulaRecalc><Module><![CDATA[triAsset]]></Module><BO><![CDATA[triBuildingEquipment]]></BO><AssignToUserMod /><AssignToUserBO /><AssignToUser /><TaskRefs /></Task><Task Id="447337" Type="14" FilterOperator="10" RecurrenceId="0" MapId="443402" SRCTaskId="-1" TRGTTaskId="447338" AssigneeTaskId="0" SortCount="1" UseMap="1" LockUser="0" AssignToFlag="1" EstEndInDays="0" EstEndInHrs="0" EstEndInMins="0" DateContext="0" ServiceContext="1"><TaskLabel /><EventName><![CDATA[0=true;1=false;]]></EventName><Description /><DeleteSection /><SumSection /><SumField /><FilterSection /><FilterField /><FilterValue /><ServiceAssociation /><TargetAssociation><![CDATA[447341;447448;]]></TargetAssociation><TransactionType><![CDATA[0]]></TransactionType><Status><![CDATA[0]]></Status><ParametersMapId><![CDATA[-1]]></ParametersMapId><FormulaRecalc><![CDATA[0]]></FormulaRecalc><Module /><BO /><AssignToUserMod /><AssignToUserBO /><AssignToUser /><TaskRefs /><Condition><Expression><![CDATA[p0 == "Create/Update"  ]]></Expression><Params><Param PId="0"><PType><![CDATA[field]]></PType><PDataId><![CDATA[0]]></PDataId><PField><![CDATA[triOperationTX]]></PField><PSection><![CDATA[General]]></PSection><PModule><![CDATA[triAPIConnect]]></PModule><PBO><![CDATA[triAPICAsset]]></PBO></Param></Params></Condition></Task><Task Id="447338" Type="12" FilterOperator="10" RecurrenceId="0" MapId="-1" SRCTaskId="-1" TRGTTaskId="-1" AssigneeTaskId="0" SortCount="1" UseMap="1" LockUser="0" AssignToFlag="1" EstEndInDays="0" EstEndInHrs="0" EstEndInMins="0" DateContext="0" ServiceContext="1"><TaskLabel /><EventName /><Description /><DeleteSection /><SumSection /><SumField /><FilterSection /><FilterField /><FilterValue /><ServiceAssociation /><TargetAssociation /><TransactionType><![CDATA[0]]></TransactionType><Status><![CDATA[0]]></Status><ParametersMapId><![CDATA[-1]]></ParametersMapId><FormulaRecalc><![CDATA[0]]></FormulaRecalc><Module /><BO /><AssignToUserMod /><AssignToUserBO /><AssignToUser /><TaskRefs /></Task><Task Id="447340" Type="27" FilterOperator="10" RecurrenceId="0" MapId="165410" SRCTaskId="-1" TRGTTaskId="-1" AssigneeTaskId="0" SortCount="1" UseMap="1" LockUser="0" AssignToFlag="1" EstEndInDays="0" EstEndInHrs="0" EstEndInMins="0" DateContext="0" ServiceContext="1"><TaskLabel><![CDATA[Create Building Equipment]]></TaskLabel><EventName><![CDATA[triCreateDraft]]></EventName><Description /><DeleteSection /><SumSection /><SumField /><FilterSection /><FilterField /><FilterValue /><ServiceAssociation /><TargetAssociation /><TransactionType><![CDATA[0]]></TransactionType><Status><![CDATA[0]]></Status><ParametersMapId><![CDATA[-1]]></ParametersMapId><FormulaRecalc><![CDATA[2]]></FormulaRecalc><Module><![CDATA[triAsset]]></Module><BO><![CDATA[triBuildingEquipment]]></BO><AssociatedModule><![CDATA[triAsset]]></AssociatedModule><AssociatedBO><![CDATA[triBuildingEquipment]]></AssociatedBO><AssignToUserMod /><AssignToUserBO /><AssignToUser /><TaskRefs><TaskRef RefType="1" UseType="2" TaskRefType="0" CtxType="-1" RefTaskId="0"><RefSec /><RefField><![CDATA[null]]></RefField><RefAssoc /><RefModule><![CDATA[triAPIConnect]]></RefModule><RefObject><![CDATA[triAPICAsset]]></RefObject></TaskRef></TaskRefs><ObjMappings><ObjMapping Id="165410" Type="6"><FldVal><![CDATA[yes]]></FldVal><SrcFldVal /><TrgtModule><![CDATA[triAsset]]></TrgtModule><TrgtBo><![CDATA[triBuildingEquipment]]></TrgtBo><SrcModule><![CDATA[triAPIConnect]]></SrcModule><SrcBo><![CDATA[triAPICAsset]]></SrcBo><TrgtTab /><TrgtSec /><TrgtFld /><SrcTab /><SrcSec /><SrcFld /></ObjMapping><ObjMapping Id="165410" Type="10"><FldVal><![CDATA[General::triIdTX]]></FldVal><SrcFldVal /><TrgtModule><![CDATA[triAsset]]></TrgtModule><TrgtBo><![CDATA[triBuildingEquipment]]></TrgtBo><SrcModule><![CDATA[triAPIConnect]]></SrcModule><SrcBo><![CDATA[triAPICAsset]]></SrcBo><TrgtTab><![CDATA[General]]></TrgtTab><TrgtSec><![CDATA[RecordInformation]]></TrgtSec><TrgtFld><![CDATA[triIdTX]]></TrgtFld><SrcTab><![CDATA[General]]></SrcTab><SrcSec><![CDATA[General]]></SrcSec><SrcFld><![CDATA[triIdTX]]></SrcFld></ObjMapping><ObjMapping Id="165410" Type="10"><FldVal><![CDATA[General::triNameTX]]></FldVal><SrcFldVal /><TrgtModule><![CDATA[triAsset]]></TrgtModule><TrgtBo><![CDATA[triBuildingEquipment]]></TrgtBo><SrcModule><![CDATA[triAPIConnect]]></SrcModule><SrcBo><![CDATA[triAPICAsset]]></SrcBo><TrgtTab><![CDATA[General]]></TrgtTab><TrgtSec><![CDATA[RecordInformation]]></TrgtSec><TrgtFld><![CDATA[triNameTX]]></TrgtFld><SrcTab><![CDATA[General]]></SrcTab><SrcSec><![CDATA[General]]></SrcSec><SrcFld><![CDATA[triNameTX]]></SrcFld></ObjMapping><ObjMapping Id="165410" Type="10"><FldVal><![CDATA[General::triSerialNumTX]]></FldVal><SrcFldVal /><TrgtModule><![CDATA[triAsset]]></TrgtModule><TrgtBo><![CDATA[triBuildingEquipment]]></TrgtBo><SrcModule><![CDATA[triAPIConnect]]></SrcModule><SrcBo><![CDATA[triAPICAsset]]></SrcBo><TrgtTab><![CDATA[General]]></TrgtTab><TrgtSec><![CDATA[RecordInformation]]></TrgtSec><TrgtFld><![CDATA[triSerialNumTX]]></TrgtFld><SrcTab><![CDATA[General]]></SrcTab><SrcSec><![CDATA[General]]></SrcSec><SrcFld><![CDATA[triSerialNumTX]]></SrcFld></ObjMapping><ObjMapping Id="165410" Type="10"><FldVal><![CDATA[General::triBarCodeEntryTX]]></FldVal><SrcFldVal /><TrgtModule><![CDATA[triAsset]]></TrgtModule><TrgtBo><![CDATA[triBuildingEquipment]]></TrgtBo><SrcModule><![CDATA[triAPIConnect]]></SrcModule><SrcBo><![CDATA[triAPICAsset]]></SrcBo><TrgtTab><![CDATA[General]]></TrgtTab><TrgtSec><![CDATA[RecordInformation]]></TrgtSec><TrgtFld><![CDATA[triBarCodeEntryTX]]></TrgtFld><SrcTab><![CDATA[General]]></SrcTab><SrcSec><![CDATA[General]]></SrcSec><SrcFld><![CDATA[triBarCodeEntryTX]]></SrcFld></ObjMapping><ObjMapping Id="165410" Type="10"><FldVal><![CDATA[General::triConditionLI]]></FldVal><SrcFldVal /><TrgtModule><![CDATA[triAsset]]></TrgtModule><TrgtBo><![CDATA[triBuildingEquipment]]></TrgtBo><SrcModule><![CDATA[triAPIConnect]]></SrcModule><SrcBo><![CDATA[triAPICAsset]]></SrcBo><TrgtTab><![CDATA[General]]></TrgtTab><TrgtSec><![CDATA[RecordInformation]]></TrgtSec><TrgtFld><![CDATA[triConditionLI]]></TrgtFld><SrcTab><![CDATA[General]]></SrcTab><SrcSec><![CDATA[General]]></SrcSec><SrcFld><![CDATA[triConditionLI]]></SrcFld></ObjMapping><ObjMapping Id="165410" Type="10"><FldVal><![CDATA[General::SysReserveFlag]]></FldVal><SrcFldVal /><TrgtModule><![CDATA[triAsset]]></TrgtModule><TrgtBo><![CDATA[triBuildingEquipment]]></TrgtBo><SrcModule><![CDATA[triAPIConnect]]></SrcModule><SrcBo><![CDATA[triAPICAsset]]></SrcBo><TrgtTab><![CDATA[General]]></TrgtTab><TrgtSec><![CDATA[RecordInformation]]></TrgtSec><TrgtFld><![CDATA[SysReserveFlag]]></TrgtFld><SrcTab><![CDATA[General]]></SrcTab><SrcSec><![CDATA[General]]></SrcSec><SrcFld><![CDATA[SysReserveFlag]]></SrcFld></ObjMapping><ObjMapping Id="165410" Type="10"><FldVal><![CDATA[General::triActiveStartDA]]></FldVal><SrcFldVal /><TrgtModule><![CDATA[triAsset]]></TrgtModule><TrgtBo><![CDATA[triBuildingEquipment]]></TrgtBo><SrcModule><![CDATA[triAPIConnect]]></SrcModule><SrcBo><![CDATA[triAPICAsset]]></SrcBo><TrgtTab><![CDATA[General]]></TrgtTab><TrgtSec><![CDATA[RecordInformation]]></TrgtSec><TrgtFld><![CDATA[triActiveStartDA]]></TrgtFld><SrcTab><![CDATA[General]]></SrcTab><SrcSec><![CDATA[General]]></SrcSec><SrcFld><![CDATA[triActiveStartDA]]></SrcFld></ObjMapping></ObjMappings></Task><Task Id="447341" Type="14" FilterOperator="10" RecurrenceId="0" MapId="443403" SRCTaskId="-1" TRGTTaskId="447342" AssigneeTaskId="0" SortCount="1" UseMap="1" LockUser="0" AssignToFlag="1" EstEndInDays="0" EstEndInHrs="0" EstEndInMins="0" DateContext="0" ServiceContext="1"><TaskLabel /><EventName><![CDATA[0=true;1=false;]]></EventName><Description /><DeleteSection /><SumSection /><SumField /><FilterSection /><FilterField /><FilterValue /><ServiceAssociation /><TargetAssociation><![CDATA[447340;447344;]]></TargetAssociation><TransactionType><![CDATA[0]]></TransactionType><Status><![CDATA[0]]></Status><ParametersMapId><![CDATA[-1]]></ParametersMapId><FormulaRecalc><![CDATA[0]]></FormulaRecalc><Module /><BO /><AssignToUserMod /><AssignToUserBO /><AssignToUser /><TaskRefs /><Condition><Expression><![CDATA[p0 == 0  ]]></Expression><Params><Param PId="0"><PType><![CDATA[item]]></PType><PDataId><![CDATA[447048]]></PDataId><PItem><![CDATA[Result Count]]></PItem></Param></Params></Condition></Task><Task Id="447342" Type="12" FilterOperator="10" RecurrenceId="0" MapId="-1" SRCTaskId="-1" TRGTTaskId="-1" AssigneeTaskId="0" SortCount="1" UseMap="1" LockUser="0" AssignToFlag="1" EstEndInDays="0" EstEndInHrs="0" EstEndInMins="0" DateContext="0" ServiceContext="1"><TaskLabel /><EventName /><Description /><DeleteSection /><SumSection /><SumField /><FilterSection /><FilterField /><FilterValue /><ServiceAssociation /><TargetAssociation /><TransactionType><![CDATA[0]]></TransactionType><Status><![CDATA[0]]></Status><ParametersMapId><![CDATA[-1]]></ParametersMapId><FormulaRecalc><![CDATA[0]]></FormulaRecalc><Module /><BO /><AssignToUserMod /><AssignToUserBO /><AssignToUser /><TaskRefs /></Task><Task Id="447344" Type="28" FilterOperator="10" RecurrenceId="0" MapId="165411" SRCTaskId="-1" TRGTTaskId="-1" AssigneeTaskId="0" SortCount="1" UseMap="1" LockUser="0" AssignToFlag="1" EstEndInDays="0" EstEndInHrs="0" EstEndInMins="0" DateContext="0" ServiceContext="1"><TaskLabel><![CDATA[Update Building Equipment]]></TaskLabel><EventName><![CDATA[Append]]></EventName><Description /><DeleteSection /><SumSection /><SumField /><FilterSection /><FilterField /><FilterValue /><ServiceAssociation /><TargetAssociation /><TransactionType><![CDATA[0]]></TransactionType><Status><![CDATA[0]]></Status><ParametersMapId><![CDATA[-1]]></ParametersMapId><FormulaRecalc><![CDATA[2]]></FormulaRecalc><Module><![CDATA[triAsset]]></Module><BO><![CDATA[triBuildingEquipment]]></BO><AssignToUserMod /><AssignToUserBO /><AssignToUser /><TaskRefs><TaskRef RefType="0" UseType="1" TaskRefType="0" CtxType="-1" RefTaskId="447048"><RefSec /><RefField><![CDATA[null]]></RefField><RefAssoc /><RefModule><![CDATA[triAsset]]></RefModule><RefObject><![CDATA[triBuildingEquipment]]></RefObject><RefRecordMod /><RefRecordBO /><RefRecord /></TaskRef><TaskRef RefType="1" UseType="2" TaskRefType="0" CtxType="-1" RefTaskId="0"><RefSec /><RefField><![CDATA[null]]></RefField><RefAssoc /><RefModule><![CDATA[triAPIConnect]]></RefModule><RefObject><![CDATA[triAPICAsset]]></RefObject></TaskRef></TaskRefs><ObjMappings><ObjMapping Id="165411" Type="10"><FldVal><![CDATA[General::triControlNumberCN]]></FldVal><SrcFldVal /><TrgtModule><![CDATA[triAsset]]></TrgtModule><TrgtBo><![CDATA[triBuildingEquipment]]></TrgtBo><SrcModule><![CDATA[triAPIConnect]]></SrcModule><SrcBo><![CDATA[triAPICAsset]]></SrcBo><TrgtTab><![CDATA[General]]></TrgtTab><TrgtSec><![CDATA[RecordInformation]]></TrgtSec><TrgtFld><![CDATA[triControlNumberCN]]></TrgtFld><SrcTab><![CDATA[General]]></SrcTab><SrcSec><![CDATA[General]]></SrcSec><SrcFld><![CDATA[triControlNumberCN]]></SrcFld></ObjMapping><ObjMapping Id="165411" Type="10"><FldVal><![CDATA[General::triDescriptionTX]]></FldVal><SrcFldVal /><TrgtModule><![CDATA[triAsset]]></TrgtModule><TrgtBo><![CDATA[triBuildingEquipment]]></TrgtBo><SrcModule><![CDATA[triAPIConnect]]></SrcModule><SrcBo><![CDATA[triAPICAsset]]></SrcBo><TrgtTab><![CDATA[General]]></TrgtTab><TrgtSec><![CDATA[RecordInformation]]></TrgtSec><TrgtFld><![CDATA[triDescriptionTX]]></TrgtFld><SrcTab><![CDATA[General]]></SrcTab><SrcSec><![CDATA[General]]></SrcSec><SrcFld><![CDATA[triDescriptionTX]]></SrcFld></ObjMapping><ObjMapping Id="165411" Type="10"><FldVal><![CDATA[General::triDescriptionTX]]></FldVal><SrcFldVal /><TrgtModule><![CDATA[triAsset]]></TrgtModule><TrgtBo><![CDATA[triBuildingEquipment]]></TrgtBo><SrcModule><![CDATA[triAPIConnect]]></SrcModule><SrcBo><![CDATA[triAPICAsset]]></SrcBo><TrgtTab><![CDATA[General]]></TrgtTab><TrgtSec><![CDATA[triRPIMRealPropertyAsset]]></TrgtSec><TrgtFld><![CDATA[triDescriptionTX]]></TrgtFld><SrcTab><![CDATA[General]]></SrcTab><SrcSec><![CDATA[General]]></SrcSec><SrcFld><![CDATA[triDescriptionTX]]></SrcFld></ObjMapping><ObjMapping Id="165411" Type="10"><FldVal><![CDATA[General::triIdTX]]></FldVal><SrcFldVal /><TrgtModule><![CDATA[triAsset]]></TrgtModule><TrgtBo><![CDATA[triBuildingEquipment]]></TrgtBo><SrcModule><![CDATA[triAPIConnect]]></SrcModule><SrcBo><![CDATA[triAPICAsset]]></SrcBo><TrgtTab><![CDATA[General]]></TrgtTab><TrgtSec><![CDATA[triParentAsset]]></TrgtSec><TrgtFld><![CDATA[triIdTX]]></TrgtFld><SrcTab><![CDATA[General]]></SrcTab><SrcSec><![CDATA[General]]></SrcSec><SrcFld><![CDATA[triIdTX]]></SrcFld></ObjMapping><ObjMapping Id="165411" Type="10"><FldVal><![CDATA[General::triNameTX]]></FldVal><SrcFldVal /><TrgtModule><![CDATA[triAsset]]></TrgtModule><TrgtBo><![CDATA[triBuildingEquipment]]></TrgtBo><SrcModule><![CDATA[triAPIConnect]]></SrcModule><SrcBo><![CDATA[triAPICAsset]]></SrcBo><TrgtTab><![CDATA[General]]></TrgtTab><TrgtSec><![CDATA[triParentAsset]]></TrgtSec><TrgtFld><![CDATA[triNameTX]]></TrgtFld><SrcTab><![CDATA[General]]></SrcTab><SrcSec><![CDATA[General]]></SrcSec><SrcFld><![CDATA[triNameTX]]></SrcFld></ObjMapping><ObjMapping Id="165411" Type="10"><FldVal><![CDATA[General::triStatusCL]]></FldVal><SrcFldVal /><TrgtModule><![CDATA[triAsset]]></TrgtModule><TrgtBo><![CDATA[triBuildingEquipment]]></TrgtBo><SrcModule><![CDATA[triAPIConnect]]></SrcModule><SrcBo><![CDATA[triAPICAsset]]></SrcBo><TrgtTab><![CDATA[General]]></TrgtTab><TrgtSec><![CDATA[RecordInformation]]></TrgtSec><TrgtFld><![CDATA[triStatusCL]]></TrgtFld><SrcTab><![CDATA[General]]></SrcTab><SrcSec><![CDATA[General]]></SrcSec><SrcFld><![CDATA[triStatusCL]]></SrcFld></ObjMapping><ObjMapping Id="165411" Type="10"><FldVal><![CDATA[General::triUserMessageFlagTX]]></FldVal><SrcFldVal /><TrgtModule><![CDATA[triAsset]]></TrgtModule><TrgtBo><![CDATA[triBuildingEquipment]]></TrgtBo><SrcModule><![CDATA[triAPIConnect]]></SrcModule><SrcBo><![CDATA[triAPICAsset]]></SrcBo><TrgtTab><![CDATA[General]]></TrgtTab><TrgtSec><![CDATA[RecordInformation]]></TrgtSec><TrgtFld><![CDATA[triUserMessageFlagTX]]></TrgtFld><SrcTab><![CDATA[General]]></SrcTab><SrcSec><![CDATA[General]]></SrcSec><SrcFld><![CDATA[triUserMessageFlagTX]]></SrcFld></ObjMapping><ObjMapping Id="165411" Type="10"><FldVal><![CDATA[General::triUserMessageTX]]></FldVal><SrcFldVal /><TrgtModule><![CDATA[triAsset]]></TrgtModule><TrgtBo><![CDATA[triBuildingEquipment]]></TrgtBo><SrcModule><![CDATA[triAPIConnect]]></SrcModule><SrcBo><![CDATA[triAPICAsset]]></SrcBo><TrgtTab><![CDATA[General]]></TrgtTab><TrgtSec><![CDATA[RecordInformation]]></TrgtSec><TrgtFld><![CDATA[triUserMessageTX]]></TrgtFld><SrcTab><![CDATA[General]]></SrcTab><SrcSec><![CDATA[General]]></SrcSec><SrcFld><![CDATA[triUserMessageTX]]></SrcFld></ObjMapping><ObjMapping Id="165411" Type="10"><FldVal><![CDATA[General::triSerialNumTX]]></FldVal><SrcFldVal /><TrgtModule><![CDATA[triAsset]]></TrgtModule><TrgtBo><![CDATA[triBuildingEquipment]]></TrgtBo><SrcModule><![CDATA[triAPIConnect]]></SrcModule><SrcBo><![CDATA[triAPICAsset]]></SrcBo><TrgtTab><![CDATA[General]]></TrgtTab><TrgtSec><![CDATA[RecordInformation]]></TrgtSec><TrgtFld><![CDATA[triSerialNumTX]]></TrgtFld><SrcTab><![CDATA[General]]></SrcTab><SrcSec><![CDATA[General]]></SrcSec><SrcFld><![CDATA[triSerialNumTX]]></SrcFld></ObjMapping><ObjMapping Id="165411" Type="10"><FldVal><![CDATA[General::triBarCodeEntryTX]]></FldVal><SrcFldVal /><TrgtModule><![CDATA[triAsset]]></TrgtModule><TrgtBo><![CDATA[triBuildingEquipment]]></TrgtBo><SrcModule><![CDATA[triAPIConnect]]></SrcModule><SrcBo><![CDATA[triAPICAsset]]></SrcBo><TrgtTab><![CDATA[General]]></TrgtTab><TrgtSec><![CDATA[RecordInformation]]></TrgtSec><TrgtFld><![CDATA[triBarCodeEntryTX]]></TrgtFld><SrcTab><![CDATA[General]]></SrcTab><SrcSec><![CDATA[General]]></SrcSec><SrcFld><![CDATA[triBarCodeEntryTX]]></SrcFld></ObjMapping><ObjMapping Id="165411" Type="10"><FldVal><![CDATA[General::triConditionLI]]></FldVal><SrcFldVal /><TrgtModule><![CDATA[triAsset]]></TrgtModule><TrgtBo><![CDATA[triBuildingEquipment]]></TrgtBo><SrcModule><![CDATA[triAPIConnect]]></SrcModule><SrcBo><![CDATA[triAPICAsset]]></SrcBo><TrgtTab><![CDATA[General]]></TrgtTab><TrgtSec><![CDATA[RecordInformation]]></TrgtSec><TrgtFld><![CDATA[triConditionLI]]></TrgtFld><SrcTab><![CDATA[General]]></SrcTab><SrcSec><![CDATA[General]]></SrcSec><SrcFld><![CDATA[triConditionLI]]></SrcFld></ObjMapping><ObjMapping Id="165411" Type="10"><FldVal><![CDATA[General::SysReserveFlag]]></FldVal><SrcFldVal /><TrgtModule><![CDATA[triAsset]]></TrgtModule><TrgtBo><![CDATA[triBuildingEquipment]]></TrgtBo><SrcModule><![CDATA[triAPIConnect]]></SrcModule><SrcBo><![CDATA[triAPICAsset]]></SrcBo><TrgtTab><![CDATA[General]]></TrgtTab><TrgtSec><![CDATA[RecordInformation]]></TrgtSec><TrgtFld><![CDATA[SysReserveFlag]]></TrgtFld><SrcTab><![CDATA[General]]></SrcTab><SrcSec><![CDATA[General]]></SrcSec><SrcFld><![CDATA[SysReserveFlag]]></SrcFld></ObjMapping><ObjMapping Id="165411" Type="10"><FldVal><![CDATA[General::triMaintenancePriorityCL]]></FldVal><SrcFldVal /><TrgtModule><![CDATA[triAsset]]></TrgtModule><TrgtBo><![CDATA[triBuildingEquipment]]></TrgtBo><SrcModule><![CDATA[triAPIConnect]]></SrcModule><SrcBo><![CDATA[triAPICAsset]]></SrcBo><TrgtTab><![CDATA[General]]></TrgtTab><TrgtSec><![CDATA[RecordInformation]]></TrgtSec><TrgtFld><![CDATA[triMaintenancePriorityCL]]></TrgtFld><SrcTab><![CDATA[General]]></SrcTab><SrcSec><![CDATA[General]]></SrcSec><SrcFld><![CDATA[triMaintenancePriorityCL]]></SrcFld></ObjMapping><ObjMapping Id="165411" Type="10"><FldVal><![CDATA[General::triSpecNameTX]]></FldVal><SrcFldVal /><TrgtModule><![CDATA[triAsset]]></TrgtModule><TrgtBo><![CDATA[triBuildingEquipment]]></TrgtBo><SrcModule><![CDATA[triAPIConnect]]></SrcModule><SrcBo><![CDATA[triAPICAsset]]></SrcBo><TrgtTab><![CDATA[General]]></TrgtTab><TrgtSec><![CDATA[RecordInformation]]></TrgtSec><TrgtFld><![CDATA[triSpecNameTX]]></TrgtFld><SrcTab><![CDATA[General]]></SrcTab><SrcSec><![CDATA[General]]></SrcSec><SrcFld><![CDATA[triSpecNameTX]]></SrcFld></ObjMapping><ObjMapping Id="165411" Type="10"><FldVal><![CDATA[General::triActiveStartDA]]></FldVal><SrcFldVal /><TrgtModule><![CDATA[triAsset]]></TrgtModule><TrgtBo><![CDATA[triBuildingEquipment]]></TrgtBo><SrcModule><![CDATA[triAPIConnect]]></SrcModule><SrcBo><![CDATA[triAPICAsset]]></SrcBo><TrgtTab><![CDATA[General]]></TrgtTab><TrgtSec><![CDATA[RecordInformation]]></TrgtSec><TrgtFld><![CDATA[triActiveStartDA]]></TrgtFld><SrcTab><![CDATA[General]]></SrcTab><SrcSec><![CDATA[General]]></SrcSec><SrcFld><![CDATA[triActiveStartDA]]></SrcFld></ObjMapping></ObjMappings></Task><Task Id="447345" Type="41" FilterOperator="10" RecurrenceId="0" MapId="-1" SRCTaskId="447340" TRGTTaskId="447053" AssigneeTaskId="0" SortCount="1" UseMap="1" LockUser="0" AssignToFlag="1" EstEndInDays="0" EstEndInHrs="0" EstEndInMins="0" DateContext="0" ServiceContext="1"><TaskLabel><![CDATA[Variable Assignment]]></TaskLabel><EventName /><Description /><DeleteSection /><SumSection /><SumField /><FilterSection /><FilterField /><FilterValue /><ServiceAssociation /><TargetAssociation /><TransactionType><![CDATA[0]]></TransactionType><Status><![CDATA[0]]></Status><ParametersMapId><![CDATA[-1]]></ParametersMapId><FormulaRecalc><![CDATA[0]]></FormulaRecalc><Module><![CDATA[triAsset]]></Module><BO><![CDATA[triBuildingEquipment]]></BO><AssociatedBO><![CDATA[0]]></AssociatedBO><AssignToUserMod /><AssignToUserBO /><AssignToUser /><TaskRefs /></Task><Task Id="447346" Type="41" FilterOperator="10" RecurrenceId="0" MapId="-1" SRCTaskId="447344" TRGTTaskId="447053" AssigneeTaskId="0" SortCount="1" UseMap="1" LockUser="0" AssignToFlag="1" EstEndInDays="0" EstEndInHrs="0" EstEndInMins="0" DateContext="0" ServiceContext="1"><TaskLabel><![CDATA[Variable Assignment]]></TaskLabel><EventName /><Description /><DeleteSection /><SumSection /><SumField /><FilterSection /><FilterField /><FilterValue /><ServiceAssociation /><TargetAssociation /><TransactionType><![CDATA[0]]></TransactionType><Status><![CDATA[0]]></Status><ParametersMapId><![CDATA[-1]]></ParametersMapId><FormulaRecalc><![CDATA[0]]></FormulaRecalc><Module><![CDATA[triAsset]]></Module><BO><![CDATA[triBuildingEquipment]]></BO><AssociatedBO><![CDATA[0]]></AssociatedBO><AssignToUserMod /><AssignToUserBO /><AssignToUser /><TaskRefs /></Task><Task Id="447437" Type="22" FilterOperator="10" RecurrenceId="0" MapId="-1" SRCTaskId="-1" TRGTTaskId="-1" AssigneeTaskId="0" SortCount="1" UseMap="1" LockUser="0" AssignToFlag="1" EstEndInDays="0" EstEndInHrs="0" EstEndInMins="0" DateContext="0" ServiceContext="1"><TaskLabel><![CDATA[Query for Org Path]]></TaskLabel><EventName /><Description /><DeleteSection /><SumSection /><SumField /><FilterSection /><FilterField /><FilterValue /><ServiceAssociation /><TargetAssociation /><TransactionType><![CDATA[0]]></TransactionType><Status><![CDATA[0]]></Status><ParametersMapId><![CDATA[-1]]></ParametersMapId><FormulaRecalc><![CDATA[0]]></FormulaRecalc><Module><![CDATA[Organization]]></Module><BO><![CDATA[Organization]]></BO><FilterBo><![CDATA[Organization - Workflow - All Organization]]></FilterBo><FilterBoBO><![CDATA[Organization]]></FilterBoBO><FilterModule><![CDATA[Organization]]></FilterModule><AssignToUserMod /><AssignToUserBO /><AssignToUser /><TaskRefs><TaskRef RefType="0" UseType="1" TaskRefType="0" CtxType="-1" RefTaskId="0"><RefSec /><RefField><![CDATA[null]]></RefField><RefAssoc /><RefModule><![CDATA[triAPIConnect]]></RefModule><RefObject><![CDATA[triAPICAsset]]></RefObject><RefRecordMod /><RefRecordBO /><RefRecord /></TaskRef><TaskRef RefType="1" UseType="2" TaskRefType="0" CtxType="-1" RefTaskId="0"><RefSec /><RefField><![CDATA[null]]></RefField><RefAssoc /><RefModule><![CDATA[triAPIConnect]]></RefModule><RefObject><![CDATA[triAPICAsset]]></RefObject></TaskRef></TaskRefs><TaskFilters><TaskFilter SeqId="1" LDataType="320" RDataType="320" LListFlg="0" RListFlg="0" RListType="1" CnstFlg="0" Operator="10" AssociatedToName="" AssociatedToTaskId="0" AssociatedToWithChildren="0"><LSecName><![CDATA[General]]></LSecName><LFldName><![CDATA[triPathTX]]></LFldName><RSecName><![CDATA[General]]></RSecName><RFldName><![CDATA[triPrimaryOrgPathTX]]></RFldName><RValue /></TaskFilter></TaskFilters></Task><Task Id="447438" Type="28" FilterOperator="10" RecurrenceId="0" MapId="165510" SRCTaskId="-1" TRGTTaskId="-1" AssigneeTaskId="0" SortCount="1" UseMap="1" LockUser="0" AssignToFlag="1" EstEndInDays="0" EstEndInHrs="0" EstEndInMins="0" DateContext="0" ServiceContext="1"><TaskLabel><![CDATA[Map Primary Org]]></TaskLabel><EventName><![CDATA[Append]]></EventName><Description /><DeleteSection /><SumSection /><SumField /><FilterSection /><FilterField /><FilterValue /><ServiceAssociation /><TargetAssociation /><TransactionType><![CDATA[0]]></TransactionType><Status><![CDATA[0]]></Status><ParametersMapId><![CDATA[-1]]></ParametersMapId><FormulaRecalc><![CDATA[2]]></FormulaRecalc><Module><![CDATA[triAsset]]></Module><BO><![CDATA[triBuildingEquipment]]></BO><AssignToUserMod /><AssignToUserBO /><AssignToUser /><TaskRefs><TaskRef RefType="0" UseType="1" TaskRefType="0" CtxType="-1" RefTaskId="447053"><RefSec /><RefField><![CDATA[null]]></RefField><RefAssoc /><RefModule><![CDATA[triAsset]]></RefModule><RefObject><![CDATA[triBuildingEquipment]]></RefObject><RefRecordMod /><RefRecordBO /><RefRecord /></TaskRef><TaskRef RefType="1" UseType="2" TaskRefType="0" CtxType="-1" RefTaskId="447437"><RefSec /><RefField><![CDATA[null]]></RefField><RefAssoc /><RefModule><![CDATA[Organization]]></RefModule><RefObject><![CDATA[Organization]]></RefObject></TaskRef></TaskRefs><ObjMappings><ObjMapping Id="165510" Type="70"><FldVal><![CDATA[Source]]></FldVal><SrcFldVal /><TrgtModule><![CDATA[triAsset]]></TrgtModule><TrgtBo><![CDATA[triBuildingEquipment]]></TrgtBo><SrcModule><![CDATA[Organization]]></SrcModule><SrcBo><![CDATA[Organization]]></SrcBo><TrgtTab><![CDATA[General]]></TrgtTab><TrgtSec><![CDATA[RecordInformation]]></TrgtSec><TrgtFld><![CDATA[triPrimaryOrganizationTX]]></TrgtFld><SrcTab /><SrcSec /><SrcFld /></ObjMapping></ObjMappings></Task><Task Id="447439" Type="22" FilterOperator="10" RecurrenceId="0" MapId="-1" SRCTaskId="-1" TRGTTaskId="-1" AssigneeTaskId="0" SortCount="1" UseMap="1" LockUser="0" AssignToFlag="1" EstEndInDays="0" EstEndInHrs="0" EstEndInMins="0" DateContext="0" ServiceContext="1"><TaskLabel><![CDATA[Query for Location Path]]></TaskLabel><EventName /><Description /><DeleteSection /><SumSection /><SumField /><FilterSection /><FilterField /><FilterValue /><ServiceAssociation /><TargetAssociation /><TransactionType><![CDATA[0]]></TransactionType><Status><![CDATA[0]]></Status><ParametersMapId><![CDATA[-1]]></ParametersMapId><FormulaRecalc><![CDATA[0]]></FormulaRecalc><Module><![CDATA[Location]]></Module><BO /><FilterBo><![CDATA[Location - Workflow - All Locations For Patch Helper]]></FilterBo><FilterBoBO /><FilterModule><![CDATA[Location]]></FilterModule><AssignToUserMod /><AssignToUserBO /><AssignToUser /><TaskRefs><TaskRef RefType="0" UseType="1" TaskRefType="0" CtxType="-1" RefTaskId="0"><RefSec /><RefField><![CDATA[null]]></RefField><RefAssoc /><RefModule><![CDATA[triAPIConnect]]></RefModule><RefObject><![CDATA[triAPICAsset]]></RefObject><RefRecordMod /><RefRecordBO /><RefRecord /></TaskRef><TaskRef RefType="1" UseType="2" TaskRefType="0" CtxType="-1" RefTaskId="0"><RefSec /><RefField><![CDATA[null]]></RefField><RefAssoc /><RefModule><![CDATA[triAPIConnect]]></RefModule><RefObject><![CDATA[triAPICAsset]]></RefObject></TaskRef></TaskRefs><TaskFilters><TaskFilter SeqId="1" LDataType="320" RDataType="320" LListFlg="0" RListFlg="0" RListType="1" CnstFlg="0" Operator="10" AssociatedToName="" AssociatedToTaskId="0" AssociatedToWithChildren="0"><LSecName><![CDATA[RecordInformation]]></LSecName><LFldName><![CDATA[triPathTX]]></LFldName><RSecName><![CDATA[General]]></RSecName><RFldName><![CDATA[triPrimaryLocPathTX]]></RFldName><RValue /></TaskFilter></TaskFilters></Task><Task Id="447440" Type="28" FilterOperator="10" RecurrenceId="0" MapId="165511" SRCTaskId="-1" TRGTTaskId="-1" AssigneeTaskId="0" SortCount="1" UseMap="1" LockUser="0" AssignToFlag="1" EstEndInDays="0" EstEndInHrs="0" EstEndInMins="0" DateContext="0" ServiceContext="1"><TaskLabel><![CDATA[Map Primary Location]]></TaskLabel><EventName><![CDATA[Append]]></EventName><Description /><DeleteSection /><SumSection /><SumField /><FilterSection /><FilterField /><FilterValue /><ServiceAssociation /><TargetAssociation /><TransactionType><![CDATA[0]]></TransactionType><Status><![CDATA[0]]></Status><ParametersMapId><![CDATA[-1]]></ParametersMapId><FormulaRecalc><![CDATA[2]]></FormulaRecalc><Module><![CDATA[triAsset]]></Module><BO><![CDATA[triBuildingEquipment]]></BO><AssignToUserMod /><AssignToUserBO /><AssignToUser /><TaskRefs><TaskRef RefType="0" UseType="1" TaskRefType="0" CtxType="-1" RefTaskId="447053"><RefSec /><RefField><![CDATA[null]]></RefField><RefAssoc /><RefModule><![CDATA[triAsset]]></RefModule><RefObject><![CDATA[triBuildingEquipment]]></RefObject><RefRecordMod /><RefRecordBO /><RefRecord /></TaskRef><TaskRef RefType="1" UseType="2" TaskRefType="0" CtxType="-1" RefTaskId="447439"><RefSec /><RefField><![CDATA[null]]></RefField><RefAssoc /><RefModule><![CDATA[Location]]></RefModule><RefObject /></TaskRef></TaskRefs><ObjMappings><ObjMapping Id="165511" Type="70"><FldVal><![CDATA[Source]]></FldVal><SrcFldVal /><TrgtModule><![CDATA[triAsset]]></TrgtModule><TrgtBo><![CDATA[triBuildingEquipment]]></TrgtBo><SrcModule><![CDATA[Location]]></SrcModule><SrcBo><![CDATA[Location]]></SrcBo><TrgtTab><![CDATA[General]]></TrgtTab><TrgtSec><![CDATA[RecordInformation]]></TrgtSec><TrgtFld><![CDATA[triPrimaryLocationTX]]></TrgtFld><SrcTab /><SrcSec /><SrcFld /></ObjMapping></ObjMappings></Task><Task Id="447441" Type="22" FilterOperator="10" RecurrenceId="0" MapId="-1" SRCTaskId="-1" TRGTTaskId="-1" AssigneeTaskId="0" SortCount="1" UseMap="1" LockUser="0" AssignToFlag="1" EstEndInDays="0" EstEndInHrs="0" EstEndInMins="0" DateContext="0" ServiceContext="1"><TaskLabel><![CDATA[Query for Spec Name]]></TaskLabel><EventName /><Description /><DeleteSection /><SumSection /><SumField /><FilterSection /><FilterField /><FilterValue /><ServiceAssociation /><TargetAssociation /><TransactionType><![CDATA[0]]></TransactionType><Status><![CDATA[0]]></Status><ParametersMapId><![CDATA[-1]]></ParametersMapId><FormulaRecalc><![CDATA[0]]></FormulaRecalc><Module><![CDATA[triSpecification]]></Module><BO><![CDATA[triBuildingEquipmentSpec]]></BO><FilterBo><![CDATA[triBuildingEquipmentSpec - triSpecification - Manager Query]]></FilterBo><FilterBoBO><![CDATA[triBuildingEquipmentSpec]]></FilterBoBO><FilterModule><![CDATA[triSpecification]]></FilterModule><AssignToUserMod /><AssignToUserBO /><AssignToUser /><TaskRefs><TaskRef RefType="0" UseType="1" TaskRefType="0" CtxType="-1" RefTaskId="0"><RefSec /><RefField><![CDATA[null]]></RefField><RefAssoc /><RefModule><![CDATA[triAPIConnect]]></RefModule><RefObject><![CDATA[triAPICAsset]]></RefObject><RefRecordMod /><RefRecordBO /><RefRecord /></TaskRef><TaskRef RefType="1" UseType="2" TaskRefType="0" CtxType="-1" RefTaskId="0"><RefSec /><RefField><![CDATA[null]]></RefField><RefAssoc /><RefModule><![CDATA[triAPIConnect]]></RefModule><RefObject><![CDATA[triAPICAsset]]></RefObject></TaskRef></TaskRefs><TaskFilters><TaskFilter SeqId="1" LDataType="320" RDataType="320" LListFlg="0" RListFlg="0" RListType="1" CnstFlg="0" Operator="10" AssociatedToName="" AssociatedToTaskId="0" AssociatedToWithChildren="0"><LSecName><![CDATA[RecordInformation]]></LSecName><LFldName><![CDATA[triNameTX]]></LFldName><RSecName><![CDATA[General]]></RSecName><RFldName><![CDATA[triSpecNameTX]]></RFldName><RValue /></TaskFilter></TaskFilters></Task><Task Id="447442" Type="28" FilterOperator="10" RecurrenceId="0" MapId="165512" SRCTaskId="-1" TRGTTaskId="-1" AssigneeTaskId="0" SortCount="1" UseMap="1" LockUser="0" AssignToFlag="1" EstEndInDays="0" EstEndInHrs="0" EstEndInMins="0" DateContext="0" ServiceContext="1"><TaskLabel><![CDATA[Map Spec Name]]></TaskLabel><EventName><![CDATA[Append]]></EventName><Description /><DeleteSection /><SumSection /><SumField /><FilterSection /><FilterField /><FilterValue /><ServiceAssociation /><TargetAssociation /><TransactionType><![CDATA[0]]></TransactionType><Status><![CDATA[0]]></Status><ParametersMapId><![CDATA[-1]]></ParametersMapId><FormulaRecalc><![CDATA[2]]></FormulaRecalc><Module><![CDATA[triAsset]]></Module><BO><![CDATA[triBuildingEquipment]]></BO><AssignToUserMod /><AssignToUserBO /><AssignToUser /><TaskRefs><TaskRef RefType="0" UseType="1" TaskRefType="0" CtxType="-1" RefTaskId="447053"><RefSec /><RefField><![CDATA[null]]></RefField><RefAssoc /><RefModule><![CDATA[triAsset]]></RefModule><RefObject><![CDATA[triBuildingEquipment]]></RefObject><RefRecordMod /><RefRecordBO /><RefRecord /></TaskRef><TaskRef RefType="1" UseType="2" TaskRefType="0" CtxType="-1" RefTaskId="447441"><RefSec /><RefField><![CDATA[null]]></RefField><RefAssoc /><RefModule><![CDATA[triSpecification]]></RefModule><RefObject><![CDATA[triBuildingEquipmentSpec]]></RefObject></TaskRef></TaskRefs><ObjMappings><ObjMapping Id="165512" Type="70"><FldVal><![CDATA[Source]]></FldVal><SrcFldVal /><TrgtModule><![CDATA[triAsset]]></TrgtModule><TrgtBo><![CDATA[triBuildingEquipment]]></TrgtBo><SrcModule><![CDATA[triSpecification]]></SrcModule><SrcBo><![CDATA[triBuildingEquipmentSpec]]></SrcBo><TrgtTab><![CDATA[General]]></TrgtTab><TrgtSec><![CDATA[RecordInformation]]></TrgtSec><TrgtFld><![CDATA[triSpecNameTX]]></TrgtFld><SrcTab /><SrcSec /><SrcFld /></ObjMapping></ObjMappings></Task><Task Id="447443" Type="31" FilterOperator="10" RecurrenceId="0" MapId="-1" SRCTaskId="-1" TRGTTaskId="-1" AssigneeTaskId="0" SortCount="1" UseMap="1" LockUser="1" AssignToFlag="1" EstEndInDays="0" EstEndInHrs="0" EstEndInMins="0" DateContext="0" ServiceContext="1"><TaskLabel><![CDATA[Trigger Activate]]></TaskLabel><EventName><![CDATA[triActivate]]></EventName><Description /><DeleteSection /><SumSection /><SumField /><FilterSection /><FilterField /><FilterValue /><ServiceAssociation /><TargetAssociation /><TransactionType><![CDATA[0]]></TransactionType><Status><![CDATA[0]]></Status><ParametersMapId><![CDATA[-1]]></ParametersMapId><FormulaRecalc><![CDATA[2]]></FormulaRecalc><Module><![CDATA[triAsset]]></Module><BO><![CDATA[triBuildingEquipment]]></BO><AssignToUserMod /><AssignToUserBO /><AssignToUser /><TaskRefs><TaskRef RefType="0" UseType="1" TaskRefType="0" CtxType="-1" RefTaskId="447053"><RefSec /><RefField><![CDATA[null]]></RefField><RefAssoc /><RefModule><![CDATA[triAsset]]></RefModule><RefObject><![CDATA[triBuildingEquipment]]></RefObject><RefRecordMod /><RefRecordBO /><RefRecord /></TaskRef><TaskRef RefType="1" UseType="2" TaskRefType="0" CtxType="-1" RefTaskId="0"><RefSec /><RefField /><RefAssoc /><RefModule><![CDATA[triAPIConnect]]></RefModule><RefObject><![CDATA[triAPICAsset]]></RefObject></TaskRef></TaskRefs></Task><Task Id="447444" Type="14" FilterOperator="10" RecurrenceId="0" MapId="443404" SRCTaskId="-1" TRGTTaskId="447445" AssigneeTaskId="0" SortCount="1" UseMap="1" LockUser="0" AssignToFlag="1" EstEndInDays="0" EstEndInHrs="0" EstEndInMins="0" DateContext="0" ServiceContext="1"><TaskLabel /><EventName><![CDATA[0=true;1=false;]]></EventName><Description /><DeleteSection /><SumSection /><SumField /><FilterSection /><FilterField /><FilterValue /><ServiceAssociation /><TargetAssociation><![CDATA[447443;447445;]]></TargetAssociation><TransactionType><![CDATA[0]]></TransactionType><Status><![CDATA[0]]></Status><ParametersMapId><![CDATA[-1]]></ParametersMapId><FormulaRecalc><![CDATA[0]]></FormulaRecalc><Module /><BO /><AssignToUserMod /><AssignToUserBO /><AssignToUser /><TaskRefs /><Condition><Expression><![CDATA[p0 == "Draft"  ]]></Expression><Params><Param PId="0"><PType><![CDATA[field]]></PType><PDataId><![CDATA[447053]]></PDataId><PField><![CDATA[triStatusCL]]></PField><PSection><![CDATA[RecordInformation]]></PSection><PModule><![CDATA[triAsset]]></PModule><PBO><![CDATA[triBuildingEquipment]]></PBO></Param></Params></Condition></Task><Task Id="447445" Type="12" FilterOperator="10" RecurrenceId="0" MapId="-1" SRCTaskId="-1" TRGTTaskId="-1" AssigneeTaskId="0" SortCount="1" UseMap="1" LockUser="0" AssignToFlag="1" EstEndInDays="0" EstEndInHrs="0" EstEndInMins="0" DateContext="0" ServiceContext="1"><TaskLabel /><EventName /><Description /><DeleteSection /><SumSection /><SumField /><FilterSection /><FilterField /><FilterValue /><ServiceAssociation /><TargetAssociation /><TransactionType><![CDATA[0]]></TransactionType><Status><![CDATA[0]]></Status><ParametersMapId><![CDATA[-1]]></ParametersMapId><FormulaRecalc><![CDATA[0]]></FormulaRecalc><Module /><BO /><AssignToUserMod /><AssignToUserBO /><AssignToUser /><TaskRefs /></Task><Task Id="447447" Type="38" FilterOperator="10" RecurrenceId="0" MapId="-1" SRCTaskId="-1" TRGTTaskId="-1" AssigneeTaskId="0" SortCount="1" UseMap="1" LockUser="0" AssignToFlag="1" EstEndInDays="0" EstEndInHrs="0" EstEndInMins="0" DateContext="0" ServiceContext="1"><TaskLabel><![CDATA[Call OnChange Spec Name]]></TaskLabel><EventName /><Description /><DeleteSection /><SumSection /><SumField /><FilterSection /><FilterField /><FilterValue /><ServiceAssociation /><TargetAssociation /><TransactionType><![CDATA[0]]></TransactionType><Status><![CDATA[0]]></Status><ParametersMapId><![CDATA[-1]]></ParametersMapId><FormulaRecalc><![CDATA[0]]></FormulaRecalc><Module><![CDATA[triAsset]]></Module><BO><![CDATA[triBuildingEquipment]]></BO><FilterBo><![CDATA[triAsset - Synchronous - OnChange - Specification Name]]></FilterBo><FilterBoBO /><FilterModule><![CDATA[triAsset]]></FilterModule><AssignToUserMod /><AssignToUserBO /><AssignToUser /><TaskRefs><TaskRef RefType="0" UseType="1" TaskRefType="0" CtxType="-1" RefTaskId="447340"><RefSec /><RefField><![CDATA[null]]></RefField><RefAssoc /><RefModule><![CDATA[triAsset]]></RefModule><RefObject><![CDATA[triBuildingEquipment]]></RefObject><RefRecordMod /><RefRecordBO /><RefRecord /></TaskRef><TaskRef RefType="-1" UseType="2" TaskRefType="-1" CtxType="-1" RefTaskId="-1"><RefSec /><RefField /><RefAssoc /><RefModule /><RefObject /></TaskRef></TaskRefs></Task><Task Id="447448" Type="14" FilterOperator="10" RecurrenceId="0" MapId="443405" SRCTaskId="-1" TRGTTaskId="447449" AssigneeTaskId="0" SortCount="1" UseMap="1" LockUser="0" AssignToFlag="1" EstEndInDays="0" EstEndInHrs="0" EstEndInMins="0" DateContext="0" ServiceContext="1"><TaskLabel /><EventName><![CDATA[0=true;1=false;]]></EventName><Description /><DeleteSection /><SumSection /><SumField /><FilterSection /><FilterField /><FilterValue /><ServiceAssociation /><TargetAssociation><![CDATA[447451;447449;]]></TargetAssociation><TransactionType><![CDATA[0]]></TransactionType><Status><![CDATA[0]]></Status><ParametersMapId><![CDATA[-1]]></ParametersMapId><FormulaRecalc><![CDATA[0]]></FormulaRecalc><Module /><BO /><AssignToUserMod /><AssignToUserBO /><AssignToUser /><TaskRefs /><Condition><Expression><![CDATA[p0 == "Retire"  ]]></Expression><Params><Param PId="0"><PType><![CDATA[field]]></PType><PDataId><![CDATA[0]]></PDataId><PField><![CDATA[triOperationTX]]></PField><PSection><![CDATA[General]]></PSection><PModule><![CDATA[triAPIConnect]]></PModule><PBO><![CDATA[triAPICAsset]]></PBO></Param></Params></Condition></Task><Task Id="447449" Type="12" FilterOperator="10" RecurrenceId="0" MapId="-1" SRCTaskId="-1" TRGTTaskId="-1" AssigneeTaskId="0" SortCount="1" UseMap="1" LockUser="0" AssignToFlag="1" EstEndInDays="0" EstEndInHrs="0" EstEndInMins="0" DateContext="0" ServiceContext="1"><TaskLabel /><EventName /><Description /><DeleteSection /><SumSection /><SumField /><FilterSection /><FilterField /><FilterValue /><ServiceAssociation /><TargetAssociation /><TransactionType><![CDATA[0]]></TransactionType><Status><![CDATA[0]]></Status><ParametersMapId><![CDATA[-1]]></ParametersMapId><FormulaRecalc><![CDATA[0]]></FormulaRecalc><Module /><BO /><AssignToUserMod /><AssignToUserBO /><AssignToUser /><TaskRefs /></Task><Task Id="447451" Type="31" FilterOperator="10" RecurrenceId="0" MapId="-1" SRCTaskId="-1" TRGTTaskId="-1" AssigneeTaskId="0" SortCount="1" UseMap="1" LockUser="1" AssignToFlag="1" EstEndInDays="0" EstEndInHrs="0" EstEndInMins="0" DateContext="0" ServiceContext="1"><TaskLabel><![CDATA[Trigger Retire]]></TaskLabel><EventName><![CDATA[triRetire]]></EventName><Description /><DeleteSection /><SumSection /><SumField /><FilterSection /><FilterField /><FilterValue /><ServiceAssociation /><TargetAssociation /><TransactionType><![CDATA[0]]></TransactionType><Status><![CDATA[0]]></Status><ParametersMapId><![CDATA[-1]]></ParametersMapId><FormulaRecalc><![CDATA[2]]></FormulaRecalc><Module><![CDATA[triAsset]]></Module><BO><![CDATA[triBuildingEquipment]]></BO><AssignToUserMod /><AssignToUserBO /><AssignToUser /><TaskRefs><TaskRef RefType="0" UseType="1" TaskRefType="0" CtxType="-1" RefTaskId="447048"><RefSec /><RefField><![CDATA[null]]></RefField><RefAssoc /><RefModule><![CDATA[triAsset]]></RefModule><RefObject><![CDATA[triBuildingEquipment]]></RefObject><RefRecordMod /><RefRecordBO /><RefRecord /></TaskRef><TaskRef RefType="1" UseType="2" TaskRefType="0" CtxType="-1" RefTaskId="0"><RefSec /><RefField /><RefAssoc /><RefModule><![CDATA[triAPIConnect]]></RefModule><RefObject><![CDATA[triAPICAsset]]></RefObject></TaskRef></TaskRefs></Task><Task Id="447452" Type="41" FilterOperator="10" RecurrenceId="0" MapId="-1" SRCTaskId="447451" TRGTTaskId="447053" AssigneeTaskId="0" SortCount="1" UseMap="1" LockUser="0" AssignToFlag="1" EstEndInDays="0" EstEndInHrs="0" EstEndInMins="0" DateContext="0" ServiceContext="1"><TaskLabel><![CDATA[Variable Assignment]]></TaskLabel><EventName /><Description /><DeleteSection /><SumSection /><SumField /><FilterSection /><FilterField /><FilterValue /><ServiceAssociation /><TargetAssociation /><TransactionType><![CDATA[0]]></TransactionType><Status><![CDATA[0]]></Status><ParametersMapId><![CDATA[-1]]></ParametersMapId><FormulaRecalc><![CDATA[0]]></FormulaRecalc><Module><![CDATA[triAsset]]></Module><BO><![CDATA[triBuildingEquipment]]></BO><AssociatedBO><![CDATA[0]]></AssociatedBO><AssignToUserMod /><AssignToUserBO /><AssignToUser /><TaskRefs /></Task></Tasks><WFSteps><WFStep Id="0" Type="1" ParId="-1" /><WFStep Id="447037" Type="9" ParId="447046" /><WFStep Id="447038" Type="28" ParId="0" /><WFStep Id="447045" Type="28" ParId="447338" /><WFStep Id="447046" Type="31" ParId="447045" /><WFStep Id="447048" Type="22" ParId="447038" /><WFStep Id="447053" Type="40" ParId="447048" /><WFStep Id="447337" Type="14" ParId="447053" /><WFStep Id="447338" Type="12" ParId="447445" /><WFStep Id="447338" Type="12" ParId="447449" /><WFStep Id="447340" Type="27" ParId="447341" /><WFStep Id="447341" Type="14" ParId="447337" /><WFStep Id="447342" Type="12" ParId="447345" /><WFStep Id="447342" Type="12" ParId="447346" /><WFStep Id="447344" Type="28" ParId="447341" /><WFStep Id="447345" Type="41" ParId="447340" /><WFStep Id="447346" Type="41" ParId="447344" /><WFStep Id="447437" Type="22" ParId="447342" /><WFStep Id="447438" Type="28" ParId="447437" /><WFStep Id="447439" Type="22" ParId="447438" /><WFStep Id="447440" Type="28" ParId="447439" /><WFStep Id="447441" Type="22" ParId="447440" /><WFStep Id="447442" Type="28" ParId="447441" /><WFStep Id="447443" Type="31" ParId="447444" /><WFStep Id="447444" Type="14" ParId="447447" /><WFStep Id="447445" Type="12" ParId="447443" /><WFStep Id="447445" Type="12" ParId="447444" /><WFStep Id="447447" Type="38" ParId="447442" /><WFStep Id="447448" Type="14" ParId="447337" /><WFStep Id="447449" Type="12" ParId="447448" /><WFStep Id="447449" Type="12" ParId="447452" /><WFStep Id="447451" Type="31" ParId="447448" /><WFStep Id="447452" Type="41" ParId="447451" /></WFSteps></Workflow>
