<?xml version="1.0" encoding="UTF-8"?>
<!-- IBM Confidential OCO Source Materials --><!-- (C) COPYRIGHT IBM CORP. 2011-2023 --><!-- The source code for this program is not published or otherwise divested of its trade secrets, irrespective of what has been deposited with the U.S. Copyright Office. --><Query><Header Scope="0" TagIdentifier="null" Type="1" RandomCnt="0" FixedColCnt="0" ResultSize="0" ColorBy="0" ShowInWebGraphics="1" SumAllForColorBy="0" DScope="2" Editable="0" GraphType="1" DisplayLegend="1" EnableProjectSwitch="0" ChildColumnDisplay="0" SystemFlag="1" TrackHistory="0"><ObjectLabelName><![CDATA[In Progress 0.0]]></ObjectLabelName><Name><![CDATA[APICDocument - Mobile - Resource - All Documents]]></Name><Module><![CDATA[Document]]></Module><BO><![CDATA[Document]]></BO><Number><![CDATA[SYSTEM]]></Number><Description><![CDATA[]]></Description><HeaderStr><![CDATA[Documents]]></HeaderStr><PromptBeforeQuery><![CDATA[0]]></PromptBeforeQuery><Queued><![CDATA[0]]></Queued><XTitle><![CDATA[]]></XTitle><YTitle><![CDATA[]]></YTitle><RecState><![CDATA[]]></RecState><TabularOutput><![CDATA[0]]></TabularOutput><AssociatedField><![CDATA[]]></AssociatedField><UpdatedBy><![CDATA[System, System]]></UpdatedBy><ScorecardTargetOption><![CDATA[0]]></ScorecardTargetOption></Header><Bos><BO><Name><![CDATA[Document]]></Name><Module><![CDATA[Document]]></Module><DSID><![CDATA[0]]></DSID></BO></Bos><GUIs><GUI><Name><![CDATA[Document]]></Name><Module><![CDATA[Document]]></Module></GUI></GUIs><Columns><Column Type="1" DType="320" FiltType="0" Seq="0" ConditionalFilter="0" FilterLocalizedData="0"><SecName><![CDATA[General Info]]></SecName><SecondarySecName><![CDATA[]]></SecondarySecName><FldLabel><![CDATA[Description]]></FldLabel><FldName><![CDATA[Description]]></FldName><FiltVAl><![CDATA[]]></FiltVAl><NumOpenParens><![CDATA[0]]></NumOpenParens><NumCloseParens><![CDATA[0]]></NumCloseParens><BooleanOperatorType><![CDATA[0]]></BooleanOperatorType><groupDatesBy><![CDATA[0]]></groupDatesBy><sourceTabularRepName><![CDATA[]]></sourceTabularRepName><LegendColumn><![CDATA[0]]></LegendColumn><defaultFlag><![CDATA[0]]></defaultFlag><DSID><![CDATA[0]]></DSID></Column><Column Type="1" DType="320" FiltType="0" Seq="1" ConditionalFilter="0" FilterLocalizedData="0"><SecName><![CDATA[RecordInformation]]></SecName><SecondarySecName><![CDATA[]]></SecondarySecName><FldLabel><![CDATA[Anywhere Ref Id]]></FldLabel><FldName><![CDATA[triAnywhereRefIdTX]]></FldName><FiltVAl><![CDATA[]]></FiltVAl><NumOpenParens><![CDATA[0]]></NumOpenParens><NumCloseParens><![CDATA[0]]></NumCloseParens><BooleanOperatorType><![CDATA[0]]></BooleanOperatorType><groupDatesBy><![CDATA[0]]></groupDatesBy><sourceTabularRepName><![CDATA[]]></sourceTabularRepName><LegendColumn><![CDATA[0]]></LegendColumn><defaultFlag><![CDATA[0]]></defaultFlag><DSID><![CDATA[0]]></DSID></Column><Column Type="1" DType="320" FiltType="0" Seq="2" ConditionalFilter="0" FilterLocalizedData="0"><SecName><![CDATA[General Info]]></SecName><SecondarySecName><![CDATA[]]></SecondarySecName><FldLabel><![CDATA[File Path]]></FldLabel><FldName><![CDATA[DM_PATH]]></FldName><FiltVAl><![CDATA[]]></FiltVAl><NumOpenParens><![CDATA[0]]></NumOpenParens><NumCloseParens><![CDATA[0]]></NumCloseParens><BooleanOperatorType><![CDATA[0]]></BooleanOperatorType><groupDatesBy><![CDATA[0]]></groupDatesBy><sourceTabularRepName><![CDATA[]]></sourceTabularRepName><LegendColumn><![CDATA[0]]></LegendColumn><defaultFlag><![CDATA[0]]></defaultFlag><DSID><![CDATA[0]]></DSID></Column><Column Type="1" DType="320" FiltType="0" Seq="3" ConditionalFilter="0" FilterLocalizedData="0"><SecName><![CDATA[General Info]]></SecName><SecondarySecName><![CDATA[]]></SecondarySecName><FldLabel><![CDATA[File Size]]></FldLabel><FldName><![CDATA[DM_FILE_SIZE]]></FldName><FiltVAl><![CDATA[]]></FiltVAl><NumOpenParens><![CDATA[0]]></NumOpenParens><NumCloseParens><![CDATA[0]]></NumCloseParens><BooleanOperatorType><![CDATA[0]]></BooleanOperatorType><groupDatesBy><![CDATA[0]]></groupDatesBy><sourceTabularRepName><![CDATA[]]></sourceTabularRepName><LegendColumn><![CDATA[0]]></LegendColumn><defaultFlag><![CDATA[0]]></defaultFlag><DSID><![CDATA[0]]></DSID></Column><Column Type="1" DType="320" FiltType="0" Seq="4" ConditionalFilter="0" FilterLocalizedData="0"><SecName><![CDATA[General Info]]></SecName><SecondarySecName><![CDATA[]]></SecondarySecName><FldLabel><![CDATA[File Type]]></FldLabel><FldName><![CDATA[DM_FILE_TYPE]]></FldName><FiltVAl><![CDATA[]]></FiltVAl><NumOpenParens><![CDATA[0]]></NumOpenParens><NumCloseParens><![CDATA[0]]></NumCloseParens><BooleanOperatorType><![CDATA[0]]></BooleanOperatorType><groupDatesBy><![CDATA[0]]></groupDatesBy><sourceTabularRepName><![CDATA[]]></sourceTabularRepName><LegendColumn><![CDATA[0]]></LegendColumn><defaultFlag><![CDATA[0]]></defaultFlag><DSID><![CDATA[0]]></DSID></Column><Column Type="1" DType="330" FiltType="0" Seq="5" ConditionalFilter="0" FilterLocalizedData="0"><SecName><![CDATA[General Info]]></SecName><SecondarySecName><![CDATA[]]></SecondarySecName><FldLabel><![CDATA[Date Created]]></FldLabel><FldName><![CDATA[DM_DATE_CREATED]]></FldName><FiltVAl><![CDATA[]]></FiltVAl><NumOpenParens><![CDATA[0]]></NumOpenParens><NumCloseParens><![CDATA[0]]></NumCloseParens><BooleanOperatorType><![CDATA[0]]></BooleanOperatorType><groupDatesBy><![CDATA[0]]></groupDatesBy><sourceTabularRepName><![CDATA[]]></sourceTabularRepName><LegendColumn><![CDATA[0]]></LegendColumn><defaultFlag><![CDATA[0]]></defaultFlag><DSID><![CDATA[0]]></DSID></Column><Column Type="1" DType="320" FiltType="0" Seq="6" ConditionalFilter="0" FilterLocalizedData="0"><SecName><![CDATA[RecordInformation]]></SecName><SecondarySecName><![CDATA[]]></SecondarySecName><FldLabel><![CDATA[Created By]]></FldLabel><FldName><![CDATA[triCreatedBySY]]></FldName><FiltVAl><![CDATA[]]></FiltVAl><NumOpenParens><![CDATA[0]]></NumOpenParens><NumCloseParens><![CDATA[0]]></NumCloseParens><BooleanOperatorType><![CDATA[0]]></BooleanOperatorType><groupDatesBy><![CDATA[0]]></groupDatesBy><sourceTabularRepName><![CDATA[]]></sourceTabularRepName><LegendColumn><![CDATA[0]]></LegendColumn><defaultFlag><![CDATA[0]]></defaultFlag><DSID><![CDATA[0]]></DSID></Column><Column Type="1" DType="320" FiltType="0" Seq="7" ConditionalFilter="0" FilterLocalizedData="0"><SecName><![CDATA[General Info]]></SecName><SecondarySecName><![CDATA[]]></SecondarySecName><FldLabel><![CDATA[File Name]]></FldLabel><FldName><![CDATA[DM_FILE_NAME]]></FldName><FiltVAl><![CDATA[]]></FiltVAl><NumOpenParens><![CDATA[0]]></NumOpenParens><NumCloseParens><![CDATA[0]]></NumCloseParens><BooleanOperatorType><![CDATA[0]]></BooleanOperatorType><groupDatesBy><![CDATA[0]]></groupDatesBy><sourceTabularRepName><![CDATA[]]></sourceTabularRepName><LegendColumn><![CDATA[0]]></LegendColumn><defaultFlag><![CDATA[0]]></defaultFlag><DSID><![CDATA[0]]></DSID></Column><Column Type="1" DType="320" FiltType="0" Seq="8" ConditionalFilter="0" FilterLocalizedData="0"><SecName><![CDATA[General Info]]></SecName><SecondarySecName><![CDATA[]]></SecondarySecName><FldLabel><![CDATA[Document Name]]></FldLabel><FldName><![CDATA[Name]]></FldName><FiltVAl><![CDATA[]]></FiltVAl><NumOpenParens><![CDATA[0]]></NumOpenParens><NumCloseParens><![CDATA[0]]></NumCloseParens><BooleanOperatorType><![CDATA[0]]></BooleanOperatorType><groupDatesBy><![CDATA[0]]></groupDatesBy><sourceTabularRepName><![CDATA[]]></sourceTabularRepName><LegendColumn><![CDATA[0]]></LegendColumn><defaultFlag><![CDATA[0]]></defaultFlag><DSID><![CDATA[0]]></DSID></Column><Column Type="3" DType="330" FiltType="1" Seq="0" ConditionalFilter="0" FilterLocalizedData="0"><SecName><![CDATA[RecordInformation]]></SecName><SecondarySecName><![CDATA[]]></SecondarySecName><FldLabel><![CDATA[Reference\x20Date]]></FldLabel><FldName><![CDATA[triRefDA]]></FldName><FiltVAl><![CDATA[]]></FiltVAl><NumOpenParens><![CDATA[0]]></NumOpenParens><NumCloseParens><![CDATA[0]]></NumCloseParens><BooleanOperatorType><![CDATA[0]]></BooleanOperatorType><groupDatesBy><![CDATA[0]]></groupDatesBy><sourceTabularRepName><![CDATA[]]></sourceTabularRepName><LegendColumn><![CDATA[0]]></LegendColumn><defaultFlag><![CDATA[0]]></defaultFlag><DSID><![CDATA[0]]></DSID></Column></Columns></Query>
