<?xml version="1.0" encoding="UTF-8"?>
<!-- IBM Confidential OCO Source Materials --><!-- (C) COPYRIGHT IBM CORP. 2011-2023 --><!-- The source code for this program is not published or otherwise divested of its trade secrets, irrespective of what has been deposited with the U.S. Copyright Office. --><BoRecords>     <BoRecord BoId="10030379" RecordId="-1" BoName="triOslcShape" GUIId="10043100" GUIName="triOslcShape" ModuleId="23828" ModuleName="triOslc" CompanyId="208133" ParentName="" ActionName="" ObjState="created" SourceId="144016645">
<BoSectionName NameValue="System Info">
                     <Review___Status>
                         
                     </Review___Status>
                     <Prior___State>
                         created
                     </Prior___State>
                     <LocationId>
                         
                     </LocationId>
                     <OrganizationId>
                         
                     </OrganizationId>
                     <GeographyId>
                         
                     </GeographyId>
                     <CreatedBy>
                         221931
                     </CreatedBy>
                     <ModifiedBy>
                         
                     </ModifiedBy>
                     <CreatedTime>
                         1694787849730
                     </CreatedTime>
                     <ModifiedTime>
                         1694789219300
                     </ModifiedTime>
                     <Type>
                         10030379
                     </Type>
                     <Parent>
                         
                     </Parent>
         </BoSectionName>
<BoSectionName NameValue="General">
                     <triQueryPerModuleLI>
                         
                     </triQueryPerModuleLI>
                     <triNamespaceTX>
                         http://jazz.net/ns/ism/smarter_physical_infrastructure#
                     </triNamespaceTX>
                     <triConstructedUrlTX>
                         /oslc/shapes/triAPICPropertyRS
                     </triConstructedUrlTX>
                     <triConstructedUrlHiddenTX>
                         /oslc/shapes/triAPICPropertyRS
                     </triConstructedUrlHiddenTX>
                     <triDefaultFormLI>
                         APIC Property (triAPICProperty)
                     </triDefaultFormLI>
                     <triNameTX>
                         triAPICPropertyRS
                     </triNameTX>
                     <LocationName>
                         
                     </LocationName>
                     <triRecordIdSY>
                         144016645
                     </triRecordIdSY>
                     <OrgName>
                         
                     </OrgName>
                     <triModifiedDateTimeNumberSY>
                         1694789219300
                     </triModifiedDateTimeNumberSY>
                     <GeographyName>
                         
                     </GeographyName>
                     <triIdTX>
                         triAPICPropertyRS
                     </triIdTX>
                     <triModuleLI>
                         triAPIConnect
                     </triModuleLI>
                     <triBOLI>
                         APIC Property (triAPICProperty)
                     </triBOLI>
                     <triQueryListLI>
                         triAPICProperty - OSLC - Properties
                     </triQueryListLI>
                     <triTitleTX>
                         triAPICPropertyRS
                     </triTitleTX>
                     <triIsAssociatedBL>
                         FALSE
                     </triIsAssociatedBL>
                     <triResourceTypeTX>
                         
                     </triResourceTypeTX>
                     <triUsageTX>
                         
                     </triUsageTX>
                     <triHideActionsTX>
                         
                     </triHideActionsTX>
                     <triIgnoreActionBL>
                         FALSE
                     </triIgnoreActionBL>
                     <triEnglishOnlyBL>
                         FALSE
                     </triEnglishOnlyBL>
         </BoSectionName>
<Associations><Association><Name><![CDATA[Contains]]></Name><TargetModule><![CDATA[triOslc]]></TargetModule><TargetBo><![CDATA[triOslcPrefixDefinition]]></TargetBo><TargetObjectName><![CDATA[\spi - http://jazz.net/ns/ism/smarter_physical_infrastructure#]]></TargetObjectName></Association><Association><Name><![CDATA[Contains]]></Name><TargetModule><![CDATA[triOslc]]></TargetModule><TargetBo><![CDATA[triOslcProperty]]></TargetBo><TargetObjectName><![CDATA[\triAddressTX-triAPICPropertyRS-General-0]]></TargetObjectName></Association><Association><Name><![CDATA[Contains]]></Name><TargetModule><![CDATA[triOslc]]></TargetModule><TargetBo><![CDATA[triOslcProperty]]></TargetBo><TargetObjectName><![CDATA[\triZoningCL-triAPICPropertyRS-General-0]]></TargetObjectName></Association><Association><Name><![CDATA[Contains]]></Name><TargetModule><![CDATA[triOslc]]></TargetModule><TargetBo><![CDATA[triOslcProperty]]></TargetBo><TargetObjectName><![CDATA[\triZipPostalTX-triAPICPropertyRS-General-0]]></TargetObjectName></Association><Association><Name><![CDATA[Contains]]></Name><TargetModule><![CDATA[triOslc]]></TargetModule><TargetBo><![CDATA[triOslcProperty]]></TargetBo><TargetObjectName><![CDATA[\triUserMessageTX-triAPICPropertyRS-General-0]]></TargetObjectName></Association><Association><Name><![CDATA[Contains]]></Name><TargetModule><![CDATA[triOslc]]></TargetModule><TargetBo><![CDATA[triOslcProperty]]></TargetBo><TargetObjectName><![CDATA[\triTRIRIGAIDTX-triAPICPropertyRS-General-0]]></TargetObjectName></Association><Association><Name><![CDATA[Contains]]></Name><TargetModule><![CDATA[triOslc]]></TargetModule><TargetBo><![CDATA[triOslcProperty]]></TargetBo><TargetObjectName><![CDATA[\triTenureCL-triAPICPropertyRS-General-0]]></TargetObjectName></Association><Association><Name><![CDATA[Contains]]></Name><TargetModule><![CDATA[triOslc]]></TargetModule><TargetBo><![CDATA[triOslcProperty]]></TargetBo><TargetObjectName><![CDATA[\triSubOperationTX-triAPICPropertyRS-General-0]]></TargetObjectName></Association><Association><Name><![CDATA[Contains]]></Name><TargetModule><![CDATA[triOslc]]></TargetModule><TargetBo><![CDATA[triOslcProperty]]></TargetBo><TargetObjectName><![CDATA[\triStateProvTX-triAPICPropertyRS-General-0]]></TargetObjectName></Association><Association><Name><![CDATA[Contains]]></Name><TargetModule><![CDATA[triOslc]]></TargetModule><TargetBo><![CDATA[triOslcProperty]]></TargetBo><TargetObjectName><![CDATA[\triRecordIdSY-triAPICPropertyRS-General-0]]></TargetObjectName></Association><Association><Name><![CDATA[Contains]]></Name><TargetModule><![CDATA[triOslc]]></TargetModule><TargetBo><![CDATA[triOslcProperty]]></TargetBo><TargetObjectName><![CDATA[\triPropertyClassCL-triAPICPropertyRS-General-0]]></TargetObjectName></Association><Association><Name><![CDATA[Contains]]></Name><TargetModule><![CDATA[triOslc]]></TargetModule><TargetBo><![CDATA[triOslcProperty]]></TargetBo><TargetObjectName><![CDATA[\triPrimaryUseCL-triAPICPropertyRS-General-0]]></TargetObjectName></Association><Association><Name><![CDATA[Contains]]></Name><TargetModule><![CDATA[triOslc]]></TargetModule><TargetBo><![CDATA[triOslcProperty]]></TargetBo><TargetObjectName><![CDATA[\triOperationTX-triAPICPropertyRS-General-0]]></TargetObjectName></Association><Association><Name><![CDATA[Contains]]></Name><TargetModule><![CDATA[triOslc]]></TargetModule><TargetBo><![CDATA[triOslcProperty]]></TargetBo><TargetObjectName><![CDATA[\triNameTX-triAPICPropertyRS-General-0]]></TargetObjectName></Association><Association><Name><![CDATA[Contains]]></Name><TargetModule><![CDATA[triOslc]]></TargetModule><TargetBo><![CDATA[triOslcProperty]]></TargetBo><TargetObjectName><![CDATA[\triJurisdictionCL-triAPICPropertyRS-General-0]]></TargetObjectName></Association><Association><Name><![CDATA[Contains]]></Name><TargetModule><![CDATA[triOslc]]></TargetModule><TargetBo><![CDATA[triOslcProperty]]></TargetBo><TargetObjectName><![CDATA[\triIdTX-triAPICPropertyRS-General-0]]></TargetObjectName></Association><Association><Name><![CDATA[Contains]]></Name><TargetModule><![CDATA[triOslc]]></TargetModule><TargetBo><![CDATA[triOslcProperty]]></TargetBo><TargetObjectName><![CDATA[\triExternalReferenceTX-triAPICPropertyRS-General-0]]></TargetObjectName></Association><Association><Name><![CDATA[Contains]]></Name><TargetModule><![CDATA[triOslc]]></TargetModule><TargetBo><![CDATA[triOslcProperty]]></TargetBo><TargetObjectName><![CDATA[\triDescriptionTX-triAPICPropertyRS-General-0]]></TargetObjectName></Association><Association><Name><![CDATA[Contains]]></Name><TargetModule><![CDATA[triOslc]]></TargetModule><TargetBo><![CDATA[triOslcProperty]]></TargetBo><TargetObjectName><![CDATA[\triCityTX-triAPICPropertyRS-General-0]]></TargetObjectName></Association><Association><Name><![CDATA[Is Contained By]]></Name><TargetModule><![CDATA[triOslc]]></TargetModule><TargetBo><![CDATA[triOslcCreationFactory]]></TargetBo><TargetObjectName><![CDATA[\triAPICPropertyCF]]></TargetObjectName></Association></Associations>     </BoRecord>
</BoRecords>
