<?xml version="1.0" encoding="UTF-8"?>
<!-- IBM Confidential OCO Source Materials --><!-- (C) COPYRIGHT IBM CORP. 2011-2023 --><!-- The source code for this program is not published or otherwise divested of its trade secrets, irrespective of what has been deposited with the U.S. Copyright Office. --><BoRecords>     <BoRecord BoId="10023041" RecordId="-1" BoName="ResourceFile" GUIId="10032941" GUIName="ResourceFile" ModuleId="18" ModuleName="System" CompanyId="208133" ParentName="" ActionName="" ObjState="created" SourceId="144016578">
<BoSectionName NameValue="System Info">
                     <Review___Status>
                         
                     </Review___Status>
                     <Prior___State>
                         created
                     </Prior___State>
                     <LocationId>
                         
                     </LocationId>
                     <OrganizationId>
                         
                     </OrganizationId>
                     <GeographyId>
                         
                     </GeographyId>
                     <CreatedBy>
                         221931
                     </CreatedBy>
                     <ModifiedBy>
                         
                     </ModifiedBy>
                     <CreatedTime>
                         1694787844046
                     </CreatedTime>
                     <ModifiedTime>
                         1694787973740
                     </ModifiedTime>
                     <Type>
                         10023041
                     </Type>
                     <Parent>
                         
                     </Parent>
         </BoSectionName>
<BoSectionName NameValue="General">
                     <GeographyName>
                         
                     </GeographyName>
                     <NameTX>
                         json-simple
                     </NameTX>
                     <DescriptionTX>
                         
                     </DescriptionTX>
                     <ResourceFileBI>
                         613444_934259_json-simple-1.1.1.jar
                     </ResourceFileBI>
                     <LocationName>
                         
                     </LocationName>
                     <OrgName>
                         
                     </OrgName>
         </BoSectionName>
<Associations><Association><Name><![CDATA[Uses]]></Name><TargetModule><![CDATA[System]]></TargetModule><TargetBo><![CDATA[ClassLoader]]></TargetBo><TargetObjectName><![CDATA[\AttachImageToRequest]]></TargetObjectName></Association><Association><Name><![CDATA[Uses]]></Name><TargetModule><![CDATA[System]]></TargetModule><TargetBo><![CDATA[ClassLoader]]></TargetBo><TargetObjectName><![CDATA[\encodeDocToBase64]]></TargetObjectName></Association></Associations>     </BoRecord>
</BoRecords>
