<?xml version="1.0" encoding="UTF-8"?>
<!-- IBM Confidential OCO Source Materials --><!-- (C) COPYRIGHT IBM CORP. 2011-2022 --><!-- The source code for this program is not published or otherwise divested of its trade secrets, irrespective of what has been deposited with the U.S. Copyright Office. --><BoRecords>     <BoRecord BoId="10030383" RecordId="-1" BoName="triOslcLinkedResource" GUIId="10043097" GUIName="triOslcLinkedResource" ModuleId="23828" ModuleName="triOslc" CompanyId="208133" ParentName="" ActionName="" ObjState="created" SourceId="135499289">
<BoSectionName NameValue="System Info">
                     <Review___Status>
                         
                     </Review___Status>
                     <Prior___State>
                         created
                     </Prior___State>
                     <LocationId>
                         
                     </LocationId>
                     <OrganizationId>
                         
                     </OrganizationId>
                     <GeographyId>
                         
                     </GeographyId>
                     <CreatedBy>
                         135499111
                     </CreatedBy>
                     <ModifiedBy>
                         
                     </ModifiedBy>
                     <CreatedTime>
                         1617246854929
                     </CreatedTime>
                     <ModifiedTime>
                         1618451405390
                     </ModifiedTime>
                     <Type>
                         10030383
                     </Type>
                     <Parent>
                         
                     </Parent>
         </BoSectionName>
<BoSectionName NameValue="General">
                     <GeographyName>
                         
                     </GeographyName>
                     <triLinkedResourceTX>
                         triAPICResourceRS
                     </triLinkedResourceTX>
                     <triRepresentationLI>
                         Inline
                     </triRepresentationLI>
                     <triOslcOccursLI>
                         Zero or Many
                     </triOslcOccursLI>
                     <triNamespaceTX>
                         http://jazz.net/ns/ism/smarter_physical_infrastructure#
                     </triNamespaceTX>
                     <triNameTX>
                         triResourceLR
                     </triNameTX>
                     <triRecordIdSY>
                         135499289
                     </triRecordIdSY>
                     <triModifiedDateTimeNumberSY>
                         1618451405390
                     </triModifiedDateTimeNumberSY>
                     <LocationName>
                         
                     </LocationName>
                     <triIdTX>
                         triResourceLR
                     </triIdTX>
                     <OrgName>
                         
                     </OrgName>
                     <triAssociationStringLI>
                         Has Link
                     </triAssociationStringLI>
         </BoSectionName>
<Associations><Association><Name><![CDATA[Has Reference Only]]></Name><TargetModule><![CDATA[triOslc]]></TargetModule><TargetBo><![CDATA[triOslcShape]]></TargetBo><TargetObjectName><![CDATA[\triAPICResourceRS]]></TargetObjectName></Association><Association><Name><![CDATA[Is Contained By]]></Name><TargetModule><![CDATA[triOslc]]></TargetModule><TargetBo><![CDATA[triOslcShape]]></TargetBo><TargetObjectName><![CDATA[\triAPICWorkTaskRS]]></TargetObjectName></Association><Association><Name><![CDATA[Contains]]></Name><TargetModule><![CDATA[triOslc]]></TargetModule><TargetBo><![CDATA[triOslcPrefixDefinition]]></TargetBo><TargetObjectName><![CDATA[\spi - http://jazz.net/ns/ism/smarter_physical_infrastructure#]]></TargetObjectName></Association></Associations>     </BoRecord>
</BoRecords>
