<?xml version="1.0" encoding="UTF-8"?>
<!-- IBM Confidential OCO Source Materials --><!-- (C) COPYRIGHT IBM CORP. 2011-2022 --><!-- The source code for this program is not published or otherwise divested of its trade secrets, irrespective of what has been deposited with the U.S. Copyright Office. --><BoRecords>     <BoRecord BoId="10030385" RecordId="-1" BoName="triOslcProperty" GUIId="10043098" GUIName="triOslcProperty" ModuleId="23828" ModuleName="triOslc" CompanyId="208133" ParentName="" ActionName="" ObjState="created" SourceId="135586027">
<BoSectionName NameValue="System Info">
                     <Review___Status>
                         
                     </Review___Status>
                     <Prior___State>
                         
                     </Prior___State>
                     <LocationId>
                         
                     </LocationId>
                     <OrganizationId>
                         
                     </OrganizationId>
                     <GeographyId>
                         
                     </GeographyId>
                     <CreatedBy>
                         135572755
                     </CreatedBy>
                     <ModifiedBy>
                         
                     </ModifiedBy>
                     <CreatedTime>
                         1654662073364
                     </CreatedTime>
                     <ModifiedTime>
                         1655122244490
                     </ModifiedTime>
                     <Type>
                         10030385
                     </Type>
                     <Parent>
                         
                     </Parent>
         </BoSectionName>
<BoSectionName NameValue="General">
                     <triSectionTX>
                         RecordInformation
                     </triSectionTX>
                     <triRecordIdSY>
                         135586027
                     </triRecordIdSY>
                     <triNameTX>
                         triGeographyLookupTX
                     </triNameTX>
                     <triModifiedDateTimeNumberSY>
                         1655122244490
                     </triModifiedDateTimeNumberSY>
                     <triIdTX>
                         triAPICOutboundWorkTaskRS
                     </triIdTX>
                     <LocationName>
                         
                     </LocationName>
                     <triDescriptionTX>
                         
                     </triDescriptionTX>
                     <OrgName>
                         
                     </OrgName>
                     <triLinkedResourceTX>
                         
                     </triLinkedResourceTX>
                     <GeographyName>
                         
                     </GeographyName>
                     <triTitleTX>
                         Geography Lookup
                     </triTitleTX>
                     <triDefaultValueTX>
                         
                     </triDefaultValueTX>
                     <triOslcOccursLI>
                         Zero or One
                     </triOslcOccursLI>
                     <triReadOnlyBL>
                         FALSE
                     </triReadOnlyBL>
                     <triRepresentationLI>
                         
                     </triRepresentationLI>
                     <triValueTypeLI>
                         String
                     </triValueTypeLI>
                     <triPropertyDefinitionTX>
                         triGeographyLookupTX
                     </triPropertyDefinitionTX>
                     <triMaxSizeNU>
                         -1
                     </triMaxSizeNU>
                     <triMaxSizeNU_UOM>
                         
                     </triMaxSizeNU_UOM>
                     <triControlNumberCN>
                         38362
                     </triControlNumberCN>
                     <triPropertyNamespaceTX>
                         http://jazz.net/ns/ism/smarter_physical_infrastructure#
                     </triPropertyNamespaceTX>
                     <triModuleNameTX>
                         
                     </triModuleNameTX>
                     <triBoNameTX>
                         
                     </triBoNameTX>
                     <triDataSourceIdNU>
                         0
                     </triDataSourceIdNU>
                     <triDataSourceIdNU_UOM>
                         
                     </triDataSourceIdNU_UOM>
         </BoSectionName>
<Associations><Association><Name><![CDATA[Is Contained By]]></Name><TargetModule><![CDATA[triOslc]]></TargetModule><TargetBo><![CDATA[triOslcShape]]></TargetBo><TargetObjectName><![CDATA[\triAPICOutboundWorkTaskRS]]></TargetObjectName></Association><Association><Name><![CDATA[Contains]]></Name><TargetModule><![CDATA[triOslc]]></TargetModule><TargetBo><![CDATA[triOslcPrefixDefinition]]></TargetBo><TargetObjectName><![CDATA[\spi - http://jazz.net/ns/ism/smarter_physical_infrastructure#]]></TargetObjectName></Association></Associations>     </BoRecord>
</BoRecords>
