<?xml version="1.0" encoding="UTF-8"?>
<!-- IBM Confidential OCO Source Materials --><!-- (C) COPYRIGHT IBM CORP. 2011-2022 --><!-- The source code for this program is not published or otherwise divested of its trade secrets, irrespective of what has been deposited with the U.S. Copyright Office. --><Query><Header Scope="0" TagIdentifier="null" Type="1" RandomCnt="0" FixedColCnt="0" ResultSize="0" ColorBy="0" ShowInWebGraphics="1" SumAllForColorBy="0" DScope="1" Editable="0" GraphType="1" DisplayLegend="1" EnableProjectSwitch="0" ChildColumnDisplay="0" SystemFlag="1" TrackHistory="0"><ObjectLabelName><![CDATA[In Progress 0.0]]></ObjectLabelName><Name><![CDATA[triExpenditureType - Workflow - Get All Expenditure Types]]></Name><Module><![CDATA[Classification]]></Module><BO><![CDATA[triExpenditureType]]></BO><Number /><Description /><HeaderStr><![CDATA[Expenditure Type Classification]]></HeaderStr><PromptBeforeQuery><![CDATA[0]]></PromptBeforeQuery><Queued><![CDATA[0]]></Queued><XTitle /><YTitle /><RecState /><TabularOutput><![CDATA[0]]></TabularOutput><AssociatedField /><UpdatedBy><![CDATA[Puri, Sumit - 1000215]]></UpdatedBy><ScorecardTargetOption><![CDATA[0]]></ScorecardTargetOption></Header><Bos><BO><Name><![CDATA[triExpenditureType]]></Name><Module><![CDATA[Classification]]></Module><DSID><![CDATA[0]]></DSID></BO></Bos><GUIs><GUI><Name><![CDATA[triExpenditureType]]></Name><Module><![CDATA[Classification]]></Module></GUI></GUIs><Columns><Column Type="1" DType="320" FiltType="0" Seq="0" ConditionalFilter="0" FilterLocalizedData="0"><SecName><![CDATA[RecordInformation]]></SecName><SecondarySecName /><FldLabel><![CDATA[Name]]></FldLabel><FldName><![CDATA[triNameTX]]></FldName><FiltVAl /><NumOpenParens><![CDATA[0]]></NumOpenParens><NumCloseParens><![CDATA[0]]></NumCloseParens><BooleanOperatorType><![CDATA[0]]></BooleanOperatorType><groupDatesBy><![CDATA[0]]></groupDatesBy><sourceTabularRepName /><LegendColumn><![CDATA[0]]></LegendColumn><defaultFlag><![CDATA[0]]></defaultFlag><DSID><![CDATA[0]]></DSID></Column><Column Type="5" DType="320" FiltType="11" Seq="0" ConditionalFilter="0" FilterLocalizedData="0"><SecName><![CDATA[RecordInformation]]></SecName><SecondarySecName /><FldLabel><![CDATA[Name]]></FldLabel><FldName><![CDATA[triNameTX]]></FldName><FiltVAl><![CDATA[Expenditure Type]]></FiltVAl><NumOpenParens><![CDATA[0]]></NumOpenParens><NumCloseParens><![CDATA[0]]></NumCloseParens><BooleanOperatorType><![CDATA[0]]></BooleanOperatorType><groupDatesBy><![CDATA[0]]></groupDatesBy><sourceTabularRepName /><LegendColumn><![CDATA[0]]></LegendColumn><defaultFlag><![CDATA[0]]></defaultFlag><DSID><![CDATA[0]]></DSID></Column></Columns></Query>
