<?xml version="1.0" encoding="UTF-8"?>
<!-- IBM Confidential OCO Source Materials --><!-- (C) COPYRIGHT IBM CORP. 2011-2022 --><!-- The source code for this program is not published or otherwise divested of its trade secrets, irrespective of what has been deposited with the U.S. Copyright Office. --><BoRecords>     <BoRecord BoId="10023543" RecordId="-1" BoName="triIntegration" GUIId="10033641" GUIName="triIntegration" ModuleId="23222" ModuleName="triIntegration" CompanyId="208133" ParentName="" ActionName="" ObjState="created" SourceId="135503876">
<BoSectionName NameValue="System Info">
                     <Review___Status>
                         
                     </Review___Status>
                     <Prior___State>
                         created
                     </Prior___State>
                     <LocationId>
                         
                     </LocationId>
                     <OrganizationId>
                         
                     </OrganizationId>
                     <GeographyId>
                         
                     </GeographyId>
                     <CreatedBy>
                         135499111
                     </CreatedBy>
                     <ModifiedBy>
                         
                     </ModifiedBy>
                     <CreatedTime>
                         1618627886599
                     </CreatedTime>
                     <ModifiedTime>
                         1648526143470
                     </ModifiedTime>
                     <Type>
                         10023543
                     </Type>
                     <Parent>
                         
                     </Parent>
         </BoSectionName>
<BoSectionName NameValue="General">
                     <triBusinessObjectNameSY>
                         triIntegration
                     </triBusinessObjectNameSY>
                     <triSystemModifiedDateTimeNumber>
                         1648526143470
                     </triSystemModifiedDateTimeNumber>
                     <triActionNameTX>
                         
                     </triActionNameTX>
                     <triRecordNameSY>
                         triServiceRequest - APIC - HTTP Post
                     </triRecordNameSY>
                     <triCountNU>
                         
                     </triCountNU>
                     <triCountNU_UOM>
                         
                     </triCountNU_UOM>
                     <triSQLScriptBI>
                         
                     </triSQLScriptBI>
                     <triStatusTX>
                         Failed
                     </triStatusTX>
                     <triFileImportBI>
                         
                     </triFileImportBI>
                     <triFileImportBL>
                         FALSE
                     </triFileImportBL>
                     <triFilterReportModuleLI>
                         triRequest
                     </triFilterReportModuleLI>
                     <triFilterReportBOLI>
                         Service Request (triServiceRequest)
                     </triFilterReportBOLI>
                     <triFilterReportLI>
                         triAPICServiceRequest - OSLC - Outbound
                     </triFilterReportLI>
                     <triURLTX>
                         https://dc61d86c.us-south.apigw.appdomain.cloud/Q0XloR/mxServiceRequest/syncservicerequest?mxUrl=http://9.46.81.195:9080/meaweb/esqueue/PLUSTTRIRIGA/PLUSTMXSR
                     </triURLTX>
                     <triHttpPostTypeLI>
                         JSON
                     </triHttpPostTypeLI>
                     <triNoteNO>
                         
                     </triNoteNO>
                     <triFileExportTypeLI>
                         Flat
                     </triFileExportTypeLI>
                     <triXsltBI>
                         
                     </triXsltBI>
                     <triUseQueryLabelAsElement>
                         FALSE
                     </triUseQueryLabelAsElement>
                     <triHeaderTX>
                         
                     </triHeaderTX>
                     <triModuleQueryBL>
                         FALSE
                     </triModuleQueryBL>
                     <triDebugBL>
                         FALSE
                     </triDebugBL>
                     <triDynamicBL>
                         FALSE
                     </triDynamicBL>
                     <triPrefixTX>
                         
                     </triPrefixTX>
                     <triPostPasswordPA>
                         
                     </triPostPasswordPA>
                     <triPostUserNameTX>
                         
                     </triPostUserNameTX>
                     <triPostUserNameParameterTX>
                         
                     </triPostUserNameParameterTX>
                     <triPostPasswordParameterTX>
                         
                     </triPostPasswordParameterTX>
                     <triPostAddToHeaderBL>
                         TRUE
                     </triPostAddToHeaderBL>
                     <triPostUseAuthBasicBL>
                         FALSE
                     </triPostUseAuthBasicBL>
                     <triDataConnectJobModuleLI>
                         
                     </triDataConnectJobModuleLI>
                     <triDataConnectJobBOLI>
                         
                     </triDataConnectJobBOLI>
                     <triDataConnectConcurrencyLI>
                         1 - Single
                     </triDataConnectConcurrencyLI>
                     <triBatchNU>
                         5000
                     </triBatchNU>
                     <triBatchNU_UOM>
                         
                     </triBatchNU_UOM>
                     <triDataConnectTypeLI>
                         1 - Standard
                     </triDataConnectTypeLI>
                     <triIntegrationObjectDependentTX>
                         
                     </triIntegrationObjectDependentTX>
                     <triDbInitialSizeNU>
                         2
                     </triDbInitialSizeNU>
                     <triDbInitialSizeNU_UOM>
                         
                     </triDbInitialSizeNU_UOM>
                     <triDbMaxIdleNU>
                         2
                     </triDbMaxIdleNU>
                     <triDbMaxIdleNU_UOM>
                         
                     </triDbMaxIdleNU_UOM>
                     <triDbMaxActiveNU>
                         5
                     </triDbMaxActiveNU>
                     <triDbMaxActiveNU_UOM>
                         
                     </triDbMaxActiveNU_UOM>
                     <triIntegrationResponseMapBI>
                         
                     </triIntegrationResponseMapBI>
                     <triResponseTypeLI>
                         
                     </triResponseTypeLI>
                     <triCronJobNameTX>
                         
                     </triCronJobNameTX>
                     <triCronJobMaskTX>
                         
                     </triCronJobMaskTX>
                     <triHttpRequestTypeLI>
                         POST
                     </triHttpRequestTypeLI>
                     <triHttpRequestContentTypeLI>
                         application/json
                     </triHttpRequestContentTypeLI>
                     <triOmitRequestEntityBL>
                         FALSE
                     </triOmitRequestEntityBL>
                     <triUriTX>
                         
                     </triUriTX>
                     <triHeadersTX>
                         X-IBM-Client-Id: 5032c949-1474-442f-977c-84854b11886f
                     </triHeadersTX>
                     <triSendAsBatchBL>
                         FALSE
                     </triSendAsBatchBL>
                     <triXsdBI>
                         
                     </triXsdBI>
                     <triXsdTX>
                         
                     </triXsdTX>
                     <triValidateOnlyBL>
                         FALSE
                     </triValidateOnlyBL>
                     <triMaxAuthBL>
                         FALSE
                     </triMaxAuthBL>
                     <triProxyHostTX>
                         
                     </triProxyHostTX>
                     <triProxyPortNU>
                         
                     </triProxyPortNU>
                     <triProxyPortNU_UOM>
                         
                     </triProxyPortNU_UOM>
                     <triMaxErrors>
                         0
                     </triMaxErrors>
                     <triMaxErrors_UOM>
                         
                     </triMaxErrors_UOM>
                     <triCreateErrorFileBL>
                         FALSE
                     </triCreateErrorFileBL>
                     <triErrorFileBI>
                         
                     </triErrorFileBI>
                     <triValidateBL>
                         FALSE
                     </triValidateBL>
                     <triHttpPostParametersTX>
                         
                     </triHttpPostParametersTX>
                     <triMaxErrorsNU>
                         0
                     </triMaxErrorsNU>
                     <triMaxErrorsNU_UOM>
                         
                     </triMaxErrorsNU_UOM>
                     <triFormNameTX>
                         
                     </triFormNameTX>
                     <triLoadStagingTableBL>
                         FALSE
                     </triLoadStagingTableBL>
                     <triOutboundQueryLocalizedBL>
                         FALSE
                     </triOutboundQueryLocalizedBL>
                     <triResolveColumnLabelSpacesBL>
                         FALSE
                     </triResolveColumnLabelSpacesBL>
                     <triResolveLineBreaksBL>
                         FALSE
                     </triResolveLineBreaksBL>
                     <triEnableTLS12BL>
                         FALSE
                     </triEnableTLS12BL>
                     <triExceed999ResultLimitBL>
                         FALSE
                     </triExceed999ResultLimitBL>
                     <triExceedParamCustTask1000ResultLimitBL>
                         FALSE
                     </triExceedParamCustTask1000ResultLimitBL>
                     <triControlNumberCN>
                         1000799
                     </triControlNumberCN>
                     <triRecordStateSY>
                         created
                     </triRecordStateSY>
                     <triNameTX>
                         triServiceRequest - APIC - HTTP Post
                     </triNameTX>
                     <triBoNameTX>
                         
                     </triBoNameTX>
                     <triModuleNameTX>
                         
                     </triModuleNameTX>
                     <LocationName>
                         
                     </LocationName>
                     <triConnectionStringTX>
                         jdbc:oracle:thin:@localhost:1521:orcl
                     </triConnectionStringTX>
                     <OrgName>
                         
                     </OrgName>
                     <triIntegrationDirectionLI>
                         Outbound
                     </triIntegrationDirectionLI>
                     <GeographyName>
                         
                     </GeographyName>
                     <triUserNameTX>
                         
                     </triUserNameTX>
                     <triHashedPasswordPA>
                         
                     </triHashedPasswordPA>
                     <triTableNameTX>
                         
                     </triTableNameTX>
                     <triQueryNameTX>
                         
                     </triQueryNameTX>
                     <triRecordIdSY>
                         135503876
                     </triRecordIdSY>
                     <triDriverNameLI>
                         oracle.jdbc.driver.OracleDriver
                     </triDriverNameLI>
                     <triConstructedUrlTX>
                         /html/en/default/rest/Integration?action=map
                     </triConstructedUrlTX>
                     <triIntegrationSchemeLI>
                         Http Post
                     </triIntegrationSchemeLI>
                     <triIntegrationMapBI>
                         
                     </triIntegrationMapBI>
                     <triIncludeRecordIdBL>
                         FALSE
                     </triIncludeRecordIdBL>
                     <triIntegrationBaseUrlTX>
                         /html/en/default/rest/Integration
                     </triIntegrationBaseUrlTX>
                     <triFileNameTX>
                         
                     </triFileNameTX>
                     <triFilePathTX>
                         
                     </triFilePathTX>
                     <triFileDelimiterLI>
                         Tab \t
                     </triFileDelimiterLI>
                     <triOverwriteBL>
                         FALSE
                     </triOverwriteBL>
                     <triDatasourceNameTX>
                         
                     </triDatasourceNameTX>
         </BoSectionName>
<Associations><Association><Name><![CDATA[Belongs To]]></Name><TargetModule><![CDATA[triIntegration]]></TargetModule><TargetBo><![CDATA[triIntegrationInstance]]></TargetBo><TargetObjectName><![CDATA[\triServiceRequest - APIC - HTTP Post.533]]></TargetObjectName></Association><Association><Name><![CDATA[Belongs To]]></Name><TargetModule><![CDATA[triIntegration]]></TargetModule><TargetBo><![CDATA[triIntegrationInstance]]></TargetBo><TargetObjectName><![CDATA[\triServiceRequest - APIC - HTTP Post.339]]></TargetObjectName></Association><Association><Name><![CDATA[Included In]]></Name><TargetModule><![CDATA[triIntegration]]></TargetModule><TargetBo><![CDATA[triIntegrationInstance]]></TargetBo><TargetObjectName><![CDATA[\triServiceRequest - APIC - HTTP Post.338]]></TargetObjectName></Association><Association><Name><![CDATA[Belongs To]]></Name><TargetModule><![CDATA[triIntegration]]></TargetModule><TargetBo><![CDATA[triIntegrationInstance]]></TargetBo><TargetObjectName><![CDATA[\triServiceRequest - APIC - HTTP Post.338]]></TargetObjectName></Association><Association><Name><![CDATA[Included In]]></Name><TargetModule><![CDATA[triIntegration]]></TargetModule><TargetBo><![CDATA[triIntegrationInstance]]></TargetBo><TargetObjectName><![CDATA[\triServiceRequest - APIC - HTTP Post.337]]></TargetObjectName></Association><Association><Name><![CDATA[Belongs To]]></Name><TargetModule><![CDATA[triIntegration]]></TargetModule><TargetBo><![CDATA[triIntegrationInstance]]></TargetBo><TargetObjectName><![CDATA[\triServiceRequest - APIC - HTTP Post.337]]></TargetObjectName></Association><Association><Name><![CDATA[Included In]]></Name><TargetModule><![CDATA[triIntegration]]></TargetModule><TargetBo><![CDATA[triIntegrationInstance]]></TargetBo><TargetObjectName><![CDATA[\triServiceRequest - APIC - HTTP Post.335]]></TargetObjectName></Association><Association><Name><![CDATA[Belongs To]]></Name><TargetModule><![CDATA[triIntegration]]></TargetModule><TargetBo><![CDATA[triIntegrationInstance]]></TargetBo><TargetObjectName><![CDATA[\triServiceRequest - APIC - HTTP Post.335]]></TargetObjectName></Association><Association><Name><![CDATA[Included In]]></Name><TargetModule><![CDATA[triIntegration]]></TargetModule><TargetBo><![CDATA[triIntegrationInstance]]></TargetBo><TargetObjectName><![CDATA[\triServiceRequest - APIC - HTTP Post.333]]></TargetObjectName></Association><Association><Name><![CDATA[Belongs To]]></Name><TargetModule><![CDATA[triIntegration]]></TargetModule><TargetBo><![CDATA[triIntegrationInstance]]></TargetBo><TargetObjectName><![CDATA[\triServiceRequest - APIC - HTTP Post.333]]></TargetObjectName></Association><Association><Name><![CDATA[Included In]]></Name><TargetModule><![CDATA[triIntegration]]></TargetModule><TargetBo><![CDATA[triIntegrationInstance]]></TargetBo><TargetObjectName><![CDATA[\triServiceRequest - APIC - HTTP Post.331]]></TargetObjectName></Association><Association><Name><![CDATA[Belongs To]]></Name><TargetModule><![CDATA[triIntegration]]></TargetModule><TargetBo><![CDATA[triIntegrationInstance]]></TargetBo><TargetObjectName><![CDATA[\triServiceRequest - APIC - HTTP Post.331]]></TargetObjectName></Association><Association><Name><![CDATA[Included In]]></Name><TargetModule><![CDATA[triIntegration]]></TargetModule><TargetBo><![CDATA[triIntegrationInstance]]></TargetBo><TargetObjectName><![CDATA[\triServiceRequest - APIC - HTTP Post.329]]></TargetObjectName></Association><Association><Name><![CDATA[Belongs To]]></Name><TargetModule><![CDATA[triIntegration]]></TargetModule><TargetBo><![CDATA[triIntegrationInstance]]></TargetBo><TargetObjectName><![CDATA[\triServiceRequest - APIC - HTTP Post.329]]></TargetObjectName></Association><Association><Name><![CDATA[Included In]]></Name><TargetModule><![CDATA[triIntegration]]></TargetModule><TargetBo><![CDATA[triIntegrationInstance]]></TargetBo><TargetObjectName><![CDATA[\triServiceRequest - APIC - HTTP Post.327]]></TargetObjectName></Association><Association><Name><![CDATA[Belongs To]]></Name><TargetModule><![CDATA[triIntegration]]></TargetModule><TargetBo><![CDATA[triIntegrationInstance]]></TargetBo><TargetObjectName><![CDATA[\triServiceRequest - APIC - HTTP Post.327]]></TargetObjectName></Association><Association><Name><![CDATA[Included In]]></Name><TargetModule><![CDATA[triIntegration]]></TargetModule><TargetBo><![CDATA[triIntegrationInstance]]></TargetBo><TargetObjectName><![CDATA[\triServiceRequest - APIC - HTTP Post.326]]></TargetObjectName></Association><Association><Name><![CDATA[Belongs To]]></Name><TargetModule><![CDATA[triIntegration]]></TargetModule><TargetBo><![CDATA[triIntegrationInstance]]></TargetBo><TargetObjectName><![CDATA[\triServiceRequest - APIC - HTTP Post.326]]></TargetObjectName></Association><Association><Name><![CDATA[Included In]]></Name><TargetModule><![CDATA[triIntegration]]></TargetModule><TargetBo><![CDATA[triIntegrationInstance]]></TargetBo><TargetObjectName><![CDATA[\triServiceRequest - APIC - HTTP Post.324]]></TargetObjectName></Association><Association><Name><![CDATA[Belongs To]]></Name><TargetModule><![CDATA[triIntegration]]></TargetModule><TargetBo><![CDATA[triIntegrationInstance]]></TargetBo><TargetObjectName><![CDATA[\triServiceRequest - APIC - HTTP Post.324]]></TargetObjectName></Association><Association><Name><![CDATA[Included In]]></Name><TargetModule><![CDATA[triIntegration]]></TargetModule><TargetBo><![CDATA[triIntegrationInstance]]></TargetBo><TargetObjectName><![CDATA[\triServiceRequest - APIC - HTTP Post.322]]></TargetObjectName></Association><Association><Name><![CDATA[Belongs To]]></Name><TargetModule><![CDATA[triIntegration]]></TargetModule><TargetBo><![CDATA[triIntegrationInstance]]></TargetBo><TargetObjectName><![CDATA[\triServiceRequest - APIC - HTTP Post.322]]></TargetObjectName></Association><Association><Name><![CDATA[Included In]]></Name><TargetModule><![CDATA[triIntegration]]></TargetModule><TargetBo><![CDATA[triIntegrationInstance]]></TargetBo><TargetObjectName><![CDATA[\triServiceRequest - APIC - HTTP Post.320]]></TargetObjectName></Association><Association><Name><![CDATA[Belongs To]]></Name><TargetModule><![CDATA[triIntegration]]></TargetModule><TargetBo><![CDATA[triIntegrationInstance]]></TargetBo><TargetObjectName><![CDATA[\triServiceRequest - APIC - HTTP Post.320]]></TargetObjectName></Association><Association><Name><![CDATA[Included In]]></Name><TargetModule><![CDATA[triIntegration]]></TargetModule><TargetBo><![CDATA[triIntegrationInstance]]></TargetBo><TargetObjectName><![CDATA[\triServiceRequest - APIC - HTTP Post.319]]></TargetObjectName></Association><Association><Name><![CDATA[Belongs To]]></Name><TargetModule><![CDATA[triIntegration]]></TargetModule><TargetBo><![CDATA[triIntegrationInstance]]></TargetBo><TargetObjectName><![CDATA[\triServiceRequest - APIC - HTTP Post.319]]></TargetObjectName></Association><Association><Name><![CDATA[Included In]]></Name><TargetModule><![CDATA[triIntegration]]></TargetModule><TargetBo><![CDATA[triIntegrationInstance]]></TargetBo><TargetObjectName><![CDATA[\triServiceRequest - APIC - HTTP Post.318]]></TargetObjectName></Association><Association><Name><![CDATA[Belongs To]]></Name><TargetModule><![CDATA[triIntegration]]></TargetModule><TargetBo><![CDATA[triIntegrationInstance]]></TargetBo><TargetObjectName><![CDATA[\triServiceRequest - APIC - HTTP Post.318]]></TargetObjectName></Association><Association><Name><![CDATA[Included In]]></Name><TargetModule><![CDATA[triIntegration]]></TargetModule><TargetBo><![CDATA[triIntegrationInstance]]></TargetBo><TargetObjectName><![CDATA[\triServiceRequest - APIC - HTTP Post.316]]></TargetObjectName></Association><Association><Name><![CDATA[Belongs To]]></Name><TargetModule><![CDATA[triIntegration]]></TargetModule><TargetBo><![CDATA[triIntegrationInstance]]></TargetBo><TargetObjectName><![CDATA[\triServiceRequest - APIC - HTTP Post.316]]></TargetObjectName></Association><Association><Name><![CDATA[Included In]]></Name><TargetModule><![CDATA[triIntegration]]></TargetModule><TargetBo><![CDATA[triIntegrationInstance]]></TargetBo><TargetObjectName><![CDATA[\triServiceRequest - APIC - HTTP Post.312]]></TargetObjectName></Association><Association><Name><![CDATA[Belongs To]]></Name><TargetModule><![CDATA[triIntegration]]></TargetModule><TargetBo><![CDATA[triIntegrationInstance]]></TargetBo><TargetObjectName><![CDATA[\triServiceRequest - APIC - HTTP Post.312]]></TargetObjectName></Association><Association><Name><![CDATA[Included In]]></Name><TargetModule><![CDATA[triIntegration]]></TargetModule><TargetBo><![CDATA[triIntegrationInstance]]></TargetBo><TargetObjectName><![CDATA[\triServiceRequest - APIC - HTTP Post.308]]></TargetObjectName></Association><Association><Name><![CDATA[Belongs To]]></Name><TargetModule><![CDATA[triIntegration]]></TargetModule><TargetBo><![CDATA[triIntegrationInstance]]></TargetBo><TargetObjectName><![CDATA[\triServiceRequest - APIC - HTTP Post.308]]></TargetObjectName></Association><Association><Name><![CDATA[Included In]]></Name><TargetModule><![CDATA[triIntegration]]></TargetModule><TargetBo><![CDATA[triIntegrationInstance]]></TargetBo><TargetObjectName><![CDATA[\triServiceRequest - APIC - HTTP Post.305]]></TargetObjectName></Association><Association><Name><![CDATA[Belongs To]]></Name><TargetModule><![CDATA[triIntegration]]></TargetModule><TargetBo><![CDATA[triIntegrationInstance]]></TargetBo><TargetObjectName><![CDATA[\triServiceRequest - APIC - HTTP Post.305]]></TargetObjectName></Association><Association><Name><![CDATA[Included In]]></Name><TargetModule><![CDATA[triIntegration]]></TargetModule><TargetBo><![CDATA[triIntegrationInstance]]></TargetBo><TargetObjectName><![CDATA[\triServiceRequest - APIC - HTTP Post.302]]></TargetObjectName></Association><Association><Name><![CDATA[Belongs To]]></Name><TargetModule><![CDATA[triIntegration]]></TargetModule><TargetBo><![CDATA[triIntegrationInstance]]></TargetBo><TargetObjectName><![CDATA[\triServiceRequest - APIC - HTTP Post.302]]></TargetObjectName></Association><Association><Name><![CDATA[Included In]]></Name><TargetModule><![CDATA[triIntegration]]></TargetModule><TargetBo><![CDATA[triIntegrationInstance]]></TargetBo><TargetObjectName><![CDATA[\triServiceRequest - APIC - HTTP Post.301]]></TargetObjectName></Association><Association><Name><![CDATA[Belongs To]]></Name><TargetModule><![CDATA[triIntegration]]></TargetModule><TargetBo><![CDATA[triIntegrationInstance]]></TargetBo><TargetObjectName><![CDATA[\triServiceRequest - APIC - HTTP Post.301]]></TargetObjectName></Association><Association><Name><![CDATA[Included In]]></Name><TargetModule><![CDATA[triIntegration]]></TargetModule><TargetBo><![CDATA[triIntegrationInstance]]></TargetBo><TargetObjectName><![CDATA[\triServiceRequest - APIC - HTTP Post.298]]></TargetObjectName></Association><Association><Name><![CDATA[Belongs To]]></Name><TargetModule><![CDATA[triIntegration]]></TargetModule><TargetBo><![CDATA[triIntegrationInstance]]></TargetBo><TargetObjectName><![CDATA[\triServiceRequest - APIC - HTTP Post.298]]></TargetObjectName></Association><Association><Name><![CDATA[Included In]]></Name><TargetModule><![CDATA[triIntegration]]></TargetModule><TargetBo><![CDATA[triIntegrationInstance]]></TargetBo><TargetObjectName><![CDATA[\triServiceRequest - APIC - HTTP Post.297]]></TargetObjectName></Association><Association><Name><![CDATA[Belongs To]]></Name><TargetModule><![CDATA[triIntegration]]></TargetModule><TargetBo><![CDATA[triIntegrationInstance]]></TargetBo><TargetObjectName><![CDATA[\triServiceRequest - APIC - HTTP Post.297]]></TargetObjectName></Association><Association><Name><![CDATA[Included In]]></Name><TargetModule><![CDATA[triIntegration]]></TargetModule><TargetBo><![CDATA[triIntegrationInstance]]></TargetBo><TargetObjectName><![CDATA[\triServiceRequest - APIC - HTTP Post.295]]></TargetObjectName></Association><Association><Name><![CDATA[Belongs To]]></Name><TargetModule><![CDATA[triIntegration]]></TargetModule><TargetBo><![CDATA[triIntegrationInstance]]></TargetBo><TargetObjectName><![CDATA[\triServiceRequest - APIC - HTTP Post.295]]></TargetObjectName></Association><Association><Name><![CDATA[Included In]]></Name><TargetModule><![CDATA[triIntegration]]></TargetModule><TargetBo><![CDATA[triIntegrationInstance]]></TargetBo><TargetObjectName><![CDATA[\triServiceRequest - APIC - HTTP Post.40]]></TargetObjectName></Association><Association><Name><![CDATA[Belongs To]]></Name><TargetModule><![CDATA[triIntegration]]></TargetModule><TargetBo><![CDATA[triIntegrationInstance]]></TargetBo><TargetObjectName><![CDATA[\triServiceRequest - APIC - HTTP Post.40]]></TargetObjectName></Association><Association><Name><![CDATA[Included In]]></Name><TargetModule><![CDATA[triIntegration]]></TargetModule><TargetBo><![CDATA[triIntegrationInstance]]></TargetBo><TargetObjectName><![CDATA[\triServiceRequest - APIC - HTTP Post.27]]></TargetObjectName></Association><Association><Name><![CDATA[Belongs To]]></Name><TargetModule><![CDATA[triIntegration]]></TargetModule><TargetBo><![CDATA[triIntegrationInstance]]></TargetBo><TargetObjectName><![CDATA[\triServiceRequest - APIC - HTTP Post.27]]></TargetObjectName></Association><Association><Name><![CDATA[Included In]]></Name><TargetModule><![CDATA[triIntegration]]></TargetModule><TargetBo><![CDATA[triIntegrationInstance]]></TargetBo><TargetObjectName><![CDATA[\triServiceRequest - APIC - HTTP Post.528]]></TargetObjectName></Association><Association><Name><![CDATA[Belongs To]]></Name><TargetModule><![CDATA[triIntegration]]></TargetModule><TargetBo><![CDATA[triIntegrationInstance]]></TargetBo><TargetObjectName><![CDATA[\triServiceRequest - APIC - HTTP Post.528]]></TargetObjectName></Association><Association><Name><![CDATA[Included In]]></Name><TargetModule><![CDATA[triIntegration]]></TargetModule><TargetBo><![CDATA[triIntegrationInstance]]></TargetBo><TargetObjectName><![CDATA[\triServiceRequest - APIC - HTTP Post.526]]></TargetObjectName></Association><Association><Name><![CDATA[Belongs To]]></Name><TargetModule><![CDATA[triIntegration]]></TargetModule><TargetBo><![CDATA[triIntegrationInstance]]></TargetBo><TargetObjectName><![CDATA[\triServiceRequest - APIC - HTTP Post.526]]></TargetObjectName></Association><Association><Name><![CDATA[Included In]]></Name><TargetModule><![CDATA[triIntegration]]></TargetModule><TargetBo><![CDATA[triIntegrationInstance]]></TargetBo><TargetObjectName><![CDATA[\triServiceRequest - APIC - HTTP Post.422]]></TargetObjectName></Association><Association><Name><![CDATA[Belongs To]]></Name><TargetModule><![CDATA[triIntegration]]></TargetModule><TargetBo><![CDATA[triIntegrationInstance]]></TargetBo><TargetObjectName><![CDATA[\triServiceRequest - APIC - HTTP Post.422]]></TargetObjectName></Association><Association><Name><![CDATA[Included In]]></Name><TargetModule><![CDATA[triIntegration]]></TargetModule><TargetBo><![CDATA[triIntegrationInstance]]></TargetBo><TargetObjectName><![CDATA[\triServiceRequest - APIC - HTTP Post.421]]></TargetObjectName></Association><Association><Name><![CDATA[Belongs To]]></Name><TargetModule><![CDATA[triIntegration]]></TargetModule><TargetBo><![CDATA[triIntegrationInstance]]></TargetBo><TargetObjectName><![CDATA[\triServiceRequest - APIC - HTTP Post.421]]></TargetObjectName></Association><Association><Name><![CDATA[Included In]]></Name><TargetModule><![CDATA[triIntegration]]></TargetModule><TargetBo><![CDATA[triIntegrationInstance]]></TargetBo><TargetObjectName><![CDATA[\triServiceRequest - APIC - HTTP Post.420]]></TargetObjectName></Association><Association><Name><![CDATA[Belongs To]]></Name><TargetModule><![CDATA[triIntegration]]></TargetModule><TargetBo><![CDATA[triIntegrationInstance]]></TargetBo><TargetObjectName><![CDATA[\triServiceRequest - APIC - HTTP Post.420]]></TargetObjectName></Association><Association><Name><![CDATA[Included In]]></Name><TargetModule><![CDATA[triIntegration]]></TargetModule><TargetBo><![CDATA[triIntegrationInstance]]></TargetBo><TargetObjectName><![CDATA[\triServiceRequest - APIC - HTTP Post.394]]></TargetObjectName></Association><Association><Name><![CDATA[Belongs To]]></Name><TargetModule><![CDATA[triIntegration]]></TargetModule><TargetBo><![CDATA[triIntegrationInstance]]></TargetBo><TargetObjectName><![CDATA[\triServiceRequest - APIC - HTTP Post.394]]></TargetObjectName></Association><Association><Name><![CDATA[Included In]]></Name><TargetModule><![CDATA[triIntegration]]></TargetModule><TargetBo><![CDATA[triIntegrationInstance]]></TargetBo><TargetObjectName><![CDATA[\triServiceRequest - APIC - HTTP Post.392]]></TargetObjectName></Association><Association><Name><![CDATA[Belongs To]]></Name><TargetModule><![CDATA[triIntegration]]></TargetModule><TargetBo><![CDATA[triIntegrationInstance]]></TargetBo><TargetObjectName><![CDATA[\triServiceRequest - APIC - HTTP Post.392]]></TargetObjectName></Association><Association><Name><![CDATA[Included In]]></Name><TargetModule><![CDATA[triIntegration]]></TargetModule><TargetBo><![CDATA[triIntegrationInstance]]></TargetBo><TargetObjectName><![CDATA[\triServiceRequest - APIC - HTTP Post.390]]></TargetObjectName></Association><Association><Name><![CDATA[Belongs To]]></Name><TargetModule><![CDATA[triIntegration]]></TargetModule><TargetBo><![CDATA[triIntegrationInstance]]></TargetBo><TargetObjectName><![CDATA[\triServiceRequest - APIC - HTTP Post.390]]></TargetObjectName></Association><Association><Name><![CDATA[Included In]]></Name><TargetModule><![CDATA[triIntegration]]></TargetModule><TargetBo><![CDATA[triIntegrationInstance]]></TargetBo><TargetObjectName><![CDATA[\triServiceRequest - APIC - HTTP Post.388]]></TargetObjectName></Association><Association><Name><![CDATA[Belongs To]]></Name><TargetModule><![CDATA[triIntegration]]></TargetModule><TargetBo><![CDATA[triIntegrationInstance]]></TargetBo><TargetObjectName><![CDATA[\triServiceRequest - APIC - HTTP Post.388]]></TargetObjectName></Association><Association><Name><![CDATA[Included In]]></Name><TargetModule><![CDATA[triIntegration]]></TargetModule><TargetBo><![CDATA[triIntegrationInstance]]></TargetBo><TargetObjectName><![CDATA[\triServiceRequest - APIC - HTTP Post.387]]></TargetObjectName></Association><Association><Name><![CDATA[Belongs To]]></Name><TargetModule><![CDATA[triIntegration]]></TargetModule><TargetBo><![CDATA[triIntegrationInstance]]></TargetBo><TargetObjectName><![CDATA[\triServiceRequest - APIC - HTTP Post.387]]></TargetObjectName></Association><Association><Name><![CDATA[Included In]]></Name><TargetModule><![CDATA[triIntegration]]></TargetModule><TargetBo><![CDATA[triIntegrationInstance]]></TargetBo><TargetObjectName><![CDATA[\triServiceRequest - APIC - HTTP Post.360]]></TargetObjectName></Association><Association><Name><![CDATA[Belongs To]]></Name><TargetModule><![CDATA[triIntegration]]></TargetModule><TargetBo><![CDATA[triIntegrationInstance]]></TargetBo><TargetObjectName><![CDATA[\triServiceRequest - APIC - HTTP Post.360]]></TargetObjectName></Association><Association><Name><![CDATA[Included In]]></Name><TargetModule><![CDATA[triIntegration]]></TargetModule><TargetBo><![CDATA[triIntegrationInstance]]></TargetBo><TargetObjectName><![CDATA[\triServiceRequest - APIC - HTTP Post.359]]></TargetObjectName></Association><Association><Name><![CDATA[Belongs To]]></Name><TargetModule><![CDATA[triIntegration]]></TargetModule><TargetBo><![CDATA[triIntegrationInstance]]></TargetBo><TargetObjectName><![CDATA[\triServiceRequest - APIC - HTTP Post.359]]></TargetObjectName></Association><Association><Name><![CDATA[Included In]]></Name><TargetModule><![CDATA[triIntegration]]></TargetModule><TargetBo><![CDATA[triIntegrationInstance]]></TargetBo><TargetObjectName><![CDATA[\triServiceRequest - APIC - HTTP Post.358]]></TargetObjectName></Association><Association><Name><![CDATA[Belongs To]]></Name><TargetModule><![CDATA[triIntegration]]></TargetModule><TargetBo><![CDATA[triIntegrationInstance]]></TargetBo><TargetObjectName><![CDATA[\triServiceRequest - APIC - HTTP Post.358]]></TargetObjectName></Association><Association><Name><![CDATA[Included In]]></Name><TargetModule><![CDATA[triIntegration]]></TargetModule><TargetBo><![CDATA[triIntegrationInstance]]></TargetBo><TargetObjectName><![CDATA[\triServiceRequest - APIC - HTTP Post.356]]></TargetObjectName></Association><Association><Name><![CDATA[Belongs To]]></Name><TargetModule><![CDATA[triIntegration]]></TargetModule><TargetBo><![CDATA[triIntegrationInstance]]></TargetBo><TargetObjectName><![CDATA[\triServiceRequest - APIC - HTTP Post.356]]></TargetObjectName></Association><Association><Name><![CDATA[Included In]]></Name><TargetModule><![CDATA[triIntegration]]></TargetModule><TargetBo><![CDATA[triIntegrationInstance]]></TargetBo><TargetObjectName><![CDATA[\triServiceRequest - APIC - HTTP Post.349]]></TargetObjectName></Association><Association><Name><![CDATA[Belongs To]]></Name><TargetModule><![CDATA[triIntegration]]></TargetModule><TargetBo><![CDATA[triIntegrationInstance]]></TargetBo><TargetObjectName><![CDATA[\triServiceRequest - APIC - HTTP Post.349]]></TargetObjectName></Association><Association><Name><![CDATA[Included In]]></Name><TargetModule><![CDATA[triIntegration]]></TargetModule><TargetBo><![CDATA[triIntegrationInstance]]></TargetBo><TargetObjectName><![CDATA[\triServiceRequest - APIC - HTTP Post.348]]></TargetObjectName></Association><Association><Name><![CDATA[Belongs To]]></Name><TargetModule><![CDATA[triIntegration]]></TargetModule><TargetBo><![CDATA[triIntegrationInstance]]></TargetBo><TargetObjectName><![CDATA[\triServiceRequest - APIC - HTTP Post.348]]></TargetObjectName></Association><Association><Name><![CDATA[Included In]]></Name><TargetModule><![CDATA[triIntegration]]></TargetModule><TargetBo><![CDATA[triIntegrationInstance]]></TargetBo><TargetObjectName><![CDATA[\triServiceRequest - APIC - HTTP Post.347]]></TargetObjectName></Association><Association><Name><![CDATA[Belongs To]]></Name><TargetModule><![CDATA[triIntegration]]></TargetModule><TargetBo><![CDATA[triIntegrationInstance]]></TargetBo><TargetObjectName><![CDATA[\triServiceRequest - APIC - HTTP Post.347]]></TargetObjectName></Association><Association><Name><![CDATA[Included In]]></Name><TargetModule><![CDATA[triIntegration]]></TargetModule><TargetBo><![CDATA[triIntegrationInstance]]></TargetBo><TargetObjectName><![CDATA[\triServiceRequest - APIC - HTTP Post.346]]></TargetObjectName></Association><Association><Name><![CDATA[Belongs To]]></Name><TargetModule><![CDATA[triIntegration]]></TargetModule><TargetBo><![CDATA[triIntegrationInstance]]></TargetBo><TargetObjectName><![CDATA[\triServiceRequest - APIC - HTTP Post.346]]></TargetObjectName></Association><Association><Name><![CDATA[Included In]]></Name><TargetModule><![CDATA[triIntegration]]></TargetModule><TargetBo><![CDATA[triIntegrationInstance]]></TargetBo><TargetObjectName><![CDATA[\triServiceRequest - APIC - HTTP Post.345]]></TargetObjectName></Association><Association><Name><![CDATA[Belongs To]]></Name><TargetModule><![CDATA[triIntegration]]></TargetModule><TargetBo><![CDATA[triIntegrationInstance]]></TargetBo><TargetObjectName><![CDATA[\triServiceRequest - APIC - HTTP Post.345]]></TargetObjectName></Association><Association><Name><![CDATA[Included In]]></Name><TargetModule><![CDATA[triIntegration]]></TargetModule><TargetBo><![CDATA[triIntegrationInstance]]></TargetBo><TargetObjectName><![CDATA[\triServiceRequest - APIC - HTTP Post.344]]></TargetObjectName></Association><Association><Name><![CDATA[Belongs To]]></Name><TargetModule><![CDATA[triIntegration]]></TargetModule><TargetBo><![CDATA[triIntegrationInstance]]></TargetBo><TargetObjectName><![CDATA[\triServiceRequest - APIC - HTTP Post.344]]></TargetObjectName></Association><Association><Name><![CDATA[Included In]]></Name><TargetModule><![CDATA[triIntegration]]></TargetModule><TargetBo><![CDATA[triIntegrationInstance]]></TargetBo><TargetObjectName><![CDATA[\triServiceRequest - APIC - HTTP Post.343]]></TargetObjectName></Association><Association><Name><![CDATA[Belongs To]]></Name><TargetModule><![CDATA[triIntegration]]></TargetModule><TargetBo><![CDATA[triIntegrationInstance]]></TargetBo><TargetObjectName><![CDATA[\triServiceRequest - APIC - HTTP Post.343]]></TargetObjectName></Association><Association><Name><![CDATA[Included In]]></Name><TargetModule><![CDATA[triIntegration]]></TargetModule><TargetBo><![CDATA[triIntegrationInstance]]></TargetBo><TargetObjectName><![CDATA[\triServiceRequest - APIC - HTTP Post.342]]></TargetObjectName></Association><Association><Name><![CDATA[Belongs To]]></Name><TargetModule><![CDATA[triIntegration]]></TargetModule><TargetBo><![CDATA[triIntegrationInstance]]></TargetBo><TargetObjectName><![CDATA[\triServiceRequest - APIC - HTTP Post.342]]></TargetObjectName></Association><Association><Name><![CDATA[Included In]]></Name><TargetModule><![CDATA[triIntegration]]></TargetModule><TargetBo><![CDATA[triIntegrationInstance]]></TargetBo><TargetObjectName><![CDATA[\triServiceRequest - APIC - HTTP Post.341]]></TargetObjectName></Association><Association><Name><![CDATA[Belongs To]]></Name><TargetModule><![CDATA[triIntegration]]></TargetModule><TargetBo><![CDATA[triIntegrationInstance]]></TargetBo><TargetObjectName><![CDATA[\triServiceRequest - APIC - HTTP Post.341]]></TargetObjectName></Association><Association><Name><![CDATA[Included In]]></Name><TargetModule><![CDATA[triIntegration]]></TargetModule><TargetBo><![CDATA[triIntegrationInstance]]></TargetBo><TargetObjectName><![CDATA[\triServiceRequest - APIC - HTTP Post.340]]></TargetObjectName></Association><Association><Name><![CDATA[Belongs To]]></Name><TargetModule><![CDATA[triIntegration]]></TargetModule><TargetBo><![CDATA[triIntegrationInstance]]></TargetBo><TargetObjectName><![CDATA[\triServiceRequest - APIC - HTTP Post.340]]></TargetObjectName></Association><Association><Name><![CDATA[Included In]]></Name><TargetModule><![CDATA[triIntegration]]></TargetModule><TargetBo><![CDATA[triIntegrationInstance]]></TargetBo><TargetObjectName><![CDATA[\triServiceRequest - APIC - HTTP Post.339]]></TargetObjectName></Association><Association><Name><![CDATA[Included In]]></Name><TargetModule><![CDATA[triIntegration]]></TargetModule><TargetBo><![CDATA[triIntegrationInstance]]></TargetBo><TargetObjectName><![CDATA[\triServiceRequest - APIC - HTTP Post.556]]></TargetObjectName></Association><Association><Name><![CDATA[Belongs To]]></Name><TargetModule><![CDATA[triIntegration]]></TargetModule><TargetBo><![CDATA[triIntegrationInstance]]></TargetBo><TargetObjectName><![CDATA[\triServiceRequest - APIC - HTTP Post.556]]></TargetObjectName></Association><Association><Name><![CDATA[Included In]]></Name><TargetModule><![CDATA[triIntegration]]></TargetModule><TargetBo><![CDATA[triIntegrationInstance]]></TargetBo><TargetObjectName><![CDATA[\triServiceRequest - APIC - HTTP Post.549]]></TargetObjectName></Association><Association><Name><![CDATA[Belongs To]]></Name><TargetModule><![CDATA[triIntegration]]></TargetModule><TargetBo><![CDATA[triIntegrationInstance]]></TargetBo><TargetObjectName><![CDATA[\triServiceRequest - APIC - HTTP Post.549]]></TargetObjectName></Association><Association><Name><![CDATA[Included In]]></Name><TargetModule><![CDATA[triIntegration]]></TargetModule><TargetBo><![CDATA[triIntegrationInstance]]></TargetBo><TargetObjectName><![CDATA[\triServiceRequest - APIC - HTTP Post.548]]></TargetObjectName></Association><Association><Name><![CDATA[Belongs To]]></Name><TargetModule><![CDATA[triIntegration]]></TargetModule><TargetBo><![CDATA[triIntegrationInstance]]></TargetBo><TargetObjectName><![CDATA[\triServiceRequest - APIC - HTTP Post.548]]></TargetObjectName></Association><Association><Name><![CDATA[Included In]]></Name><TargetModule><![CDATA[triIntegration]]></TargetModule><TargetBo><![CDATA[triIntegrationInstance]]></TargetBo><TargetObjectName><![CDATA[\triServiceRequest - APIC - HTTP Post.546]]></TargetObjectName></Association><Association><Name><![CDATA[Belongs To]]></Name><TargetModule><![CDATA[triIntegration]]></TargetModule><TargetBo><![CDATA[triIntegrationInstance]]></TargetBo><TargetObjectName><![CDATA[\triServiceRequest - APIC - HTTP Post.546]]></TargetObjectName></Association><Association><Name><![CDATA[Included In]]></Name><TargetModule><![CDATA[triIntegration]]></TargetModule><TargetBo><![CDATA[triIntegrationInstance]]></TargetBo><TargetObjectName><![CDATA[\triServiceRequest - APIC - HTTP Post.545]]></TargetObjectName></Association><Association><Name><![CDATA[Belongs To]]></Name><TargetModule><![CDATA[triIntegration]]></TargetModule><TargetBo><![CDATA[triIntegrationInstance]]></TargetBo><TargetObjectName><![CDATA[\triServiceRequest - APIC - HTTP Post.545]]></TargetObjectName></Association><Association><Name><![CDATA[Included In]]></Name><TargetModule><![CDATA[triIntegration]]></TargetModule><TargetBo><![CDATA[triIntegrationInstance]]></TargetBo><TargetObjectName><![CDATA[\triServiceRequest - APIC - HTTP Post.544]]></TargetObjectName></Association><Association><Name><![CDATA[Belongs To]]></Name><TargetModule><![CDATA[triIntegration]]></TargetModule><TargetBo><![CDATA[triIntegrationInstance]]></TargetBo><TargetObjectName><![CDATA[\triServiceRequest - APIC - HTTP Post.544]]></TargetObjectName></Association><Association><Name><![CDATA[Included In]]></Name><TargetModule><![CDATA[triIntegration]]></TargetModule><TargetBo><![CDATA[triIntegrationInstance]]></TargetBo><TargetObjectName><![CDATA[\triServiceRequest - APIC - HTTP Post.533]]></TargetObjectName></Association></Associations>     </BoRecord>
</BoRecords>
