<?xml version="1.0" encoding="UTF-8"?>
<!-- IBM Confidential OCO Source Materials --><!-- (C) COPYRIGHT IBM CORP. 2011-2022 --><!-- The source code for this program is not published or otherwise divested of its trade secrets, irrespective of what has been deposited with the U.S. Copyright Office. --><Workflow><Header Type="0" WfStatus="10" IgnoreModuleLevel="0" InstanceData="0" LockRecord="0" Modifier="0"><ObjectLabelName><![CDATA[In Progress 0.0]]></ObjectLabelName><Name><![CDATA[triAPICBuilding - Synchronous - Create Building]]></Name><Module><![CDATA[triAPIConnect]]></Module><BO><![CDATA[triAPICBuilding]]></BO><EventName><![CDATA[Pre-Create]]></EventName><Description /><AssociationName /><UpdatedBy><![CDATA[Puri, Sumit - 1000000]]></UpdatedBy><AssociatedBO /><AssociatedModule><![CDATA[triAPIConnect]]></AssociatedModule></Header><Tasks><Task Id="0" Type="1" FilterOperator="10" RecurrenceId="0" MapId="444206" SRCTaskId="-1" TRGTTaskId="-1" AssigneeTaskId="0" SortCount="1" UseMap="1" LockUser="0" AssignToFlag="1" EstEndInDays="0" EstEndInHrs="0" EstEndInMins="0" DateContext="0" ServiceContext="1"><TaskLabel><![CDATA[Start]]></TaskLabel><EventName><![CDATA[Pre-Create]]></EventName><Description /><DeleteSection /><SumSection /><SumField /><FilterSection /><FilterField /><FilterValue /><ServiceAssociation /><TargetAssociation /><TransactionType><![CDATA[0]]></TransactionType><Status><![CDATA[0]]></Status><ParametersMapId><![CDATA[-1]]></ParametersMapId><FormulaRecalc><![CDATA[0]]></FormulaRecalc><Module><![CDATA[triAPIConnect]]></Module><BO><![CDATA[triAPICBuilding]]></BO><AssociatedModule><![CDATA[triAPIConnect]]></AssociatedModule><AssociatedBO /><AssignToUserMod /><AssignToUserBO /><AssignToUser /><TaskRefs /><Condition><Expression><![CDATA[ ]]></Expression></Condition></Task><Task Id="447037" Type="9" FilterOperator="10" RecurrenceId="0" MapId="-1" SRCTaskId="-1" TRGTTaskId="-1" AssigneeTaskId="0" SortCount="1" UseMap="1" LockUser="0" AssignToFlag="1" EstEndInDays="0" EstEndInHrs="0" EstEndInMins="0" DateContext="0" ServiceContext="1"><TaskLabel /><EventName /><Description /><DeleteSection /><SumSection /><SumField /><FilterSection /><FilterField /><FilterValue /><ServiceAssociation /><TargetAssociation /><TransactionType><![CDATA[0]]></TransactionType><Status><![CDATA[0]]></Status><ParametersMapId><![CDATA[-1]]></ParametersMapId><FormulaRecalc><![CDATA[0]]></FormulaRecalc><Module /><BO /><AssignToUserMod /><AssignToUserBO /><AssignToUser /><TaskRefs /></Task><Task Id="447038" Type="28" FilterOperator="10" RecurrenceId="0" MapId="165210" SRCTaskId="-1" TRGTTaskId="-1" AssigneeTaskId="0" SortCount="1" UseMap="1" LockUser="0" AssignToFlag="1" EstEndInDays="0" EstEndInHrs="0" EstEndInMins="0" DateContext="0" ServiceContext="1"><TaskLabel><![CDATA[Map Created By]]></TaskLabel><EventName><![CDATA[Append]]></EventName><Description /><DeleteSection /><SumSection /><SumField /><FilterSection /><FilterField /><FilterValue /><ServiceAssociation /><TargetAssociation /><TransactionType><![CDATA[0]]></TransactionType><Status><![CDATA[0]]></Status><ParametersMapId><![CDATA[-1]]></ParametersMapId><FormulaRecalc><![CDATA[2]]></FormulaRecalc><Module><![CDATA[triAPIConnect]]></Module><BO><![CDATA[triAPICBuilding]]></BO><AssignToUserMod /><AssignToUserBO /><AssignToUser /><TaskRefs><TaskRef RefType="0" UseType="1" TaskRefType="0" CtxType="-1" RefTaskId="0"><RefSec /><RefField><![CDATA[null]]></RefField><RefAssoc /><RefModule><![CDATA[triAPIConnect]]></RefModule><RefObject><![CDATA[triAPICBuilding]]></RefObject><RefRecordMod /><RefRecordBO /><RefRecord /></TaskRef><TaskRef RefType="1" UseType="2" TaskRefType="1" CtxType="-1" RefTaskId="0"><RefSec /><RefField><![CDATA[null]]></RefField><RefAssoc /><RefModule><![CDATA[triPeople]]></RefModule><RefObject><![CDATA[triPeople]]></RefObject></TaskRef></TaskRefs><ObjMappings><ObjMapping Id="165210" Type="10"><FldVal><![CDATA[Detail::triNameTX]]></FldVal><SrcFldVal /><TrgtModule><![CDATA[triAPIConnect]]></TrgtModule><TrgtBo><![CDATA[triAPICProperty]]></TrgtBo><SrcModule><![CDATA[triPeople]]></SrcModule><SrcBo><![CDATA[triPeople]]></SrcBo><TrgtTab><![CDATA[General]]></TrgtTab><TrgtSec><![CDATA[General]]></TrgtSec><TrgtFld><![CDATA[triCreatedByTX]]></TrgtFld><SrcTab><![CDATA[General]]></SrcTab><SrcSec><![CDATA[Detail]]></SrcSec><SrcFld><![CDATA[triNameTX]]></SrcFld></ObjMapping></ObjMappings></Task><Task Id="447039" Type="27" FilterOperator="10" RecurrenceId="0" MapId="165211" SRCTaskId="-1" TRGTTaskId="-1" AssigneeTaskId="0" SortCount="1" UseMap="1" LockUser="0" AssignToFlag="1" EstEndInDays="0" EstEndInHrs="0" EstEndInMins="0" DateContext="0" ServiceContext="1"><TaskLabel><![CDATA[Create Building]]></TaskLabel><EventName><![CDATA[triCreateDraft]]></EventName><Description /><DeleteSection /><SumSection /><SumField /><FilterSection /><FilterField /><FilterValue /><ServiceAssociation /><TargetAssociation /><TransactionType><![CDATA[0]]></TransactionType><Status><![CDATA[0]]></Status><ParametersMapId><![CDATA[-1]]></ParametersMapId><FormulaRecalc><![CDATA[2]]></FormulaRecalc><Module><![CDATA[Location]]></Module><BO><![CDATA[triBuilding]]></BO><AssociatedModule><![CDATA[Location]]></AssociatedModule><AssociatedBO><![CDATA[triBuilding]]></AssociatedBO><AssignToUserMod /><AssignToUserBO /><AssignToUser /><TaskRefs><TaskRef RefType="1" UseType="2" TaskRefType="0" CtxType="-1" RefTaskId="0"><RefSec /><RefField><![CDATA[null]]></RefField><RefAssoc /><RefModule><![CDATA[triAPIConnect]]></RefModule><RefObject><![CDATA[triAPICBuilding]]></RefObject></TaskRef></TaskRefs><ObjMappings><ObjMapping Id="165211" Type="6"><FldVal><![CDATA[yes]]></FldVal><SrcFldVal /><TrgtModule><![CDATA[Location]]></TrgtModule><TrgtBo><![CDATA[triBuilding]]></TrgtBo><SrcModule><![CDATA[triAPIConnect]]></SrcModule><SrcBo><![CDATA[triAPICBuilding]]></SrcBo><TrgtTab /><TrgtSec /><TrgtFld /><SrcTab /><SrcSec /><SrcFld /></ObjMapping><ObjMapping Id="165211" Type="10"><FldVal><![CDATA[General::triDescriptionTX]]></FldVal><SrcFldVal /><TrgtModule><![CDATA[Location]]></TrgtModule><TrgtBo><![CDATA[triBuilding]]></TrgtBo><SrcModule><![CDATA[triAPIConnect]]></SrcModule><SrcBo><![CDATA[triAPICBuilding]]></SrcBo><TrgtTab><![CDATA[General]]></TrgtTab><TrgtSec><![CDATA[RecordInformation]]></TrgtSec><TrgtFld><![CDATA[triDescriptionTX]]></TrgtFld><SrcTab><![CDATA[General]]></SrcTab><SrcSec><![CDATA[General]]></SrcSec><SrcFld><![CDATA[triDescriptionTX]]></SrcFld></ObjMapping><ObjMapping Id="165211" Type="10"><FldVal><![CDATA[General::triIdTX]]></FldVal><SrcFldVal /><TrgtModule><![CDATA[Location]]></TrgtModule><TrgtBo><![CDATA[triBuilding]]></TrgtBo><SrcModule><![CDATA[triAPIConnect]]></SrcModule><SrcBo><![CDATA[triAPICBuilding]]></SrcBo><TrgtTab><![CDATA[General]]></TrgtTab><TrgtSec><![CDATA[RecordInformation]]></TrgtSec><TrgtFld><![CDATA[triIdTX]]></TrgtFld><SrcTab><![CDATA[General]]></SrcTab><SrcSec><![CDATA[General]]></SrcSec><SrcFld><![CDATA[triIdTX]]></SrcFld></ObjMapping><ObjMapping Id="165211" Type="10"><FldVal><![CDATA[General::triNameTX]]></FldVal><SrcFldVal /><TrgtModule><![CDATA[Location]]></TrgtModule><TrgtBo><![CDATA[triBuilding]]></TrgtBo><SrcModule><![CDATA[triAPIConnect]]></SrcModule><SrcBo><![CDATA[triAPICBuilding]]></SrcBo><TrgtTab><![CDATA[General]]></TrgtTab><TrgtSec><![CDATA[RecordInformation]]></TrgtSec><TrgtFld><![CDATA[triNameTX]]></TrgtFld><SrcTab><![CDATA[General]]></SrcTab><SrcSec><![CDATA[General]]></SrcSec><SrcFld><![CDATA[triNameTX]]></SrcFld></ObjMapping><ObjMapping Id="165211" Type="10"><FldVal><![CDATA[General::triCityTX]]></FldVal><SrcFldVal /><TrgtModule><![CDATA[Location]]></TrgtModule><TrgtBo><![CDATA[triBuilding]]></TrgtBo><SrcModule><![CDATA[triAPIConnect]]></SrcModule><SrcBo><![CDATA[triAPICBuilding]]></SrcBo><TrgtTab><![CDATA[General]]></TrgtTab><TrgtSec><![CDATA[RecordInformation]]></TrgtSec><TrgtFld><![CDATA[triCityTX]]></TrgtFld><SrcTab><![CDATA[General]]></SrcTab><SrcSec><![CDATA[General]]></SrcSec><SrcFld><![CDATA[triCityTX]]></SrcFld></ObjMapping><ObjMapping Id="165211" Type="10"><FldVal><![CDATA[General::triAddressTX]]></FldVal><SrcFldVal /><TrgtModule><![CDATA[Location]]></TrgtModule><TrgtBo><![CDATA[triBuilding]]></TrgtBo><SrcModule><![CDATA[triAPIConnect]]></SrcModule><SrcBo><![CDATA[triAPICBuilding]]></SrcBo><TrgtTab><![CDATA[General]]></TrgtTab><TrgtSec><![CDATA[RecordInformation]]></TrgtSec><TrgtFld><![CDATA[triAddressTX]]></TrgtFld><SrcTab><![CDATA[General]]></SrcTab><SrcSec><![CDATA[General]]></SrcSec><SrcFld><![CDATA[triAddressTX]]></SrcFld></ObjMapping><ObjMapping Id="165211" Type="10"><FldVal><![CDATA[General::triZipPostalTX]]></FldVal><SrcFldVal /><TrgtModule><![CDATA[Location]]></TrgtModule><TrgtBo><![CDATA[triBuilding]]></TrgtBo><SrcModule><![CDATA[triAPIConnect]]></SrcModule><SrcBo><![CDATA[triAPICBuilding]]></SrcBo><TrgtTab><![CDATA[General]]></TrgtTab><TrgtSec><![CDATA[RecordInformation]]></TrgtSec><TrgtFld><![CDATA[triZipPostalTX]]></TrgtFld><SrcTab><![CDATA[General]]></SrcTab><SrcSec><![CDATA[General]]></SrcSec><SrcFld><![CDATA[triZipPostalTX]]></SrcFld></ObjMapping><ObjMapping Id="165211" Type="10"><FldVal><![CDATA[General::triTenureCL]]></FldVal><SrcFldVal /><TrgtModule><![CDATA[Location]]></TrgtModule><TrgtBo><![CDATA[triBuilding]]></TrgtBo><SrcModule><![CDATA[triAPIConnect]]></SrcModule><SrcBo><![CDATA[triAPICBuilding]]></SrcBo><TrgtTab><![CDATA[General]]></TrgtTab><TrgtSec><![CDATA[RecordInformation]]></TrgtSec><TrgtFld><![CDATA[triTenureCL]]></TrgtFld><SrcTab><![CDATA[General]]></SrcTab><SrcSec><![CDATA[General]]></SrcSec><SrcFld><![CDATA[triTenureCL]]></SrcFld></ObjMapping><ObjMapping Id="165211" Type="10"><FldVal><![CDATA[General::triZoningCL]]></FldVal><SrcFldVal /><TrgtModule><![CDATA[Location]]></TrgtModule><TrgtBo><![CDATA[triBuilding]]></TrgtBo><SrcModule><![CDATA[triAPIConnect]]></SrcModule><SrcBo><![CDATA[triAPICBuilding]]></SrcBo><TrgtTab><![CDATA[General]]></TrgtTab><TrgtSec><![CDATA[RecordInformation]]></TrgtSec><TrgtFld><![CDATA[triZoningCL]]></TrgtFld><SrcTab><![CDATA[General]]></SrcTab><SrcSec><![CDATA[General]]></SrcSec><SrcFld><![CDATA[triZoningCL]]></SrcFld></ObjMapping><ObjMapping Id="165211" Type="10"><FldVal><![CDATA[General::triPrimaryUseCL]]></FldVal><SrcFldVal /><TrgtModule><![CDATA[Location]]></TrgtModule><TrgtBo><![CDATA[triBuilding]]></TrgtBo><SrcModule><![CDATA[triAPIConnect]]></SrcModule><SrcBo><![CDATA[triAPICBuilding]]></SrcBo><TrgtTab><![CDATA[General]]></TrgtTab><TrgtSec><![CDATA[RecordInformation]]></TrgtSec><TrgtFld><![CDATA[triPrimaryUseCL]]></TrgtFld><SrcTab><![CDATA[General]]></SrcTab><SrcSec><![CDATA[General]]></SrcSec><SrcFld><![CDATA[triPrimaryUseCL]]></SrcFld></ObjMapping><ObjMapping Id="165211" Type="10"><FldVal><![CDATA[General::triJurisdictionCL]]></FldVal><SrcFldVal /><TrgtModule><![CDATA[Location]]></TrgtModule><TrgtBo><![CDATA[triBuilding]]></TrgtBo><SrcModule><![CDATA[triAPIConnect]]></SrcModule><SrcBo><![CDATA[triAPICBuilding]]></SrcBo><TrgtTab><![CDATA[General]]></TrgtTab><TrgtSec><![CDATA[RecordInformation]]></TrgtSec><TrgtFld><![CDATA[triJurisdictionCL]]></TrgtFld><SrcTab><![CDATA[General]]></SrcTab><SrcSec><![CDATA[General]]></SrcSec><SrcFld><![CDATA[triJurisdictionCL]]></SrcFld></ObjMapping><ObjMapping Id="165211" Type="10"><FldVal><![CDATA[General::triActiveStartDA]]></FldVal><SrcFldVal /><TrgtModule><![CDATA[Location]]></TrgtModule><TrgtBo><![CDATA[triBuilding]]></TrgtBo><SrcModule><![CDATA[triAPIConnect]]></SrcModule><SrcBo><![CDATA[triAPICBuilding]]></SrcBo><TrgtTab><![CDATA[General]]></TrgtTab><TrgtSec><![CDATA[RecordInformation]]></TrgtSec><TrgtFld><![CDATA[triActiveStartDA]]></TrgtFld><SrcTab><![CDATA[General]]></SrcTab><SrcSec><![CDATA[General]]></SrcSec><SrcFld><![CDATA[triActiveStartDA]]></SrcFld></ObjMapping><ObjMapping Id="165211" Type="10"><FldVal><![CDATA[General::triBuildingClassCL]]></FldVal><SrcFldVal /><TrgtModule><![CDATA[Location]]></TrgtModule><TrgtBo><![CDATA[triBuilding]]></TrgtBo><SrcModule><![CDATA[triAPIConnect]]></SrcModule><SrcBo><![CDATA[triAPICBuilding]]></SrcBo><TrgtTab><![CDATA[General]]></TrgtTab><TrgtSec><![CDATA[RecordInformation]]></TrgtSec><TrgtFld><![CDATA[triBuildingClassCL]]></TrgtFld><SrcTab><![CDATA[General]]></SrcTab><SrcSec><![CDATA[General]]></SrcSec><SrcFld><![CDATA[triBuildingClassCL]]></SrcFld></ObjMapping></ObjMappings></Task><Task Id="447040" Type="22" FilterOperator="10" RecurrenceId="0" MapId="-1" SRCTaskId="-1" TRGTTaskId="-1" AssigneeTaskId="0" SortCount="1" UseMap="1" LockUser="0" AssignToFlag="1" EstEndInDays="0" EstEndInHrs="0" EstEndInMins="0" DateContext="0" ServiceContext="1"><TaskLabel><![CDATA[Query Parent Property]]></TaskLabel><EventName /><Description /><DeleteSection /><SumSection /><SumField /><FilterSection /><FilterField /><FilterValue /><ServiceAssociation /><TargetAssociation /><TransactionType><![CDATA[0]]></TransactionType><Status><![CDATA[0]]></Status><ParametersMapId><![CDATA[-1]]></ParametersMapId><FormulaRecalc><![CDATA[0]]></FormulaRecalc><Module><![CDATA[Location]]></Module><BO><![CDATA[triProperty]]></BO><FilterBo><![CDATA[triProperty - Workflow - All Properties for Patch Helper]]></FilterBo><FilterBoBO><![CDATA[triProperty]]></FilterBoBO><FilterModule><![CDATA[Location]]></FilterModule><AssignToUserMod /><AssignToUserBO /><AssignToUser /><TaskRefs><TaskRef RefType="0" UseType="1" TaskRefType="0" CtxType="-1" RefTaskId="0"><RefSec /><RefField><![CDATA[null]]></RefField><RefAssoc /><RefModule><![CDATA[triAPIConnect]]></RefModule><RefObject><![CDATA[triAPICBuilding]]></RefObject><RefRecordMod /><RefRecordBO /><RefRecord /></TaskRef><TaskRef RefType="1" UseType="2" TaskRefType="0" CtxType="-1" RefTaskId="0"><RefSec /><RefField><![CDATA[null]]></RefField><RefAssoc /><RefModule><![CDATA[triAPIConnect]]></RefModule><RefObject><![CDATA[triAPICBuilding]]></RefObject></TaskRef></TaskRefs><TaskFilters><TaskFilter SeqId="1" LDataType="320" RDataType="320" LListFlg="0" RListFlg="0" RListType="1" CnstFlg="0" Operator="10" AssociatedToName="" AssociatedToTaskId="0" AssociatedToWithChildren="0"><LSecName><![CDATA[RecordInformation]]></LSecName><LFldName><![CDATA[triPathTX]]></LFldName><RSecName><![CDATA[General]]></RSecName><RFldName><![CDATA[triParentLocationTX]]></RFldName><RValue /></TaskFilter></TaskFilters></Task><Task Id="447041" Type="33" FilterOperator="10" RecurrenceId="0" MapId="-1" SRCTaskId="-1" TRGTTaskId="-1" AssigneeTaskId="0" SortCount="1" UseMap="1" LockUser="0" AssignToFlag="1" EstEndInDays="0" EstEndInHrs="0" EstEndInMins="0" DateContext="0" ServiceContext="1"><TaskLabel><![CDATA[Add Child]]></TaskLabel><EventName><![CDATA[WFADDCHILD]]></EventName><Description /><DeleteSection /><SumSection /><SumField /><FilterSection /><FilterField /><FilterValue /><ServiceAssociation /><TargetAssociation /><TransactionType><![CDATA[0]]></TransactionType><Status><![CDATA[0]]></Status><ParametersMapId><![CDATA[-1]]></ParametersMapId><FormulaRecalc><![CDATA[2]]></FormulaRecalc><Module><![CDATA[Location]]></Module><BO><![CDATA[triBuilding]]></BO><AssignToUserMod /><AssignToUserBO /><AssignToUser /><TaskRefs><TaskRef RefType="0" UseType="1" TaskRefType="0" CtxType="-1" RefTaskId="447039"><RefSec /><RefField><![CDATA[null]]></RefField><RefAssoc /><RefModule><![CDATA[Location]]></RefModule><RefObject><![CDATA[triBuilding]]></RefObject><RefRecordMod /><RefRecordBO /><RefRecord /></TaskRef><TaskRef RefType="1" UseType="2" TaskRefType="0" CtxType="-1" RefTaskId="447040"><RefSec /><RefField><![CDATA[null]]></RefField><RefAssoc /><RefModule><![CDATA[Location]]></RefModule><RefObject><![CDATA[triProperty]]></RefObject></TaskRef></TaskRefs></Task><Task Id="447042" Type="14" FilterOperator="10" RecurrenceId="0" MapId="444207" SRCTaskId="-1" TRGTTaskId="447043" AssigneeTaskId="0" SortCount="1" UseMap="1" LockUser="0" AssignToFlag="1" EstEndInDays="0" EstEndInHrs="0" EstEndInMins="0" DateContext="0" ServiceContext="1"><TaskLabel /><EventName><![CDATA[0=true;1=false;]]></EventName><Description /><DeleteSection /><SumSection /><SumField /><FilterSection /><FilterField /><FilterValue /><ServiceAssociation /><TargetAssociation><![CDATA[449537;447052;]]></TargetAssociation><TransactionType><![CDATA[0]]></TransactionType><Status><![CDATA[0]]></Status><ParametersMapId><![CDATA[-1]]></ParametersMapId><FormulaRecalc><![CDATA[0]]></FormulaRecalc><Module /><BO /><AssignToUserMod /><AssignToUserBO /><AssignToUser /><TaskRefs /><Condition><Expression><![CDATA[p0 == 0  ]]></Expression><Params><Param PId="0"><PType><![CDATA[item]]></PType><PDataId><![CDATA[447048]]></PDataId><PItem><![CDATA[Result Count]]></PItem></Param></Params></Condition></Task><Task Id="447043" Type="12" FilterOperator="10" RecurrenceId="0" MapId="-1" SRCTaskId="-1" TRGTTaskId="-1" AssigneeTaskId="0" SortCount="1" UseMap="1" LockUser="0" AssignToFlag="1" EstEndInDays="0" EstEndInHrs="0" EstEndInMins="0" DateContext="0" ServiceContext="1"><TaskLabel /><EventName /><Description /><DeleteSection /><SumSection /><SumField /><FilterSection /><FilterField /><FilterValue /><ServiceAssociation /><TargetAssociation /><TransactionType><![CDATA[0]]></TransactionType><Status><![CDATA[0]]></Status><ParametersMapId><![CDATA[-1]]></ParametersMapId><FormulaRecalc><![CDATA[0]]></FormulaRecalc><Module /><BO /><AssignToUserMod /><AssignToUserBO /><AssignToUser /><TaskRefs /></Task><Task Id="447045" Type="28" FilterOperator="10" RecurrenceId="0" MapId="165212" SRCTaskId="-1" TRGTTaskId="-1" AssigneeTaskId="0" SortCount="1" UseMap="1" LockUser="0" AssignToFlag="1" EstEndInDays="0" EstEndInHrs="0" EstEndInMins="0" DateContext="0" ServiceContext="1"><TaskLabel><![CDATA[Populate System Message]]></TaskLabel><EventName><![CDATA[Append]]></EventName><Description /><DeleteSection /><SumSection /><SumField /><FilterSection /><FilterField /><FilterValue /><ServiceAssociation /><TargetAssociation /><TransactionType><![CDATA[0]]></TransactionType><Status><![CDATA[0]]></Status><ParametersMapId><![CDATA[-1]]></ParametersMapId><FormulaRecalc><![CDATA[2]]></FormulaRecalc><Module><![CDATA[triAPIConnect]]></Module><BO><![CDATA[triAPICBuilding]]></BO><AssignToUserMod /><AssignToUserBO /><AssignToUser /><TaskRefs><TaskRef RefType="0" UseType="1" TaskRefType="0" CtxType="-1" RefTaskId="0"><RefSec /><RefField><![CDATA[null]]></RefField><RefAssoc /><RefModule><![CDATA[triAPIConnect]]></RefModule><RefObject><![CDATA[triAPICBuilding]]></RefObject><RefRecordMod /><RefRecordBO /><RefRecord /></TaskRef><TaskRef RefType="1" UseType="2" TaskRefType="0" CtxType="-1" RefTaskId="447053"><RefSec /><RefField><![CDATA[null]]></RefField><RefAssoc /><RefModule><![CDATA[Location]]></RefModule><RefObject><![CDATA[triBuilding]]></RefObject></TaskRef></TaskRefs><ObjMappings><ObjMapping Id="165212" Type="40"><FldVal><![CDATA[Processed]]></FldVal><SrcFldVal /><TrgtModule><![CDATA[triAPIConnect]]></TrgtModule><TrgtBo><![CDATA[triAPICProperty]]></TrgtBo><SrcModule><![CDATA[Location]]></SrcModule><SrcBo><![CDATA[triProperty]]></SrcBo><TrgtTab><![CDATA[General]]></TrgtTab><TrgtSec><![CDATA[General]]></TrgtSec><TrgtFld><![CDATA[triUserMessageTX]]></TrgtFld><SrcTab /><SrcSec /><SrcFld /></ObjMapping><ObjMapping Id="165212" Type="70"><FldVal><![CDATA[Source]]></FldVal><SrcFldVal /><TrgtModule><![CDATA[triAPIConnect]]></TrgtModule><TrgtBo><![CDATA[triAPICProperty]]></TrgtBo><SrcModule><![CDATA[Location]]></SrcModule><SrcBo><![CDATA[triProperty]]></SrcBo><TrgtTab><![CDATA[General]]></TrgtTab><TrgtSec><![CDATA[General]]></TrgtSec><TrgtFld><![CDATA[triTRIRIGAIDTX]]></TrgtFld><SrcTab /><SrcSec /><SrcFld /></ObjMapping></ObjMappings></Task><Task Id="447046" Type="31" FilterOperator="10" RecurrenceId="0" MapId="-1" SRCTaskId="-1" TRGTTaskId="-1" AssigneeTaskId="0" SortCount="1" UseMap="1" LockUser="1" AssignToFlag="1" EstEndInDays="0" EstEndInHrs="0" EstEndInMins="0" DateContext="0" ServiceContext="1"><TaskLabel><![CDATA[Trigger Accept]]></TaskLabel><EventName><![CDATA[triAccept]]></EventName><Description /><DeleteSection /><SumSection /><SumField /><FilterSection /><FilterField /><FilterValue /><ServiceAssociation /><TargetAssociation /><TransactionType><![CDATA[0]]></TransactionType><Status><![CDATA[0]]></Status><ParametersMapId><![CDATA[-1]]></ParametersMapId><FormulaRecalc><![CDATA[2]]></FormulaRecalc><Module><![CDATA[triAPIConnect]]></Module><BO><![CDATA[triAPICBuilding]]></BO><AssignToUserMod /><AssignToUserBO /><AssignToUser /><TaskRefs><TaskRef RefType="0" UseType="1" TaskRefType="0" CtxType="-1" RefTaskId="0"><RefSec /><RefField><![CDATA[null]]></RefField><RefAssoc /><RefModule><![CDATA[triAPIConnect]]></RefModule><RefObject><![CDATA[triAPICBuilding]]></RefObject><RefRecordMod /><RefRecordBO /><RefRecord /></TaskRef><TaskRef RefType="1" UseType="2" TaskRefType="0" CtxType="-1" RefTaskId="0"><RefSec /><RefField /><RefAssoc /><RefModule><![CDATA[triAPIConnect]]></RefModule><RefObject><![CDATA[triAPICProperty]]></RefObject></TaskRef></TaskRefs></Task><Task Id="447047" Type="31" FilterOperator="10" RecurrenceId="0" MapId="-1" SRCTaskId="-1" TRGTTaskId="-1" AssigneeTaskId="0" SortCount="1" UseMap="1" LockUser="1" AssignToFlag="1" EstEndInDays="0" EstEndInHrs="0" EstEndInMins="0" DateContext="0" ServiceContext="1"><TaskLabel><![CDATA[Activate Building]]></TaskLabel><EventName><![CDATA[triActivate]]></EventName><Description /><DeleteSection /><SumSection /><SumField /><FilterSection /><FilterField /><FilterValue /><ServiceAssociation /><TargetAssociation /><TransactionType><![CDATA[0]]></TransactionType><Status><![CDATA[0]]></Status><ParametersMapId><![CDATA[-1]]></ParametersMapId><FormulaRecalc><![CDATA[2]]></FormulaRecalc><Module><![CDATA[Location]]></Module><BO><![CDATA[triBuilding]]></BO><AssignToUserMod /><AssignToUserBO /><AssignToUser /><TaskRefs><TaskRef RefType="0" UseType="1" TaskRefType="0" CtxType="-1" RefTaskId="447039"><RefSec /><RefField><![CDATA[null]]></RefField><RefAssoc /><RefModule><![CDATA[Location]]></RefModule><RefObject><![CDATA[triBuilding]]></RefObject><RefRecordMod /><RefRecordBO /><RefRecord /></TaskRef><TaskRef RefType="1" UseType="2" TaskRefType="0" CtxType="-1" RefTaskId="0"><RefSec /><RefField /><RefAssoc /><RefModule><![CDATA[triAPIConnect]]></RefModule><RefObject><![CDATA[triAPICProperty]]></RefObject></TaskRef></TaskRefs></Task><Task Id="447048" Type="22" FilterOperator="10" RecurrenceId="0" MapId="-1" SRCTaskId="-1" TRGTTaskId="-1" AssigneeTaskId="0" SortCount="1" UseMap="1" LockUser="0" AssignToFlag="1" EstEndInDays="0" EstEndInHrs="0" EstEndInMins="0" DateContext="0" ServiceContext="1"><TaskLabel><![CDATA[Query Building]]></TaskLabel><EventName /><Description /><DeleteSection /><SumSection /><SumField /><FilterSection /><FilterField /><FilterValue /><ServiceAssociation /><TargetAssociation /><TransactionType><![CDATA[0]]></TransactionType><Status><![CDATA[0]]></Status><ParametersMapId><![CDATA[-1]]></ParametersMapId><FormulaRecalc><![CDATA[0]]></FormulaRecalc><Module><![CDATA[Location]]></Module><BO><![CDATA[triBuilding]]></BO><FilterBo><![CDATA[triBuilding - Workflow - All Buildings for Patch Helper]]></FilterBo><FilterBoBO><![CDATA[triBuilding]]></FilterBoBO><FilterModule><![CDATA[Location]]></FilterModule><AssignToUserMod /><AssignToUserBO /><AssignToUser /><TaskRefs><TaskRef RefType="0" UseType="1" TaskRefType="0" CtxType="-1" RefTaskId="0"><RefSec /><RefField><![CDATA[null]]></RefField><RefAssoc /><RefModule><![CDATA[triAPIConnect]]></RefModule><RefObject><![CDATA[triAPICBuilding]]></RefObject><RefRecordMod /><RefRecordBO /><RefRecord /></TaskRef><TaskRef RefType="1" UseType="2" TaskRefType="0" CtxType="-1" RefTaskId="0"><RefSec /><RefField><![CDATA[null]]></RefField><RefAssoc /><RefModule><![CDATA[triAPIConnect]]></RefModule><RefObject><![CDATA[triAPICBuilding]]></RefObject></TaskRef></TaskRefs><TaskFilters><TaskFilter SeqId="1" LDataType="320" RDataType="320" LListFlg="0" RListFlg="0" RListType="1" CnstFlg="0" Operator="10" AssociatedToName="" AssociatedToTaskId="0" AssociatedToWithChildren="0"><LSecName><![CDATA[RecordInformation]]></LSecName><LFldName><![CDATA[triNameTX]]></LFldName><RSecName><![CDATA[General]]></RSecName><RFldName><![CDATA[triNameTX]]></RFldName><RValue /></TaskFilter></TaskFilters></Task><Task Id="447049" Type="14" FilterOperator="10" RecurrenceId="0" MapId="444208" SRCTaskId="-1" TRGTTaskId="447050" AssigneeTaskId="0" SortCount="1" UseMap="1" LockUser="0" AssignToFlag="1" EstEndInDays="0" EstEndInHrs="0" EstEndInMins="0" DateContext="0" ServiceContext="1"><TaskLabel /><EventName><![CDATA[0=true;1=false;]]></EventName><Description /><DeleteSection /><SumSection /><SumField /><FilterSection /><FilterField /><FilterValue /><ServiceAssociation /><TargetAssociation><![CDATA[447042;447067;]]></TargetAssociation><TransactionType><![CDATA[0]]></TransactionType><Status><![CDATA[0]]></Status><ParametersMapId><![CDATA[-1]]></ParametersMapId><FormulaRecalc><![CDATA[0]]></FormulaRecalc><Module /><BO /><AssignToUserMod /><AssignToUserBO /><AssignToUser /><TaskRefs /><Condition><Expression><![CDATA[p0 == "Create/Update"  ]]></Expression><Params><Param PId="0"><PType><![CDATA[field]]></PType><PDataId><![CDATA[0]]></PDataId><PField><![CDATA[triOperationTX]]></PField><PSection><![CDATA[General]]></PSection><PModule><![CDATA[triAPIConnect]]></PModule><PBO><![CDATA[triAPICBuilding]]></PBO></Param></Params></Condition></Task><Task Id="447050" Type="12" FilterOperator="10" RecurrenceId="0" MapId="-1" SRCTaskId="-1" TRGTTaskId="-1" AssigneeTaskId="0" SortCount="1" UseMap="1" LockUser="0" AssignToFlag="1" EstEndInDays="0" EstEndInHrs="0" EstEndInMins="0" DateContext="0" ServiceContext="1"><TaskLabel /><EventName /><Description /><DeleteSection /><SumSection /><SumField /><FilterSection /><FilterField /><FilterValue /><ServiceAssociation /><TargetAssociation /><TransactionType><![CDATA[0]]></TransactionType><Status><![CDATA[0]]></Status><ParametersMapId><![CDATA[-1]]></ParametersMapId><FormulaRecalc><![CDATA[0]]></FormulaRecalc><Module /><BO /><AssignToUserMod /><AssignToUserBO /><AssignToUser /><TaskRefs /></Task><Task Id="447052" Type="28" FilterOperator="10" RecurrenceId="0" MapId="165213" SRCTaskId="-1" TRGTTaskId="-1" AssigneeTaskId="0" SortCount="1" UseMap="1" LockUser="0" AssignToFlag="1" EstEndInDays="0" EstEndInHrs="0" EstEndInMins="0" DateContext="0" ServiceContext="1"><TaskLabel><![CDATA[Update Building]]></TaskLabel><EventName><![CDATA[Append]]></EventName><Description /><DeleteSection /><SumSection /><SumField /><FilterSection /><FilterField /><FilterValue /><ServiceAssociation /><TargetAssociation /><TransactionType><![CDATA[0]]></TransactionType><Status><![CDATA[0]]></Status><ParametersMapId><![CDATA[-1]]></ParametersMapId><FormulaRecalc><![CDATA[2]]></FormulaRecalc><Module><![CDATA[Location]]></Module><BO><![CDATA[triBuilding]]></BO><AssignToUserMod /><AssignToUserBO /><AssignToUser /><TaskRefs><TaskRef RefType="0" UseType="1" TaskRefType="0" CtxType="-1" RefTaskId="447048"><RefSec /><RefField><![CDATA[null]]></RefField><RefAssoc /><RefModule><![CDATA[Location]]></RefModule><RefObject><![CDATA[triBuilding]]></RefObject><RefRecordMod /><RefRecordBO /><RefRecord /></TaskRef><TaskRef RefType="1" UseType="2" TaskRefType="0" CtxType="-1" RefTaskId="0"><RefSec /><RefField><![CDATA[null]]></RefField><RefAssoc /><RefModule><![CDATA[triAPIConnect]]></RefModule><RefObject><![CDATA[triAPICBuilding]]></RefObject></TaskRef></TaskRefs><ObjMappings><ObjMapping Id="165213" Type="10"><FldVal><![CDATA[General::triDescriptionTX]]></FldVal><SrcFldVal /><TrgtModule><![CDATA[Location]]></TrgtModule><TrgtBo><![CDATA[triBuilding]]></TrgtBo><SrcModule><![CDATA[triAPIConnect]]></SrcModule><SrcBo><![CDATA[triAPICBuilding]]></SrcBo><TrgtTab><![CDATA[General]]></TrgtTab><TrgtSec><![CDATA[RecordInformation]]></TrgtSec><TrgtFld><![CDATA[triDescriptionTX]]></TrgtFld><SrcTab><![CDATA[General]]></SrcTab><SrcSec><![CDATA[General]]></SrcSec><SrcFld><![CDATA[triDescriptionTX]]></SrcFld></ObjMapping><ObjMapping Id="165213" Type="10"><FldVal><![CDATA[General::triIdTX]]></FldVal><SrcFldVal /><TrgtModule><![CDATA[Location]]></TrgtModule><TrgtBo><![CDATA[triBuilding]]></TrgtBo><SrcModule><![CDATA[triAPIConnect]]></SrcModule><SrcBo><![CDATA[triAPICBuilding]]></SrcBo><TrgtTab><![CDATA[General]]></TrgtTab><TrgtSec><![CDATA[RecordInformation]]></TrgtSec><TrgtFld><![CDATA[triIdTX]]></TrgtFld><SrcTab><![CDATA[General]]></SrcTab><SrcSec><![CDATA[General]]></SrcSec><SrcFld><![CDATA[triIdTX]]></SrcFld></ObjMapping><ObjMapping Id="165213" Type="10"><FldVal><![CDATA[General::triNameTX]]></FldVal><SrcFldVal /><TrgtModule><![CDATA[Location]]></TrgtModule><TrgtBo><![CDATA[triBuilding]]></TrgtBo><SrcModule><![CDATA[triAPIConnect]]></SrcModule><SrcBo><![CDATA[triAPICBuilding]]></SrcBo><TrgtTab><![CDATA[General]]></TrgtTab><TrgtSec><![CDATA[RecordInformation]]></TrgtSec><TrgtFld><![CDATA[triNameTX]]></TrgtFld><SrcTab><![CDATA[General]]></SrcTab><SrcSec><![CDATA[General]]></SrcSec><SrcFld><![CDATA[triNameTX]]></SrcFld></ObjMapping><ObjMapping Id="165213" Type="10"><FldVal><![CDATA[General::triCityTX]]></FldVal><SrcFldVal /><TrgtModule><![CDATA[Location]]></TrgtModule><TrgtBo><![CDATA[triBuilding]]></TrgtBo><SrcModule><![CDATA[triAPIConnect]]></SrcModule><SrcBo><![CDATA[triAPICBuilding]]></SrcBo><TrgtTab><![CDATA[General]]></TrgtTab><TrgtSec><![CDATA[RecordInformation]]></TrgtSec><TrgtFld><![CDATA[triCityTX]]></TrgtFld><SrcTab><![CDATA[General]]></SrcTab><SrcSec><![CDATA[General]]></SrcSec><SrcFld><![CDATA[triCityTX]]></SrcFld></ObjMapping><ObjMapping Id="165213" Type="10"><FldVal><![CDATA[General::triAddressTX]]></FldVal><SrcFldVal /><TrgtModule><![CDATA[Location]]></TrgtModule><TrgtBo><![CDATA[triBuilding]]></TrgtBo><SrcModule><![CDATA[triAPIConnect]]></SrcModule><SrcBo><![CDATA[triAPICBuilding]]></SrcBo><TrgtTab><![CDATA[General]]></TrgtTab><TrgtSec><![CDATA[RecordInformation]]></TrgtSec><TrgtFld><![CDATA[triAddressTX]]></TrgtFld><SrcTab><![CDATA[General]]></SrcTab><SrcSec><![CDATA[General]]></SrcSec><SrcFld><![CDATA[triAddressTX]]></SrcFld></ObjMapping><ObjMapping Id="165213" Type="10"><FldVal><![CDATA[General::triStateProvTX]]></FldVal><SrcFldVal /><TrgtModule><![CDATA[Location]]></TrgtModule><TrgtBo><![CDATA[triBuilding]]></TrgtBo><SrcModule><![CDATA[triAPIConnect]]></SrcModule><SrcBo><![CDATA[triAPICBuilding]]></SrcBo><TrgtTab><![CDATA[General]]></TrgtTab><TrgtSec><![CDATA[RecordInformation]]></TrgtSec><TrgtFld><![CDATA[triStateProvTX]]></TrgtFld><SrcTab><![CDATA[General]]></SrcTab><SrcSec><![CDATA[General]]></SrcSec><SrcFld><![CDATA[triStateProvTX]]></SrcFld></ObjMapping><ObjMapping Id="165213" Type="10"><FldVal><![CDATA[General::triZipPostalTX]]></FldVal><SrcFldVal /><TrgtModule><![CDATA[Location]]></TrgtModule><TrgtBo><![CDATA[triBuilding]]></TrgtBo><SrcModule><![CDATA[triAPIConnect]]></SrcModule><SrcBo><![CDATA[triAPICBuilding]]></SrcBo><TrgtTab><![CDATA[General]]></TrgtTab><TrgtSec><![CDATA[RecordInformation]]></TrgtSec><TrgtFld><![CDATA[triZipPostalTX]]></TrgtFld><SrcTab><![CDATA[General]]></SrcTab><SrcSec><![CDATA[General]]></SrcSec><SrcFld><![CDATA[triZipPostalTX]]></SrcFld></ObjMapping><ObjMapping Id="165213" Type="10"><FldVal><![CDATA[General::triTenureCL]]></FldVal><SrcFldVal /><TrgtModule><![CDATA[Location]]></TrgtModule><TrgtBo><![CDATA[triBuilding]]></TrgtBo><SrcModule><![CDATA[triAPIConnect]]></SrcModule><SrcBo><![CDATA[triAPICBuilding]]></SrcBo><TrgtTab><![CDATA[General]]></TrgtTab><TrgtSec><![CDATA[RecordInformation]]></TrgtSec><TrgtFld><![CDATA[triTenureCL]]></TrgtFld><SrcTab><![CDATA[General]]></SrcTab><SrcSec><![CDATA[General]]></SrcSec><SrcFld><![CDATA[triTenureCL]]></SrcFld></ObjMapping><ObjMapping Id="165213" Type="10"><FldVal><![CDATA[General::triZoningCL]]></FldVal><SrcFldVal /><TrgtModule><![CDATA[Location]]></TrgtModule><TrgtBo><![CDATA[triBuilding]]></TrgtBo><SrcModule><![CDATA[triAPIConnect]]></SrcModule><SrcBo><![CDATA[triAPICBuilding]]></SrcBo><TrgtTab><![CDATA[General]]></TrgtTab><TrgtSec><![CDATA[RecordInformation]]></TrgtSec><TrgtFld><![CDATA[triZoningCL]]></TrgtFld><SrcTab><![CDATA[General]]></SrcTab><SrcSec><![CDATA[General]]></SrcSec><SrcFld><![CDATA[triZoningCL]]></SrcFld></ObjMapping><ObjMapping Id="165213" Type="10"><FldVal><![CDATA[General::triPrimaryUseCL]]></FldVal><SrcFldVal /><TrgtModule><![CDATA[Location]]></TrgtModule><TrgtBo><![CDATA[triBuilding]]></TrgtBo><SrcModule><![CDATA[triAPIConnect]]></SrcModule><SrcBo><![CDATA[triAPICBuilding]]></SrcBo><TrgtTab><![CDATA[General]]></TrgtTab><TrgtSec><![CDATA[RecordInformation]]></TrgtSec><TrgtFld><![CDATA[triPrimaryUseCL]]></TrgtFld><SrcTab><![CDATA[General]]></SrcTab><SrcSec><![CDATA[General]]></SrcSec><SrcFld><![CDATA[triPrimaryUseCL]]></SrcFld></ObjMapping><ObjMapping Id="165213" Type="10"><FldVal><![CDATA[General::triJurisdictionCL]]></FldVal><SrcFldVal /><TrgtModule><![CDATA[Location]]></TrgtModule><TrgtBo><![CDATA[triBuilding]]></TrgtBo><SrcModule><![CDATA[triAPIConnect]]></SrcModule><SrcBo><![CDATA[triAPICBuilding]]></SrcBo><TrgtTab><![CDATA[General]]></TrgtTab><TrgtSec><![CDATA[RecordInformation]]></TrgtSec><TrgtFld><![CDATA[triJurisdictionCL]]></TrgtFld><SrcTab><![CDATA[General]]></SrcTab><SrcSec><![CDATA[General]]></SrcSec><SrcFld><![CDATA[triJurisdictionCL]]></SrcFld></ObjMapping><ObjMapping Id="165213" Type="10"><FldVal><![CDATA[General::triActiveStartDA]]></FldVal><SrcFldVal /><TrgtModule><![CDATA[Location]]></TrgtModule><TrgtBo><![CDATA[triBuilding]]></TrgtBo><SrcModule><![CDATA[triAPIConnect]]></SrcModule><SrcBo><![CDATA[triAPICBuilding]]></SrcBo><TrgtTab><![CDATA[General]]></TrgtTab><TrgtSec><![CDATA[RecordInformation]]></TrgtSec><TrgtFld><![CDATA[triActiveStartDA]]></TrgtFld><SrcTab><![CDATA[General]]></SrcTab><SrcSec><![CDATA[General]]></SrcSec><SrcFld><![CDATA[triActiveStartDA]]></SrcFld></ObjMapping><ObjMapping Id="165213" Type="10"><FldVal><![CDATA[General::triBuildingClassCL]]></FldVal><SrcFldVal /><TrgtModule><![CDATA[Location]]></TrgtModule><TrgtBo><![CDATA[triBuilding]]></TrgtBo><SrcModule><![CDATA[triAPIConnect]]></SrcModule><SrcBo><![CDATA[triAPICBuilding]]></SrcBo><TrgtTab><![CDATA[General]]></TrgtTab><TrgtSec><![CDATA[RecordInformation]]></TrgtSec><TrgtFld><![CDATA[triBuildingClassCL]]></TrgtFld><SrcTab><![CDATA[General]]></SrcTab><SrcSec><![CDATA[General]]></SrcSec><SrcFld><![CDATA[triBuildingClassCL]]></SrcFld></ObjMapping></ObjMappings></Task><Task Id="447053" Type="40" FilterOperator="10" RecurrenceId="0" MapId="-1" SRCTaskId="-1" TRGTTaskId="-1" AssigneeTaskId="0" SortCount="1" UseMap="1" LockUser="0" AssignToFlag="1" EstEndInDays="0" EstEndInHrs="0" EstEndInMins="0" DateContext="0" ServiceContext="1"><TaskLabel><![CDATA[Variable Building]]></TaskLabel><EventName /><Description /><DeleteSection /><SumSection /><SumField /><FilterSection /><FilterField /><FilterValue /><ServiceAssociation /><TargetAssociation /><TransactionType><![CDATA[0]]></TransactionType><Status><![CDATA[0]]></Status><ParametersMapId><![CDATA[-1]]></ParametersMapId><FormulaRecalc><![CDATA[0]]></FormulaRecalc><Module><![CDATA[Location]]></Module><BO><![CDATA[triBuilding]]></BO><AssignToUserMod /><AssignToUserBO /><AssignToUser /><TaskRefs /></Task><Task Id="447054" Type="41" FilterOperator="10" RecurrenceId="0" MapId="-1" SRCTaskId="447039" TRGTTaskId="447053" AssigneeTaskId="0" SortCount="1" UseMap="1" LockUser="0" AssignToFlag="1" EstEndInDays="0" EstEndInHrs="0" EstEndInMins="0" DateContext="0" ServiceContext="1"><TaskLabel><![CDATA[Variable Assignment]]></TaskLabel><EventName /><Description /><DeleteSection /><SumSection /><SumField /><FilterSection /><FilterField /><FilterValue /><ServiceAssociation /><TargetAssociation /><TransactionType><![CDATA[0]]></TransactionType><Status><![CDATA[0]]></Status><ParametersMapId><![CDATA[-1]]></ParametersMapId><FormulaRecalc><![CDATA[0]]></FormulaRecalc><Module><![CDATA[Location]]></Module><BO><![CDATA[triBuilding]]></BO><AssociatedBO><![CDATA[0]]></AssociatedBO><AssignToUserMod /><AssignToUserBO /><AssignToUser /><TaskRefs /></Task><Task Id="447055" Type="41" FilterOperator="10" RecurrenceId="0" MapId="-1" SRCTaskId="447052" TRGTTaskId="447053" AssigneeTaskId="0" SortCount="1" UseMap="1" LockUser="0" AssignToFlag="1" EstEndInDays="0" EstEndInHrs="0" EstEndInMins="0" DateContext="0" ServiceContext="1"><TaskLabel><![CDATA[Variable Assignment]]></TaskLabel><EventName /><Description /><DeleteSection /><SumSection /><SumField /><FilterSection /><FilterField /><FilterValue /><ServiceAssociation /><TargetAssociation /><TransactionType><![CDATA[0]]></TransactionType><Status><![CDATA[0]]></Status><ParametersMapId><![CDATA[-1]]></ParametersMapId><FormulaRecalc><![CDATA[0]]></FormulaRecalc><Module><![CDATA[Location]]></Module><BO><![CDATA[triBuilding]]></BO><AssociatedBO><![CDATA[0]]></AssociatedBO><AssignToUserMod /><AssignToUserBO /><AssignToUser /><TaskRefs /></Task><Task Id="447059" Type="31" FilterOperator="10" RecurrenceId="0" MapId="-1" SRCTaskId="-1" TRGTTaskId="-1" AssigneeTaskId="0" SortCount="1" UseMap="1" LockUser="1" AssignToFlag="1" EstEndInDays="0" EstEndInHrs="0" EstEndInMins="0" DateContext="0" ServiceContext="1"><TaskLabel><![CDATA[Retire Building]]></TaskLabel><EventName><![CDATA[triRetire]]></EventName><Description /><DeleteSection /><SumSection /><SumField /><FilterSection /><FilterField /><FilterValue /><ServiceAssociation /><TargetAssociation /><TransactionType><![CDATA[0]]></TransactionType><Status><![CDATA[0]]></Status><ParametersMapId><![CDATA[-1]]></ParametersMapId><FormulaRecalc><![CDATA[2]]></FormulaRecalc><Module><![CDATA[Location]]></Module><BO><![CDATA[triBuilding]]></BO><AssignToUserMod /><AssignToUserBO /><AssignToUser /><TaskRefs><TaskRef RefType="0" UseType="1" TaskRefType="0" CtxType="-1" RefTaskId="447048"><RefSec /><RefField><![CDATA[null]]></RefField><RefAssoc /><RefModule><![CDATA[Location]]></RefModule><RefObject><![CDATA[triBuilding]]></RefObject><RefRecordMod /><RefRecordBO /><RefRecord /></TaskRef><TaskRef RefType="1" UseType="2" TaskRefType="0" CtxType="-1" RefTaskId="0"><RefSec /><RefField /><RefAssoc /><RefModule><![CDATA[triAPIConnect]]></RefModule><RefObject><![CDATA[triAPICProperty]]></RefObject></TaskRef></TaskRefs></Task><Task Id="447061" Type="41" FilterOperator="10" RecurrenceId="0" MapId="-1" SRCTaskId="447059" TRGTTaskId="447053" AssigneeTaskId="0" SortCount="1" UseMap="1" LockUser="0" AssignToFlag="1" EstEndInDays="0" EstEndInHrs="0" EstEndInMins="0" DateContext="0" ServiceContext="1"><TaskLabel><![CDATA[Variable Assignment]]></TaskLabel><EventName /><Description /><DeleteSection /><SumSection /><SumField /><FilterSection /><FilterField /><FilterValue /><ServiceAssociation /><TargetAssociation /><TransactionType><![CDATA[0]]></TransactionType><Status><![CDATA[0]]></Status><ParametersMapId><![CDATA[-1]]></ParametersMapId><FormulaRecalc><![CDATA[0]]></FormulaRecalc><Module><![CDATA[Location]]></Module><BO><![CDATA[triBuilding]]></BO><AssociatedBO><![CDATA[0]]></AssociatedBO><AssignToUserMod /><AssignToUserBO /><AssignToUser /><TaskRefs /></Task><Task Id="447062" Type="14" FilterOperator="10" RecurrenceId="0" MapId="444209" SRCTaskId="-1" TRGTTaskId="447063" AssigneeTaskId="0" SortCount="1" UseMap="1" LockUser="0" AssignToFlag="1" EstEndInDays="0" EstEndInHrs="0" EstEndInMins="0" DateContext="0" ServiceContext="1"><TaskLabel /><EventName><![CDATA[0=true;1=false;]]></EventName><Description /><DeleteSection /><SumSection /><SumField /><FilterSection /><FilterField /><FilterValue /><ServiceAssociation /><TargetAssociation><![CDATA[447041;447253;]]></TargetAssociation><TransactionType><![CDATA[0]]></TransactionType><Status><![CDATA[0]]></Status><ParametersMapId><![CDATA[-1]]></ParametersMapId><FormulaRecalc><![CDATA[0]]></FormulaRecalc><Module /><BO /><AssignToUserMod /><AssignToUserBO /><AssignToUser /><TaskRefs /><Condition><Expression><![CDATA[p0 != 0  ]]></Expression><Params><Param PId="0"><PType><![CDATA[item]]></PType><PDataId><![CDATA[447040]]></PDataId><PItem><![CDATA[Result Count]]></PItem></Param></Params></Condition></Task><Task Id="447063" Type="12" FilterOperator="10" RecurrenceId="0" MapId="-1" SRCTaskId="-1" TRGTTaskId="-1" AssigneeTaskId="0" SortCount="1" UseMap="1" LockUser="0" AssignToFlag="1" EstEndInDays="0" EstEndInHrs="0" EstEndInMins="0" DateContext="0" ServiceContext="1"><TaskLabel /><EventName /><Description /><DeleteSection /><SumSection /><SumField /><FilterSection /><FilterField /><FilterValue /><ServiceAssociation /><TargetAssociation /><TransactionType><![CDATA[0]]></TransactionType><Status><![CDATA[0]]></Status><ParametersMapId><![CDATA[-1]]></ParametersMapId><FormulaRecalc><![CDATA[0]]></FormulaRecalc><Module /><BO /><AssignToUserMod /><AssignToUserBO /><AssignToUser /><TaskRefs /></Task><Task Id="447067" Type="14" FilterOperator="10" RecurrenceId="0" MapId="444210" SRCTaskId="-1" TRGTTaskId="447068" AssigneeTaskId="0" SortCount="1" UseMap="1" LockUser="0" AssignToFlag="1" EstEndInDays="0" EstEndInHrs="0" EstEndInMins="0" DateContext="0" ServiceContext="1"><TaskLabel /><EventName><![CDATA[0=true;1=false;]]></EventName><Description /><DeleteSection /><SumSection /><SumField /><FilterSection /><FilterField /><FilterValue /><ServiceAssociation /><TargetAssociation><![CDATA[449737;447068;]]></TargetAssociation><TransactionType><![CDATA[0]]></TransactionType><Status><![CDATA[0]]></Status><ParametersMapId><![CDATA[-1]]></ParametersMapId><FormulaRecalc><![CDATA[0]]></FormulaRecalc><Module /><BO /><AssignToUserMod /><AssignToUserBO /><AssignToUser /><TaskRefs /><Condition><Expression><![CDATA[p0 == "Retire"  ]]></Expression><Params><Param PId="0"><PType><![CDATA[field]]></PType><PDataId><![CDATA[0]]></PDataId><PField><![CDATA[triOperationTX]]></PField><PSection><![CDATA[General]]></PSection><PModule><![CDATA[triAPIConnect]]></PModule><PBO><![CDATA[triAPICBuilding]]></PBO></Param></Params></Condition></Task><Task Id="447068" Type="12" FilterOperator="10" RecurrenceId="0" MapId="-1" SRCTaskId="-1" TRGTTaskId="-1" AssigneeTaskId="0" SortCount="1" UseMap="1" LockUser="0" AssignToFlag="1" EstEndInDays="0" EstEndInHrs="0" EstEndInMins="0" DateContext="0" ServiceContext="1"><TaskLabel /><EventName /><Description /><DeleteSection /><SumSection /><SumField /><FilterSection /><FilterField /><FilterValue /><ServiceAssociation /><TargetAssociation /><TransactionType><![CDATA[0]]></TransactionType><Status><![CDATA[0]]></Status><ParametersMapId><![CDATA[-1]]></ParametersMapId><FormulaRecalc><![CDATA[0]]></FormulaRecalc><Module /><BO /><AssignToUserMod /><AssignToUserBO /><AssignToUser /><TaskRefs /></Task><Task Id="447253" Type="22" FilterOperator="10" RecurrenceId="0" MapId="-1" SRCTaskId="-1" TRGTTaskId="-1" AssigneeTaskId="0" SortCount="1" UseMap="1" LockUser="0" AssignToFlag="1" EstEndInDays="0" EstEndInHrs="0" EstEndInMins="0" DateContext="0" ServiceContext="1"><TaskLabel><![CDATA[Query ROOT Location]]></TaskLabel><EventName /><Description /><DeleteSection /><SumSection /><SumField /><FilterSection /><FilterField /><FilterValue /><ServiceAssociation /><TargetAssociation /><TransactionType><![CDATA[0]]></TransactionType><Status><![CDATA[0]]></Status><ParametersMapId><![CDATA[-1]]></ParametersMapId><FormulaRecalc><![CDATA[0]]></FormulaRecalc><Module><![CDATA[Location]]></Module><BO><![CDATA[Location]]></BO><FilterBo><![CDATA[Location - Workflow - ROOT Record]]></FilterBo><FilterBoBO><![CDATA[Location]]></FilterBoBO><FilterModule><![CDATA[Location]]></FilterModule><AssignToUserMod /><AssignToUserBO /><AssignToUser /><TaskRefs><TaskRef RefType="0" UseType="1" TaskRefType="0" CtxType="-1" RefTaskId="0"><RefSec /><RefField><![CDATA[null]]></RefField><RefAssoc /><RefModule><![CDATA[triAPIConnect]]></RefModule><RefObject><![CDATA[triAPICBuilding]]></RefObject><RefRecordMod /><RefRecordBO /><RefRecord /></TaskRef><TaskRef RefType="1" UseType="2" TaskRefType="0" CtxType="-1" RefTaskId="0"><RefSec /><RefField><![CDATA[null]]></RefField><RefAssoc /><RefModule><![CDATA[triAPIConnect]]></RefModule><RefObject><![CDATA[triAPICBuilding]]></RefObject></TaskRef></TaskRefs></Task><Task Id="447256" Type="33" FilterOperator="10" RecurrenceId="0" MapId="-1" SRCTaskId="-1" TRGTTaskId="-1" AssigneeTaskId="0" SortCount="1" UseMap="1" LockUser="0" AssignToFlag="1" EstEndInDays="0" EstEndInHrs="0" EstEndInMins="0" DateContext="0" ServiceContext="1"><TaskLabel><![CDATA[Add Child]]></TaskLabel><EventName><![CDATA[WFADDCHILD]]></EventName><Description /><DeleteSection /><SumSection /><SumField /><FilterSection /><FilterField /><FilterValue /><ServiceAssociation /><TargetAssociation /><TransactionType><![CDATA[0]]></TransactionType><Status><![CDATA[0]]></Status><ParametersMapId><![CDATA[-1]]></ParametersMapId><FormulaRecalc><![CDATA[2]]></FormulaRecalc><Module><![CDATA[Location]]></Module><BO><![CDATA[triBuilding]]></BO><AssignToUserMod /><AssignToUserBO /><AssignToUser /><TaskRefs><TaskRef RefType="0" UseType="1" TaskRefType="0" CtxType="-1" RefTaskId="447039"><RefSec /><RefField><![CDATA[null]]></RefField><RefAssoc /><RefModule><![CDATA[Location]]></RefModule><RefObject><![CDATA[triBuilding]]></RefObject><RefRecordMod /><RefRecordBO /><RefRecord /></TaskRef><TaskRef RefType="1" UseType="2" TaskRefType="0" CtxType="-1" RefTaskId="447253"><RefSec /><RefField><![CDATA[null]]></RefField><RefAssoc /><RefModule><![CDATA[Location]]></RefModule><RefObject><![CDATA[Location]]></RefObject></TaskRef></TaskRefs></Task><Task Id="449537" Type="28" FilterOperator="10" RecurrenceId="0" MapId="166510" SRCTaskId="-1" TRGTTaskId="-1" AssigneeTaskId="0" SortCount="1" UseMap="1" LockUser="0" AssignToFlag="1" EstEndInDays="0" EstEndInHrs="0" EstEndInMins="0" DateContext="0" ServiceContext="1"><TaskLabel><![CDATA[FromExternal=TRUE]]></TaskLabel><EventName><![CDATA[Append]]></EventName><Description /><DeleteSection /><SumSection /><SumField /><FilterSection /><FilterField /><FilterValue /><ServiceAssociation /><TargetAssociation /><TransactionType><![CDATA[0]]></TransactionType><Status><![CDATA[0]]></Status><ParametersMapId><![CDATA[-1]]></ParametersMapId><FormulaRecalc><![CDATA[2]]></FormulaRecalc><Module><![CDATA[triAPIConnect]]></Module><BO><![CDATA[triAPICBuilding]]></BO><AssignToUserMod /><AssignToUserBO /><AssignToUser /><TaskRefs><TaskRef RefType="0" UseType="1" TaskRefType="0" CtxType="-1" RefTaskId="0"><RefSec /><RefField><![CDATA[null]]></RefField><RefAssoc /><RefModule><![CDATA[triAPIConnect]]></RefModule><RefObject><![CDATA[triAPICBuilding]]></RefObject><RefRecordMod /><RefRecordBO /><RefRecord /></TaskRef><TaskRef RefType="1" UseType="2" TaskRefType="0" CtxType="-1" RefTaskId="0"><RefSec /><RefField><![CDATA[null]]></RefField><RefAssoc /><RefModule><![CDATA[triAPIConnect]]></RefModule><RefObject><![CDATA[triAPICBuilding]]></RefObject></TaskRef></TaskRefs><ObjMappings><ObjMapping Id="166510" Type="90"><FldVal><![CDATA[Has]]></FldVal><SrcFldVal /><TrgtModule><![CDATA[triAPIConnect]]></TrgtModule><TrgtBo><![CDATA[triAPICBuilding]]></TrgtBo><SrcModule><![CDATA[triAPIConnect]]></SrcModule><SrcBo><![CDATA[triAPICBuilding]]></SrcBo><TrgtTab><![CDATA[Location]]></TrgtTab><TrgtSec /><TrgtFld><![CDATA[triBuilding]]></TrgtFld><SrcTab /><SrcSec /><SrcFld /></ObjMapping><ObjMapping Id="166510" Type="90"><FldVal><![CDATA[Has]]></FldVal><SrcFldVal /><TrgtModule><![CDATA[triAPIConnect]]></TrgtModule><TrgtBo><![CDATA[triAPICBuilding]]></TrgtBo><SrcModule><![CDATA[triAPIConnect]]></SrcModule><SrcBo><![CDATA[triAPICBuilding]]></SrcBo><TrgtTab><![CDATA[Location]]></TrgtTab><TrgtSec /><TrgtFld><![CDATA[triProperty]]></TrgtFld><SrcTab /><SrcSec /><SrcFld /></ObjMapping><ObjMapping Id="166510" Type="10"><FldVal /><SrcFldVal /><TrgtModule><![CDATA[triAPIConnect]]></TrgtModule><TrgtBo><![CDATA[triAPICBuilding]]></TrgtBo><SrcModule><![CDATA[triAPIConnect]]></SrcModule><SrcBo><![CDATA[triAPICBuilding]]></SrcBo><TrgtTab><![CDATA[General]]></TrgtTab><TrgtSec><![CDATA[General]]></TrgtSec><TrgtFld><![CDATA[LocationName]]></TrgtFld><SrcTab><![CDATA[General]]></SrcTab><SrcSec><![CDATA[General]]></SrcSec><SrcFld><![CDATA[LocationName]]></SrcFld></ObjMapping><ObjMapping Id="166510" Type="10"><FldVal /><SrcFldVal /><TrgtModule><![CDATA[triAPIConnect]]></TrgtModule><TrgtBo><![CDATA[triAPICBuilding]]></TrgtBo><SrcModule><![CDATA[triAPIConnect]]></SrcModule><SrcBo><![CDATA[triAPICBuilding]]></SrcBo><TrgtTab><![CDATA[General]]></TrgtTab><TrgtSec><![CDATA[General]]></TrgtSec><TrgtFld><![CDATA[OrgName]]></TrgtFld><SrcTab><![CDATA[General]]></SrcTab><SrcSec><![CDATA[General]]></SrcSec><SrcFld><![CDATA[OrgName]]></SrcFld></ObjMapping><ObjMapping Id="166510" Type="10"><FldVal /><SrcFldVal /><TrgtModule><![CDATA[triAPIConnect]]></TrgtModule><TrgtBo><![CDATA[triAPICBuilding]]></TrgtBo><SrcModule><![CDATA[triAPIConnect]]></SrcModule><SrcBo><![CDATA[triAPICBuilding]]></SrcBo><TrgtTab><![CDATA[General]]></TrgtTab><TrgtSec><![CDATA[General]]></TrgtSec><TrgtFld><![CDATA[GeographyName]]></TrgtFld><SrcTab><![CDATA[General]]></SrcTab><SrcSec><![CDATA[General]]></SrcSec><SrcFld><![CDATA[GeographyName]]></SrcFld></ObjMapping><ObjMapping Id="166510" Type="10"><FldVal /><SrcFldVal /><TrgtModule><![CDATA[triAPIConnect]]></TrgtModule><TrgtBo><![CDATA[triAPICBuilding]]></TrgtBo><SrcModule><![CDATA[triAPIConnect]]></SrcModule><SrcBo><![CDATA[triAPICBuilding]]></SrcBo><TrgtTab><![CDATA[General]]></TrgtTab><TrgtSec><![CDATA[General]]></TrgtSec><TrgtFld><![CDATA[triControlNumberCN]]></TrgtFld><SrcTab><![CDATA[General]]></SrcTab><SrcSec><![CDATA[General]]></SrcSec><SrcFld><![CDATA[triControlNumberCN]]></SrcFld></ObjMapping><ObjMapping Id="166510" Type="10"><FldVal /><SrcFldVal /><TrgtModule><![CDATA[triAPIConnect]]></TrgtModule><TrgtBo><![CDATA[triAPICBuilding]]></TrgtBo><SrcModule><![CDATA[triAPIConnect]]></SrcModule><SrcBo><![CDATA[triAPICBuilding]]></SrcBo><TrgtTab><![CDATA[General]]></TrgtTab><TrgtSec><![CDATA[General]]></TrgtSec><TrgtFld><![CDATA[triCreatedByTX]]></TrgtFld><SrcTab><![CDATA[General]]></SrcTab><SrcSec><![CDATA[General]]></SrcSec><SrcFld><![CDATA[triCreatedByTX]]></SrcFld></ObjMapping><ObjMapping Id="166510" Type="10"><FldVal /><SrcFldVal /><TrgtModule><![CDATA[triAPIConnect]]></TrgtModule><TrgtBo><![CDATA[triAPICBuilding]]></TrgtBo><SrcModule><![CDATA[triAPIConnect]]></SrcModule><SrcBo><![CDATA[triAPICBuilding]]></SrcBo><TrgtTab><![CDATA[General]]></TrgtTab><TrgtSec><![CDATA[General]]></TrgtSec><TrgtFld><![CDATA[triCreatedOnDT]]></TrgtFld><SrcTab><![CDATA[General]]></SrcTab><SrcSec><![CDATA[General]]></SrcSec><SrcFld><![CDATA[triCreatedOnDT]]></SrcFld></ObjMapping><ObjMapping Id="166510" Type="10"><FldVal /><SrcFldVal /><TrgtModule><![CDATA[triAPIConnect]]></TrgtModule><TrgtBo><![CDATA[triAPICBuilding]]></TrgtBo><SrcModule><![CDATA[triAPIConnect]]></SrcModule><SrcBo><![CDATA[triAPICBuilding]]></SrcBo><TrgtTab><![CDATA[General]]></TrgtTab><TrgtSec><![CDATA[General]]></TrgtSec><TrgtFld><![CDATA[triDescriptionTX]]></TrgtFld><SrcTab><![CDATA[General]]></SrcTab><SrcSec><![CDATA[General]]></SrcSec><SrcFld><![CDATA[triDescriptionTX]]></SrcFld></ObjMapping><ObjMapping Id="166510" Type="10"><FldVal /><SrcFldVal /><TrgtModule><![CDATA[triAPIConnect]]></TrgtModule><TrgtBo><![CDATA[triAPICBuilding]]></TrgtBo><SrcModule><![CDATA[triAPIConnect]]></SrcModule><SrcBo><![CDATA[triAPICBuilding]]></SrcBo><TrgtTab><![CDATA[General]]></TrgtTab><TrgtSec><![CDATA[General]]></TrgtSec><TrgtFld><![CDATA[triExternalIdTX]]></TrgtFld><SrcTab><![CDATA[General]]></SrcTab><SrcSec><![CDATA[General]]></SrcSec><SrcFld><![CDATA[triExternalIdTX]]></SrcFld></ObjMapping><ObjMapping Id="166510" Type="10"><FldVal /><SrcFldVal /><TrgtModule><![CDATA[triAPIConnect]]></TrgtModule><TrgtBo><![CDATA[triAPICBuilding]]></TrgtBo><SrcModule><![CDATA[triAPIConnect]]></SrcModule><SrcBo><![CDATA[triAPICBuilding]]></SrcBo><TrgtTab><![CDATA[General]]></TrgtTab><TrgtSec><![CDATA[General]]></TrgtSec><TrgtFld><![CDATA[triIdTX]]></TrgtFld><SrcTab><![CDATA[General]]></SrcTab><SrcSec><![CDATA[General]]></SrcSec><SrcFld><![CDATA[triIdTX]]></SrcFld></ObjMapping><ObjMapping Id="166510" Type="10"><FldVal /><SrcFldVal /><TrgtModule><![CDATA[triAPIConnect]]></TrgtModule><TrgtBo><![CDATA[triAPICBuilding]]></TrgtBo><SrcModule><![CDATA[triAPIConnect]]></SrcModule><SrcBo><![CDATA[triAPICBuilding]]></SrcBo><TrgtTab><![CDATA[General]]></TrgtTab><TrgtSec><![CDATA[General]]></TrgtSec><TrgtFld><![CDATA[triNameTX]]></TrgtFld><SrcTab><![CDATA[General]]></SrcTab><SrcSec><![CDATA[General]]></SrcSec><SrcFld><![CDATA[triNameTX]]></SrcFld></ObjMapping><ObjMapping Id="166510" Type="10"><FldVal /><SrcFldVal /><TrgtModule><![CDATA[triAPIConnect]]></TrgtModule><TrgtBo><![CDATA[triAPICBuilding]]></TrgtBo><SrcModule><![CDATA[triAPIConnect]]></SrcModule><SrcBo><![CDATA[triAPICBuilding]]></SrcBo><TrgtTab><![CDATA[General]]></TrgtTab><TrgtSec><![CDATA[General]]></TrgtSec><TrgtFld><![CDATA[triStatusCL]]></TrgtFld><SrcTab><![CDATA[General]]></SrcTab><SrcSec><![CDATA[General]]></SrcSec><SrcFld><![CDATA[triStatusCL]]></SrcFld></ObjMapping><ObjMapping Id="166510" Type="10"><FldVal /><SrcFldVal /><TrgtModule><![CDATA[triAPIConnect]]></TrgtModule><TrgtBo><![CDATA[triAPICBuilding]]></TrgtBo><SrcModule><![CDATA[triAPIConnect]]></SrcModule><SrcBo><![CDATA[triAPICBuilding]]></SrcBo><TrgtTab><![CDATA[General]]></TrgtTab><TrgtSec><![CDATA[General]]></TrgtSec><TrgtFld><![CDATA[triUserMessageFlagTX]]></TrgtFld><SrcTab><![CDATA[General]]></SrcTab><SrcSec><![CDATA[General]]></SrcSec><SrcFld><![CDATA[triUserMessageFlagTX]]></SrcFld></ObjMapping><ObjMapping Id="166510" Type="10"><FldVal /><SrcFldVal /><TrgtModule><![CDATA[triAPIConnect]]></TrgtModule><TrgtBo><![CDATA[triAPICBuilding]]></TrgtBo><SrcModule><![CDATA[triAPIConnect]]></SrcModule><SrcBo><![CDATA[triAPICBuilding]]></SrcBo><TrgtTab><![CDATA[General]]></TrgtTab><TrgtSec><![CDATA[General]]></TrgtSec><TrgtFld><![CDATA[triUserMessageTX]]></TrgtFld><SrcTab><![CDATA[General]]></SrcTab><SrcSec><![CDATA[General]]></SrcSec><SrcFld><![CDATA[triUserMessageTX]]></SrcFld></ObjMapping><ObjMapping Id="166510" Type="10"><FldVal /><SrcFldVal /><TrgtModule><![CDATA[triAPIConnect]]></TrgtModule><TrgtBo><![CDATA[triAPICBuilding]]></TrgtBo><SrcModule><![CDATA[triAPIConnect]]></SrcModule><SrcBo><![CDATA[triAPICBuilding]]></SrcBo><TrgtTab><![CDATA[General]]></TrgtTab><TrgtSec><![CDATA[General]]></TrgtSec><TrgtFld><![CDATA[triLanguageLI]]></TrgtFld><SrcTab><![CDATA[General]]></SrcTab><SrcSec><![CDATA[General]]></SrcSec><SrcFld><![CDATA[triLanguageLI]]></SrcFld></ObjMapping><ObjMapping Id="166510" Type="10"><FldVal /><SrcFldVal /><TrgtModule><![CDATA[triAPIConnect]]></TrgtModule><TrgtBo><![CDATA[triAPICBuilding]]></TrgtBo><SrcModule><![CDATA[triAPIConnect]]></SrcModule><SrcBo><![CDATA[triAPICBuilding]]></SrcBo><TrgtTab><![CDATA[General]]></TrgtTab><TrgtSec><![CDATA[General]]></TrgtSec><TrgtFld><![CDATA[triOperationTX]]></TrgtFld><SrcTab><![CDATA[General]]></SrcTab><SrcSec><![CDATA[General]]></SrcSec><SrcFld><![CDATA[triOperationTX]]></SrcFld></ObjMapping><ObjMapping Id="166510" Type="10"><FldVal /><SrcFldVal /><TrgtModule><![CDATA[triAPIConnect]]></TrgtModule><TrgtBo><![CDATA[triAPICBuilding]]></TrgtBo><SrcModule><![CDATA[triAPIConnect]]></SrcModule><SrcBo><![CDATA[triAPICBuilding]]></SrcBo><TrgtTab><![CDATA[General]]></TrgtTab><TrgtSec><![CDATA[General]]></TrgtSec><TrgtFld><![CDATA[triSubOperationTX]]></TrgtFld><SrcTab><![CDATA[General]]></SrcTab><SrcSec><![CDATA[General]]></SrcSec><SrcFld><![CDATA[triSubOperationTX]]></SrcFld></ObjMapping><ObjMapping Id="166510" Type="10"><FldVal /><SrcFldVal /><TrgtModule><![CDATA[triAPIConnect]]></TrgtModule><TrgtBo><![CDATA[triAPICBuilding]]></TrgtBo><SrcModule><![CDATA[triAPIConnect]]></SrcModule><SrcBo><![CDATA[triAPICBuilding]]></SrcBo><TrgtTab><![CDATA[General]]></TrgtTab><TrgtSec><![CDATA[General]]></TrgtSec><TrgtFld><![CDATA[triExternalReferenceTX]]></TrgtFld><SrcTab><![CDATA[General]]></SrcTab><SrcSec><![CDATA[General]]></SrcSec><SrcFld><![CDATA[triExternalReferenceTX]]></SrcFld></ObjMapping><ObjMapping Id="166510" Type="10"><FldVal /><SrcFldVal /><TrgtModule><![CDATA[triAPIConnect]]></TrgtModule><TrgtBo><![CDATA[triAPICBuilding]]></TrgtBo><SrcModule><![CDATA[triAPIConnect]]></SrcModule><SrcBo><![CDATA[triAPICBuilding]]></SrcBo><TrgtTab><![CDATA[General]]></TrgtTab><TrgtSec><![CDATA[General]]></TrgtSec><TrgtFld><![CDATA[triTRIRIGAIDTX]]></TrgtFld><SrcTab><![CDATA[General]]></SrcTab><SrcSec><![CDATA[General]]></SrcSec><SrcFld><![CDATA[triTRIRIGAIDTX]]></SrcFld></ObjMapping><ObjMapping Id="166510" Type="10"><FldVal /><SrcFldVal /><TrgtModule><![CDATA[triAPIConnect]]></TrgtModule><TrgtBo><![CDATA[triAPICBuilding]]></TrgtBo><SrcModule><![CDATA[triAPIConnect]]></SrcModule><SrcBo><![CDATA[triAPICBuilding]]></SrcBo><TrgtTab><![CDATA[General]]></TrgtTab><TrgtSec><![CDATA[General]]></TrgtSec><TrgtFld><![CDATA[triCityTX]]></TrgtFld><SrcTab><![CDATA[General]]></SrcTab><SrcSec><![CDATA[General]]></SrcSec><SrcFld><![CDATA[triCityTX]]></SrcFld></ObjMapping><ObjMapping Id="166510" Type="10"><FldVal /><SrcFldVal /><TrgtModule><![CDATA[triAPIConnect]]></TrgtModule><TrgtBo><![CDATA[triAPICBuilding]]></TrgtBo><SrcModule><![CDATA[triAPIConnect]]></SrcModule><SrcBo><![CDATA[triAPICBuilding]]></SrcBo><TrgtTab><![CDATA[General]]></TrgtTab><TrgtSec><![CDATA[General]]></TrgtSec><TrgtFld><![CDATA[triAddressTX]]></TrgtFld><SrcTab><![CDATA[General]]></SrcTab><SrcSec><![CDATA[General]]></SrcSec><SrcFld><![CDATA[triAddressTX]]></SrcFld></ObjMapping><ObjMapping Id="166510" Type="10"><FldVal /><SrcFldVal /><TrgtModule><![CDATA[triAPIConnect]]></TrgtModule><TrgtBo><![CDATA[triAPICBuilding]]></TrgtBo><SrcModule><![CDATA[triAPIConnect]]></SrcModule><SrcBo><![CDATA[triAPICBuilding]]></SrcBo><TrgtTab><![CDATA[General]]></TrgtTab><TrgtSec><![CDATA[General]]></TrgtSec><TrgtFld><![CDATA[triStateProvTX]]></TrgtFld><SrcTab><![CDATA[General]]></SrcTab><SrcSec><![CDATA[General]]></SrcSec><SrcFld><![CDATA[triStateProvTX]]></SrcFld></ObjMapping><ObjMapping Id="166510" Type="10"><FldVal /><SrcFldVal /><TrgtModule><![CDATA[triAPIConnect]]></TrgtModule><TrgtBo><![CDATA[triAPICBuilding]]></TrgtBo><SrcModule><![CDATA[triAPIConnect]]></SrcModule><SrcBo><![CDATA[triAPICBuilding]]></SrcBo><TrgtTab><![CDATA[General]]></TrgtTab><TrgtSec><![CDATA[General]]></TrgtSec><TrgtFld><![CDATA[triZipPostalTX]]></TrgtFld><SrcTab><![CDATA[General]]></SrcTab><SrcSec><![CDATA[General]]></SrcSec><SrcFld><![CDATA[triZipPostalTX]]></SrcFld></ObjMapping><ObjMapping Id="166510" Type="10"><FldVal /><SrcFldVal /><TrgtModule><![CDATA[triAPIConnect]]></TrgtModule><TrgtBo><![CDATA[triAPICBuilding]]></TrgtBo><SrcModule><![CDATA[triAPIConnect]]></SrcModule><SrcBo><![CDATA[triAPICBuilding]]></SrcBo><TrgtTab><![CDATA[General]]></TrgtTab><TrgtSec><![CDATA[General]]></TrgtSec><TrgtFld><![CDATA[triTenureCL]]></TrgtFld><SrcTab><![CDATA[General]]></SrcTab><SrcSec><![CDATA[General]]></SrcSec><SrcFld><![CDATA[triTenureCL]]></SrcFld></ObjMapping><ObjMapping Id="166510" Type="10"><FldVal /><SrcFldVal /><TrgtModule><![CDATA[triAPIConnect]]></TrgtModule><TrgtBo><![CDATA[triAPICBuilding]]></TrgtBo><SrcModule><![CDATA[triAPIConnect]]></SrcModule><SrcBo><![CDATA[triAPICBuilding]]></SrcBo><TrgtTab><![CDATA[General]]></TrgtTab><TrgtSec><![CDATA[General]]></TrgtSec><TrgtFld><![CDATA[triPropertyClassCL]]></TrgtFld><SrcTab><![CDATA[General]]></SrcTab><SrcSec><![CDATA[General]]></SrcSec><SrcFld><![CDATA[triPropertyClassCL]]></SrcFld></ObjMapping><ObjMapping Id="166510" Type="10"><FldVal /><SrcFldVal /><TrgtModule><![CDATA[triAPIConnect]]></TrgtModule><TrgtBo><![CDATA[triAPICBuilding]]></TrgtBo><SrcModule><![CDATA[triAPIConnect]]></SrcModule><SrcBo><![CDATA[triAPICBuilding]]></SrcBo><TrgtTab><![CDATA[General]]></TrgtTab><TrgtSec><![CDATA[General]]></TrgtSec><TrgtFld><![CDATA[triZoningCL]]></TrgtFld><SrcTab><![CDATA[General]]></SrcTab><SrcSec><![CDATA[General]]></SrcSec><SrcFld><![CDATA[triZoningCL]]></SrcFld></ObjMapping><ObjMapping Id="166510" Type="10"><FldVal /><SrcFldVal /><TrgtModule><![CDATA[triAPIConnect]]></TrgtModule><TrgtBo><![CDATA[triAPICBuilding]]></TrgtBo><SrcModule><![CDATA[triAPIConnect]]></SrcModule><SrcBo><![CDATA[triAPICBuilding]]></SrcBo><TrgtTab><![CDATA[General]]></TrgtTab><TrgtSec><![CDATA[General]]></TrgtSec><TrgtFld><![CDATA[triPrimaryUseCL]]></TrgtFld><SrcTab><![CDATA[General]]></SrcTab><SrcSec><![CDATA[General]]></SrcSec><SrcFld><![CDATA[triPrimaryUseCL]]></SrcFld></ObjMapping><ObjMapping Id="166510" Type="10"><FldVal /><SrcFldVal /><TrgtModule><![CDATA[triAPIConnect]]></TrgtModule><TrgtBo><![CDATA[triAPICBuilding]]></TrgtBo><SrcModule><![CDATA[triAPIConnect]]></SrcModule><SrcBo><![CDATA[triAPICBuilding]]></SrcBo><TrgtTab><![CDATA[General]]></TrgtTab><TrgtSec><![CDATA[General]]></TrgtSec><TrgtFld><![CDATA[triJurisdictionCL]]></TrgtFld><SrcTab><![CDATA[General]]></SrcTab><SrcSec><![CDATA[General]]></SrcSec><SrcFld><![CDATA[triJurisdictionCL]]></SrcFld></ObjMapping><ObjMapping Id="166510" Type="10"><FldVal /><SrcFldVal /><TrgtModule><![CDATA[triAPIConnect]]></TrgtModule><TrgtBo><![CDATA[triAPICBuilding]]></TrgtBo><SrcModule><![CDATA[triAPIConnect]]></SrcModule><SrcBo><![CDATA[triAPICBuilding]]></SrcBo><TrgtTab><![CDATA[General]]></TrgtTab><TrgtSec><![CDATA[General]]></TrgtSec><TrgtFld><![CDATA[triParentLocationTX]]></TrgtFld><SrcTab><![CDATA[General]]></SrcTab><SrcSec><![CDATA[General]]></SrcSec><SrcFld><![CDATA[triParentLocationTX]]></SrcFld></ObjMapping><ObjMapping Id="166510" Type="10"><FldVal /><SrcFldVal /><TrgtModule><![CDATA[triAPIConnect]]></TrgtModule><TrgtBo><![CDATA[triAPICBuilding]]></TrgtBo><SrcModule><![CDATA[triAPIConnect]]></SrcModule><SrcBo><![CDATA[triAPICBuilding]]></SrcBo><TrgtTab><![CDATA[General]]></TrgtTab><TrgtSec><![CDATA[General]]></TrgtSec><TrgtFld><![CDATA[triActiveStartDA]]></TrgtFld><SrcTab><![CDATA[General]]></SrcTab><SrcSec><![CDATA[General]]></SrcSec><SrcFld><![CDATA[triActiveStartDA]]></SrcFld></ObjMapping><ObjMapping Id="166510" Type="10"><FldVal /><SrcFldVal /><TrgtModule><![CDATA[triAPIConnect]]></TrgtModule><TrgtBo><![CDATA[triAPICBuilding]]></TrgtBo><SrcModule><![CDATA[triAPIConnect]]></SrcModule><SrcBo><![CDATA[triAPICBuilding]]></SrcBo><TrgtTab><![CDATA[General]]></TrgtTab><TrgtSec><![CDATA[General]]></TrgtSec><TrgtFld><![CDATA[triBuildingClassCL]]></TrgtFld><SrcTab><![CDATA[General]]></SrcTab><SrcSec><![CDATA[General]]></SrcSec><SrcFld><![CDATA[triBuildingClassCL]]></SrcFld></ObjMapping></ObjMappings></Task><Task Id="449737" Type="29" FilterOperator="10" RecurrenceId="0" MapId="-1" SRCTaskId="-1" TRGTTaskId="-1" AssigneeTaskId="0" SortCount="1" UseMap="1" LockUser="0" AssignToFlag="1" EstEndInDays="0" EstEndInHrs="0" EstEndInMins="0" DateContext="0" ServiceContext="1"><TaskLabel><![CDATA[Retrieve APIC Record]]></TaskLabel><EventName><![CDATA[GETMAX]]></EventName><Description /><DeleteSection /><SumSection><![CDATA[General]]></SumSection><SumField><![CDATA[triRecordIdSY]]></SumField><FilterSection /><FilterField /><FilterValue /><ServiceAssociation /><TargetAssociation /><TransactionType><![CDATA[0]]></TransactionType><Status><![CDATA[0]]></Status><ParametersMapId><![CDATA[-1]]></ParametersMapId><FormulaRecalc><![CDATA[0]]></FormulaRecalc><FilterClass><![CDATA[320]]></FilterClass><Module><![CDATA[triAPIConnect]]></Module><BO><![CDATA[triAPICBuilding]]></BO><AssignToUserMod /><AssignToUserBO /><AssignToUser /><TaskRefs><TaskRef RefType="0" UseType="1" TaskRefType="0" CtxType="9" RefTaskId="447048"><RefSec /><RefField><![CDATA[null]]></RefField><RefAssoc><![CDATA[Associated]]></RefAssoc><RefModule><![CDATA[triAPIConnect]]></RefModule><RefObject><![CDATA[triAPICBuilding]]></RefObject><RefRecordMod /><RefRecordBO /><RefRecord /></TaskRef><TaskRef RefType="1" UseType="2" TaskRefType="0" CtxType="-1" RefTaskId="0"><RefSec /><RefField><![CDATA[null]]></RefField><RefAssoc /><RefModule><![CDATA[triAPIConnect]]></RefModule><RefObject><![CDATA[triAPICBuilding]]></RefObject></TaskRef></TaskRefs></Task><Task Id="449738" Type="14" FilterOperator="10" RecurrenceId="0" MapId="444211" SRCTaskId="-1" TRGTTaskId="449739" AssigneeTaskId="0" SortCount="1" UseMap="1" LockUser="0" AssignToFlag="1" EstEndInDays="0" EstEndInHrs="0" EstEndInMins="0" DateContext="0" ServiceContext="1"><TaskLabel /><EventName><![CDATA[0=true;1=false;]]></EventName><Description /><DeleteSection /><SumSection /><SumField /><FilterSection /><FilterField /><FilterValue /><ServiceAssociation /><TargetAssociation><![CDATA[449741;449739;]]></TargetAssociation><TransactionType><![CDATA[0]]></TransactionType><Status><![CDATA[0]]></Status><ParametersMapId><![CDATA[-1]]></ParametersMapId><FormulaRecalc><![CDATA[0]]></FormulaRecalc><Module /><BO /><AssignToUserMod /><AssignToUserBO /><AssignToUser /><TaskRefs /><Condition><Expression><![CDATA[p0 > 0  ]]></Expression><Params><Param PId="0"><PType><![CDATA[item]]></PType><PDataId><![CDATA[449737]]></PDataId><PItem><![CDATA[Result Count]]></PItem></Param></Params></Condition></Task><Task Id="449739" Type="12" FilterOperator="10" RecurrenceId="0" MapId="-1" SRCTaskId="-1" TRGTTaskId="-1" AssigneeTaskId="0" SortCount="1" UseMap="1" LockUser="0" AssignToFlag="1" EstEndInDays="0" EstEndInHrs="0" EstEndInMins="0" DateContext="0" ServiceContext="1"><TaskLabel /><EventName /><Description /><DeleteSection /><SumSection /><SumField /><FilterSection /><FilterField /><FilterValue /><ServiceAssociation /><TargetAssociation /><TransactionType><![CDATA[0]]></TransactionType><Status><![CDATA[0]]></Status><ParametersMapId><![CDATA[-1]]></ParametersMapId><FormulaRecalc><![CDATA[0]]></FormulaRecalc><Module /><BO /><AssignToUserMod /><AssignToUserBO /><AssignToUser /><TaskRefs /></Task><Task Id="449741" Type="28" FilterOperator="10" RecurrenceId="0" MapId="166711" SRCTaskId="-1" TRGTTaskId="-1" AssigneeTaskId="0" SortCount="1" UseMap="1" LockUser="0" AssignToFlag="1" EstEndInDays="0" EstEndInHrs="0" EstEndInMins="0" DateContext="0" ServiceContext="1"><TaskLabel><![CDATA[FromExternal=TRUE]]></TaskLabel><EventName><![CDATA[Append]]></EventName><Description /><DeleteSection /><SumSection /><SumField /><FilterSection /><FilterField /><FilterValue /><ServiceAssociation /><TargetAssociation /><TransactionType><![CDATA[0]]></TransactionType><Status><![CDATA[0]]></Status><ParametersMapId><![CDATA[-1]]></ParametersMapId><FormulaRecalc><![CDATA[2]]></FormulaRecalc><Module><![CDATA[triAPIConnect]]></Module><BO><![CDATA[triAPICBuilding]]></BO><AssignToUserMod /><AssignToUserBO /><AssignToUser /><TaskRefs><TaskRef RefType="0" UseType="1" TaskRefType="0" CtxType="-1" RefTaskId="449737"><RefSec /><RefField><![CDATA[null]]></RefField><RefAssoc /><RefModule><![CDATA[triAPIConnect]]></RefModule><RefObject><![CDATA[triAPICBuilding]]></RefObject><RefRecordMod /><RefRecordBO /><RefRecord /></TaskRef><TaskRef RefType="1" UseType="2" TaskRefType="0" CtxType="-1" RefTaskId="449737"><RefSec /><RefField><![CDATA[null]]></RefField><RefAssoc /><RefModule><![CDATA[triAPIConnect]]></RefModule><RefObject><![CDATA[triAPICBuilding]]></RefObject></TaskRef></TaskRefs><ObjMappings><ObjMapping Id="166711" Type="40"><FldVal><![CDATA[TRUE]]></FldVal><SrcFldVal /><TrgtModule><![CDATA[triAPIConnect]]></TrgtModule><TrgtBo><![CDATA[triAPICBuilding]]></TrgtBo><SrcModule><![CDATA[triAPIConnect]]></SrcModule><SrcBo><![CDATA[triAPICBuilding]]></SrcBo><TrgtTab><![CDATA[General]]></TrgtTab><TrgtSec><![CDATA[General]]></TrgtSec><TrgtFld><![CDATA[triFromExternalBL]]></TrgtFld><SrcTab /><SrcSec /><SrcFld /></ObjMapping></ObjMappings></Task></Tasks><WFSteps><WFStep Id="0" Type="1" ParId="-1" /><WFStep Id="447037" Type="9" ParId="447046" /><WFStep Id="447038" Type="28" ParId="0" /><WFStep Id="447039" Type="27" ParId="449537" /><WFStep Id="447040" Type="22" ParId="447053" /><WFStep Id="447041" Type="33" ParId="447062" /><WFStep Id="447042" Type="14" ParId="447049" /><WFStep Id="447043" Type="12" ParId="447047" /><WFStep Id="447043" Type="12" ParId="447055" /><WFStep Id="447045" Type="28" ParId="447050" /><WFStep Id="447046" Type="31" ParId="447045" /><WFStep Id="447047" Type="31" ParId="447063" /><WFStep Id="447048" Type="22" ParId="447038" /><WFStep Id="447049" Type="14" ParId="447040" /><WFStep Id="447050" Type="12" ParId="447043" /><WFStep Id="447050" Type="12" ParId="447068" /><WFStep Id="447052" Type="28" ParId="447042" /><WFStep Id="447053" Type="40" ParId="447048" /><WFStep Id="447054" Type="41" ParId="447039" /><WFStep Id="447055" Type="41" ParId="447052" /><WFStep Id="447059" Type="31" ParId="449739" /><WFStep Id="447061" Type="41" ParId="447059" /><WFStep Id="447062" Type="14" ParId="447054" /><WFStep Id="447063" Type="12" ParId="447041" /><WFStep Id="447063" Type="12" ParId="447256" /><WFStep Id="447067" Type="14" ParId="447049" /><WFStep Id="447068" Type="12" ParId="447061" /><WFStep Id="447068" Type="12" ParId="447067" /><WFStep Id="447253" Type="22" ParId="447062" /><WFStep Id="447256" Type="33" ParId="447253" /><WFStep Id="449537" Type="28" ParId="447042" /><WFStep Id="449737" Type="29" ParId="447067" /><WFStep Id="449738" Type="14" ParId="449737" /><WFStep Id="449739" Type="12" ParId="449738" /><WFStep Id="449739" Type="12" ParId="449741" /><WFStep Id="449741" Type="28" ParId="449738" /></WFSteps></Workflow>
