<?xml version="1.0" encoding="UTF-8"?>
<!-- IBM Confidential OCO Source Materials --><!-- (C) COPYRIGHT IBM CORP. 2011-2022 --><!-- The source code for this program is not published or otherwise divested of its trade secrets, irrespective of what has been deposited with the U.S. Copyright Office. --><BoRecords>     <BoRecord BoId="10023543" RecordId="-1" BoName="triIntegration" GUIId="10033641" GUIName="triIntegration" ModuleId="23222" ModuleName="triIntegration" CompanyId="208133" ParentName="" ActionName="" ObjState="created" SourceId="135500269">
<BoSectionName NameValue="System Info">
                     <Review___Status>
                         
                     </Review___Status>
                     <Prior___State>
                         created
                     </Prior___State>
                     <LocationId>
                         
                     </LocationId>
                     <OrganizationId>
                         
                     </OrganizationId>
                     <GeographyId>
                         
                     </GeographyId>
                     <CreatedBy>
                         135499111
                     </CreatedBy>
                     <ModifiedBy>
                         
                     </ModifiedBy>
                     <CreatedTime>
                         1617302157889
                     </CreatedTime>
                     <ModifiedTime>
                         1642788832480
                     </ModifiedTime>
                     <Type>
                         10023543
                     </Type>
                     <Parent>
                         
                     </Parent>
         </BoSectionName>
<BoSectionName NameValue="General">
                     <triBusinessObjectNameSY>
                         triIntegration
                     </triBusinessObjectNameSY>
                     <triSystemModifiedDateTimeNumber>
                         1642788832480
                     </triSystemModifiedDateTimeNumber>
                     <triActionNameTX>
                         
                     </triActionNameTX>
                     <triRecordNameSY>
                         triPeople - APIC - HTTP Post
                     </triRecordNameSY>
                     <triCountNU>
                         
                     </triCountNU>
                     <triCountNU_UOM>
                         
                     </triCountNU_UOM>
                     <triSQLScriptBI>
                         
                     </triSQLScriptBI>
                     <triStatusTX>
                         Failed
                     </triStatusTX>
                     <triFileImportBI>
                         
                     </triFileImportBI>
                     <triFileImportBL>
                         FALSE
                     </triFileImportBL>
                     <triFilterReportModuleLI>
                         triPeople
                     </triFilterReportModuleLI>
                     <triFilterReportBOLI>
                         People (triPeople)
                     </triFilterReportBOLI>
                     <triFilterReportLI>
                         triAPICPeople - OSLC - Outbound
                     </triFilterReportLI>
                     <triURLTX>
                         https://dc61d86c.us-south.apigw.appdomain.cloud/m18Xs7/mxPerson/syncperson?mxUrl=http://obturate1.fyre.ibm.com:9080/meaweb/esqueue/PLUSTTRIRIGA/PLUSTMXPERSONInterface
                     </triURLTX>
                     <triHttpPostTypeLI>
                         JSON
                     </triHttpPostTypeLI>
                     <triNoteNO>
                         
                     </triNoteNO>
                     <triFileExportTypeLI>
                         Flat
                     </triFileExportTypeLI>
                     <triXsltBI>
                         
                     </triXsltBI>
                     <triUseQueryLabelAsElement>
                         TRUE
                     </triUseQueryLabelAsElement>
                     <triHeaderTX>
                         
                     </triHeaderTX>
                     <triModuleQueryBL>
                         FALSE
                     </triModuleQueryBL>
                     <triDebugBL>
                         FALSE
                     </triDebugBL>
                     <triDynamicBL>
                         FALSE
                     </triDynamicBL>
                     <triPrefixTX>
                         
                     </triPrefixTX>
                     <triPostPasswordPA>
                         
                     </triPostPasswordPA>
                     <triPostUserNameTX>
                         
                     </triPostUserNameTX>
                     <triPostUserNameParameterTX>
                         
                     </triPostUserNameParameterTX>
                     <triPostPasswordParameterTX>
                         
                     </triPostPasswordParameterTX>
                     <triPostAddToHeaderBL>
                         TRUE
                     </triPostAddToHeaderBL>
                     <triPostUseAuthBasicBL>
                         FALSE
                     </triPostUseAuthBasicBL>
                     <triDataConnectJobModuleLI>
                         
                     </triDataConnectJobModuleLI>
                     <triDataConnectJobBOLI>
                         
                     </triDataConnectJobBOLI>
                     <triDataConnectConcurrencyLI>
                         1 - Single
                     </triDataConnectConcurrencyLI>
                     <triBatchNU>
                         5000
                     </triBatchNU>
                     <triBatchNU_UOM>
                         
                     </triBatchNU_UOM>
                     <triDataConnectTypeLI>
                         1 - Standard
                     </triDataConnectTypeLI>
                     <triIntegrationObjectDependentTX>
                         
                     </triIntegrationObjectDependentTX>
                     <triDbInitialSizeNU>
                         2
                     </triDbInitialSizeNU>
                     <triDbInitialSizeNU_UOM>
                         
                     </triDbInitialSizeNU_UOM>
                     <triDbMaxIdleNU>
                         2
                     </triDbMaxIdleNU>
                     <triDbMaxIdleNU_UOM>
                         
                     </triDbMaxIdleNU_UOM>
                     <triDbMaxActiveNU>
                         5
                     </triDbMaxActiveNU>
                     <triDbMaxActiveNU_UOM>
                         
                     </triDbMaxActiveNU_UOM>
                     <triIntegrationResponseMapBI>
                         
                     </triIntegrationResponseMapBI>
                     <triResponseTypeLI>
                         
                     </triResponseTypeLI>
                     <triCronJobNameTX>
                         
                     </triCronJobNameTX>
                     <triCronJobMaskTX>
                         
                     </triCronJobMaskTX>
                     <triHttpRequestTypeLI>
                         POST
                     </triHttpRequestTypeLI>
                     <triHttpRequestContentTypeLI>
                         application/json
                     </triHttpRequestContentTypeLI>
                     <triOmitRequestEntityBL>
                         FALSE
                     </triOmitRequestEntityBL>
                     <triUriTX>
                         
                     </triUriTX>
                     <triHeadersTX>
                         X-IBM-Client-Id: 385de937-960d-41f5-8253-7ddeb03f894c
                     </triHeadersTX>
                     <triSendAsBatchBL>
                         FALSE
                     </triSendAsBatchBL>
                     <triXsdBI>
                         
                     </triXsdBI>
                     <triXsdTX>
                         
                     </triXsdTX>
                     <triValidateOnlyBL>
                         FALSE
                     </triValidateOnlyBL>
                     <triMaxAuthBL>
                         FALSE
                     </triMaxAuthBL>
                     <triProxyHostTX>
                         
                     </triProxyHostTX>
                     <triProxyPortNU>
                         
                     </triProxyPortNU>
                     <triProxyPortNU_UOM>
                         
                     </triProxyPortNU_UOM>
                     <triMaxErrors>
                         0
                     </triMaxErrors>
                     <triMaxErrors_UOM>
                         
                     </triMaxErrors_UOM>
                     <triCreateErrorFileBL>
                         FALSE
                     </triCreateErrorFileBL>
                     <triErrorFileBI>
                         
                     </triErrorFileBI>
                     <triValidateBL>
                         FALSE
                     </triValidateBL>
                     <triHttpPostParametersTX>
                         
                     </triHttpPostParametersTX>
                     <triMaxErrorsNU>
                         0
                     </triMaxErrorsNU>
                     <triMaxErrorsNU_UOM>
                         
                     </triMaxErrorsNU_UOM>
                     <triFormNameTX>
                         
                     </triFormNameTX>
                     <triLoadStagingTableBL>
                         FALSE
                     </triLoadStagingTableBL>
                     <triOutboundQueryLocalizedBL>
                         FALSE
                     </triOutboundQueryLocalizedBL>
                     <triResolveColumnLabelSpacesBL>
                         FALSE
                     </triResolveColumnLabelSpacesBL>
                     <triResolveLineBreaksBL>
                         FALSE
                     </triResolveLineBreaksBL>
                     <triEnableTLS12BL>
                         FALSE
                     </triEnableTLS12BL>
                     <triExceed999ResultLimitBL>
                         FALSE
                     </triExceed999ResultLimitBL>
                     <triExceedParamCustTask1000ResultLimitBL>
                         FALSE
                     </triExceedParamCustTask1000ResultLimitBL>
                     <triControlNumberCN>
                         1000791
                     </triControlNumberCN>
                     <triRecordStateSY>
                         created
                     </triRecordStateSY>
                     <triNameTX>
                         triPeople - APIC - HTTP Post
                     </triNameTX>
                     <triBoNameTX>
                         
                     </triBoNameTX>
                     <triModuleNameTX>
                         
                     </triModuleNameTX>
                     <LocationName>
                         
                     </LocationName>
                     <triConnectionStringTX>
                         jdbc:oracle:thin:@localhost:1521:orcl
                     </triConnectionStringTX>
                     <OrgName>
                         
                     </OrgName>
                     <triIntegrationDirectionLI>
                         Outbound
                     </triIntegrationDirectionLI>
                     <GeographyName>
                         
                     </GeographyName>
                     <triUserNameTX>
                         
                     </triUserNameTX>
                     <triHashedPasswordPA>
                         ~!!~
                     </triHashedPasswordPA>
                     <triTableNameTX>
                         
                     </triTableNameTX>
                     <triQueryNameTX>
                         
                     </triQueryNameTX>
                     <triRecordIdSY>
                         135500269
                     </triRecordIdSY>
                     <triDriverNameLI>
                         oracle.jdbc.driver.OracleDriver
                     </triDriverNameLI>
                     <triConstructedUrlTX>
                         /html/en/default/rest/Integration?action=map
                     </triConstructedUrlTX>
                     <triIntegrationSchemeLI>
                         Http Post
                     </triIntegrationSchemeLI>
                     <triIntegrationMapBI>
                         
                     </triIntegrationMapBI>
                     <triIncludeRecordIdBL>
                         FALSE
                     </triIncludeRecordIdBL>
                     <triIntegrationBaseUrlTX>
                         /html/en/default/rest/Integration
                     </triIntegrationBaseUrlTX>
                     <triFileNameTX>
                         
                     </triFileNameTX>
                     <triFilePathTX>
                         
                     </triFilePathTX>
                     <triFileDelimiterLI>
                         Tab \t
                     </triFileDelimiterLI>
                     <triOverwriteBL>
                         FALSE
                     </triOverwriteBL>
                     <triDatasourceNameTX>
                         
                     </triDatasourceNameTX>
         </BoSectionName>
<Associations><Association><Name><![CDATA[Included In]]></Name><TargetModule><![CDATA[triIntegration]]></TargetModule><TargetBo><![CDATA[triIntegrationInstance]]></TargetBo><TargetObjectName><![CDATA[\triPeople - APIC - HTTP Post.285]]></TargetObjectName></Association><Association><Name><![CDATA[Belongs To]]></Name><TargetModule><![CDATA[triIntegration]]></TargetModule><TargetBo><![CDATA[triIntegrationInstance]]></TargetBo><TargetObjectName><![CDATA[\triPeople - APIC - HTTP Post.184]]></TargetObjectName></Association><Association><Name><![CDATA[Included In]]></Name><TargetModule><![CDATA[triIntegration]]></TargetModule><TargetBo><![CDATA[triIntegrationInstance]]></TargetBo><TargetObjectName><![CDATA[\triPeople - APIC - HTTP Post.183]]></TargetObjectName></Association><Association><Name><![CDATA[Belongs To]]></Name><TargetModule><![CDATA[triIntegration]]></TargetModule><TargetBo><![CDATA[triIntegrationInstance]]></TargetBo><TargetObjectName><![CDATA[\triPeople - APIC - HTTP Post.183]]></TargetObjectName></Association><Association><Name><![CDATA[Included In]]></Name><TargetModule><![CDATA[triIntegration]]></TargetModule><TargetBo><![CDATA[triIntegrationInstance]]></TargetBo><TargetObjectName><![CDATA[\triPeople - APIC - HTTP Post.182]]></TargetObjectName></Association><Association><Name><![CDATA[Belongs To]]></Name><TargetModule><![CDATA[triIntegration]]></TargetModule><TargetBo><![CDATA[triIntegrationInstance]]></TargetBo><TargetObjectName><![CDATA[\triPeople - APIC - HTTP Post.182]]></TargetObjectName></Association><Association><Name><![CDATA[Included In]]></Name><TargetModule><![CDATA[triIntegration]]></TargetModule><TargetBo><![CDATA[triIntegrationInstance]]></TargetBo><TargetObjectName><![CDATA[\triPeople - APIC - HTTP Post.181]]></TargetObjectName></Association><Association><Name><![CDATA[Belongs To]]></Name><TargetModule><![CDATA[triIntegration]]></TargetModule><TargetBo><![CDATA[triIntegrationInstance]]></TargetBo><TargetObjectName><![CDATA[\triPeople - APIC - HTTP Post.181]]></TargetObjectName></Association><Association><Name><![CDATA[Included In]]></Name><TargetModule><![CDATA[triIntegration]]></TargetModule><TargetBo><![CDATA[triIntegrationInstance]]></TargetBo><TargetObjectName><![CDATA[\triPeople - APIC - HTTP Post.178]]></TargetObjectName></Association><Association><Name><![CDATA[Belongs To]]></Name><TargetModule><![CDATA[triIntegration]]></TargetModule><TargetBo><![CDATA[triIntegrationInstance]]></TargetBo><TargetObjectName><![CDATA[\triPeople - APIC - HTTP Post.178]]></TargetObjectName></Association><Association><Name><![CDATA[Included In]]></Name><TargetModule><![CDATA[triIntegration]]></TargetModule><TargetBo><![CDATA[triIntegrationInstance]]></TargetBo><TargetObjectName><![CDATA[\triPeople - APIC - HTTP Post.177]]></TargetObjectName></Association><Association><Name><![CDATA[Belongs To]]></Name><TargetModule><![CDATA[triIntegration]]></TargetModule><TargetBo><![CDATA[triIntegrationInstance]]></TargetBo><TargetObjectName><![CDATA[\triPeople - APIC - HTTP Post.177]]></TargetObjectName></Association><Association><Name><![CDATA[Included In]]></Name><TargetModule><![CDATA[triIntegration]]></TargetModule><TargetBo><![CDATA[triIntegrationInstance]]></TargetBo><TargetObjectName><![CDATA[\triPeople - APIC - HTTP Post.176]]></TargetObjectName></Association><Association><Name><![CDATA[Belongs To]]></Name><TargetModule><![CDATA[triIntegration]]></TargetModule><TargetBo><![CDATA[triIntegrationInstance]]></TargetBo><TargetObjectName><![CDATA[\triPeople - APIC - HTTP Post.176]]></TargetObjectName></Association><Association><Name><![CDATA[Included In]]></Name><TargetModule><![CDATA[triIntegration]]></TargetModule><TargetBo><![CDATA[triIntegrationInstance]]></TargetBo><TargetObjectName><![CDATA[\triPeople - APIC - HTTP Post.173]]></TargetObjectName></Association><Association><Name><![CDATA[Belongs To]]></Name><TargetModule><![CDATA[triIntegration]]></TargetModule><TargetBo><![CDATA[triIntegrationInstance]]></TargetBo><TargetObjectName><![CDATA[\triPeople - APIC - HTTP Post.173]]></TargetObjectName></Association><Association><Name><![CDATA[Included In]]></Name><TargetModule><![CDATA[triIntegration]]></TargetModule><TargetBo><![CDATA[triIntegrationInstance]]></TargetBo><TargetObjectName><![CDATA[\triPeople - APIC - HTTP Post.172]]></TargetObjectName></Association><Association><Name><![CDATA[Belongs To]]></Name><TargetModule><![CDATA[triIntegration]]></TargetModule><TargetBo><![CDATA[triIntegrationInstance]]></TargetBo><TargetObjectName><![CDATA[\triPeople - APIC - HTTP Post.172]]></TargetObjectName></Association><Association><Name><![CDATA[Included In]]></Name><TargetModule><![CDATA[triIntegration]]></TargetModule><TargetBo><![CDATA[triIntegrationInstance]]></TargetBo><TargetObjectName><![CDATA[\triPeople - APIC - HTTP Post.171]]></TargetObjectName></Association><Association><Name><![CDATA[Belongs To]]></Name><TargetModule><![CDATA[triIntegration]]></TargetModule><TargetBo><![CDATA[triIntegrationInstance]]></TargetBo><TargetObjectName><![CDATA[\triPeople - APIC - HTTP Post.171]]></TargetObjectName></Association><Association><Name><![CDATA[Included In]]></Name><TargetModule><![CDATA[triIntegration]]></TargetModule><TargetBo><![CDATA[triIntegrationInstance]]></TargetBo><TargetObjectName><![CDATA[\triPeople - APIC - HTTP Post.170]]></TargetObjectName></Association><Association><Name><![CDATA[Belongs To]]></Name><TargetModule><![CDATA[triIntegration]]></TargetModule><TargetBo><![CDATA[triIntegrationInstance]]></TargetBo><TargetObjectName><![CDATA[\triPeople - APIC - HTTP Post.170]]></TargetObjectName></Association><Association><Name><![CDATA[Included In]]></Name><TargetModule><![CDATA[triIntegration]]></TargetModule><TargetBo><![CDATA[triIntegrationInstance]]></TargetBo><TargetObjectName><![CDATA[\triPeople - APIC - HTTP Post.169]]></TargetObjectName></Association><Association><Name><![CDATA[Belongs To]]></Name><TargetModule><![CDATA[triIntegration]]></TargetModule><TargetBo><![CDATA[triIntegrationInstance]]></TargetBo><TargetObjectName><![CDATA[\triPeople - APIC - HTTP Post.169]]></TargetObjectName></Association><Association><Name><![CDATA[Included In]]></Name><TargetModule><![CDATA[triIntegration]]></TargetModule><TargetBo><![CDATA[triIntegrationInstance]]></TargetBo><TargetObjectName><![CDATA[\triPeople - APIC - HTTP Post.168]]></TargetObjectName></Association><Association><Name><![CDATA[Belongs To]]></Name><TargetModule><![CDATA[triIntegration]]></TargetModule><TargetBo><![CDATA[triIntegrationInstance]]></TargetBo><TargetObjectName><![CDATA[\triPeople - APIC - HTTP Post.168]]></TargetObjectName></Association><Association><Name><![CDATA[Included In]]></Name><TargetModule><![CDATA[triIntegration]]></TargetModule><TargetBo><![CDATA[triIntegrationInstance]]></TargetBo><TargetObjectName><![CDATA[\triPeople - APIC - HTTP Post.167]]></TargetObjectName></Association><Association><Name><![CDATA[Belongs To]]></Name><TargetModule><![CDATA[triIntegration]]></TargetModule><TargetBo><![CDATA[triIntegrationInstance]]></TargetBo><TargetObjectName><![CDATA[\triPeople - APIC - HTTP Post.167]]></TargetObjectName></Association><Association><Name><![CDATA[Included In]]></Name><TargetModule><![CDATA[triIntegration]]></TargetModule><TargetBo><![CDATA[triIntegrationInstance]]></TargetBo><TargetObjectName><![CDATA[\triPeople - APIC - HTTP Post.166]]></TargetObjectName></Association><Association><Name><![CDATA[Belongs To]]></Name><TargetModule><![CDATA[triIntegration]]></TargetModule><TargetBo><![CDATA[triIntegrationInstance]]></TargetBo><TargetObjectName><![CDATA[\triPeople - APIC - HTTP Post.166]]></TargetObjectName></Association><Association><Name><![CDATA[Included In]]></Name><TargetModule><![CDATA[triIntegration]]></TargetModule><TargetBo><![CDATA[triIntegrationInstance]]></TargetBo><TargetObjectName><![CDATA[\triPeople - APIC - HTTP Post.165]]></TargetObjectName></Association><Association><Name><![CDATA[Belongs To]]></Name><TargetModule><![CDATA[triIntegration]]></TargetModule><TargetBo><![CDATA[triIntegrationInstance]]></TargetBo><TargetObjectName><![CDATA[\triPeople - APIC - HTTP Post.165]]></TargetObjectName></Association><Association><Name><![CDATA[Included In]]></Name><TargetModule><![CDATA[triIntegration]]></TargetModule><TargetBo><![CDATA[triIntegrationInstance]]></TargetBo><TargetObjectName><![CDATA[\triPeople - APIC - HTTP Post.164]]></TargetObjectName></Association><Association><Name><![CDATA[Belongs To]]></Name><TargetModule><![CDATA[triIntegration]]></TargetModule><TargetBo><![CDATA[triIntegrationInstance]]></TargetBo><TargetObjectName><![CDATA[\triPeople - APIC - HTTP Post.164]]></TargetObjectName></Association><Association><Name><![CDATA[Included In]]></Name><TargetModule><![CDATA[triIntegration]]></TargetModule><TargetBo><![CDATA[triIntegrationInstance]]></TargetBo><TargetObjectName><![CDATA[\triPeople - APIC - HTTP Post.163]]></TargetObjectName></Association><Association><Name><![CDATA[Belongs To]]></Name><TargetModule><![CDATA[triIntegration]]></TargetModule><TargetBo><![CDATA[triIntegrationInstance]]></TargetBo><TargetObjectName><![CDATA[\triPeople - APIC - HTTP Post.163]]></TargetObjectName></Association><Association><Name><![CDATA[Included In]]></Name><TargetModule><![CDATA[triIntegration]]></TargetModule><TargetBo><![CDATA[triIntegrationInstance]]></TargetBo><TargetObjectName><![CDATA[\triPeople - APIC - HTTP Post.162]]></TargetObjectName></Association><Association><Name><![CDATA[Belongs To]]></Name><TargetModule><![CDATA[triIntegration]]></TargetModule><TargetBo><![CDATA[triIntegrationInstance]]></TargetBo><TargetObjectName><![CDATA[\triPeople - APIC - HTTP Post.162]]></TargetObjectName></Association><Association><Name><![CDATA[Included In]]></Name><TargetModule><![CDATA[triIntegration]]></TargetModule><TargetBo><![CDATA[triIntegrationInstance]]></TargetBo><TargetObjectName><![CDATA[\triPeople - APIC - HTTP Post.156]]></TargetObjectName></Association><Association><Name><![CDATA[Belongs To]]></Name><TargetModule><![CDATA[triIntegration]]></TargetModule><TargetBo><![CDATA[triIntegrationInstance]]></TargetBo><TargetObjectName><![CDATA[\triPeople - APIC - HTTP Post.156]]></TargetObjectName></Association><Association><Name><![CDATA[Included In]]></Name><TargetModule><![CDATA[triIntegration]]></TargetModule><TargetBo><![CDATA[triIntegrationInstance]]></TargetBo><TargetObjectName><![CDATA[\triPeople - APIC - HTTP Post.155]]></TargetObjectName></Association><Association><Name><![CDATA[Belongs To]]></Name><TargetModule><![CDATA[triIntegration]]></TargetModule><TargetBo><![CDATA[triIntegrationInstance]]></TargetBo><TargetObjectName><![CDATA[\triPeople - APIC - HTTP Post.155]]></TargetObjectName></Association><Association><Name><![CDATA[Included In]]></Name><TargetModule><![CDATA[triIntegration]]></TargetModule><TargetBo><![CDATA[triIntegrationInstance]]></TargetBo><TargetObjectName><![CDATA[\triPeople - APIC - HTTP Post.149]]></TargetObjectName></Association><Association><Name><![CDATA[Belongs To]]></Name><TargetModule><![CDATA[triIntegration]]></TargetModule><TargetBo><![CDATA[triIntegrationInstance]]></TargetBo><TargetObjectName><![CDATA[\triPeople - APIC - HTTP Post.149]]></TargetObjectName></Association><Association><Name><![CDATA[Included In]]></Name><TargetModule><![CDATA[triIntegration]]></TargetModule><TargetBo><![CDATA[triIntegrationInstance]]></TargetBo><TargetObjectName><![CDATA[\triPeople - APIC - HTTP Post.148]]></TargetObjectName></Association><Association><Name><![CDATA[Belongs To]]></Name><TargetModule><![CDATA[triIntegration]]></TargetModule><TargetBo><![CDATA[triIntegrationInstance]]></TargetBo><TargetObjectName><![CDATA[\triPeople - APIC - HTTP Post.148]]></TargetObjectName></Association><Association><Name><![CDATA[Included In]]></Name><TargetModule><![CDATA[triIntegration]]></TargetModule><TargetBo><![CDATA[triIntegrationInstance]]></TargetBo><TargetObjectName><![CDATA[\triPeople - APIC - HTTP Post.147]]></TargetObjectName></Association><Association><Name><![CDATA[Belongs To]]></Name><TargetModule><![CDATA[triIntegration]]></TargetModule><TargetBo><![CDATA[triIntegrationInstance]]></TargetBo><TargetObjectName><![CDATA[\triPeople - APIC - HTTP Post.147]]></TargetObjectName></Association><Association><Name><![CDATA[Included In]]></Name><TargetModule><![CDATA[triIntegration]]></TargetModule><TargetBo><![CDATA[triIntegrationInstance]]></TargetBo><TargetObjectName><![CDATA[\triPeople - APIC - HTTP Post.145]]></TargetObjectName></Association><Association><Name><![CDATA[Belongs To]]></Name><TargetModule><![CDATA[triIntegration]]></TargetModule><TargetBo><![CDATA[triIntegrationInstance]]></TargetBo><TargetObjectName><![CDATA[\triPeople - APIC - HTTP Post.145]]></TargetObjectName></Association><Association><Name><![CDATA[Included In]]></Name><TargetModule><![CDATA[triIntegration]]></TargetModule><TargetBo><![CDATA[triIntegrationInstance]]></TargetBo><TargetObjectName><![CDATA[\triPeople - APIC - HTTP Post.224]]></TargetObjectName></Association><Association><Name><![CDATA[Belongs To]]></Name><TargetModule><![CDATA[triIntegration]]></TargetModule><TargetBo><![CDATA[triIntegrationInstance]]></TargetBo><TargetObjectName><![CDATA[\triPeople - APIC - HTTP Post.224]]></TargetObjectName></Association><Association><Name><![CDATA[Included In]]></Name><TargetModule><![CDATA[triIntegration]]></TargetModule><TargetBo><![CDATA[triIntegrationInstance]]></TargetBo><TargetObjectName><![CDATA[\triPeople - APIC - HTTP Post.223]]></TargetObjectName></Association><Association><Name><![CDATA[Belongs To]]></Name><TargetModule><![CDATA[triIntegration]]></TargetModule><TargetBo><![CDATA[triIntegrationInstance]]></TargetBo><TargetObjectName><![CDATA[\triPeople - APIC - HTTP Post.223]]></TargetObjectName></Association><Association><Name><![CDATA[Included In]]></Name><TargetModule><![CDATA[triIntegration]]></TargetModule><TargetBo><![CDATA[triIntegrationInstance]]></TargetBo><TargetObjectName><![CDATA[\triPeople - APIC - HTTP Post.222]]></TargetObjectName></Association><Association><Name><![CDATA[Belongs To]]></Name><TargetModule><![CDATA[triIntegration]]></TargetModule><TargetBo><![CDATA[triIntegrationInstance]]></TargetBo><TargetObjectName><![CDATA[\triPeople - APIC - HTTP Post.222]]></TargetObjectName></Association><Association><Name><![CDATA[Included In]]></Name><TargetModule><![CDATA[triIntegration]]></TargetModule><TargetBo><![CDATA[triIntegrationInstance]]></TargetBo><TargetObjectName><![CDATA[\triPeople - APIC - HTTP Post.221]]></TargetObjectName></Association><Association><Name><![CDATA[Belongs To]]></Name><TargetModule><![CDATA[triIntegration]]></TargetModule><TargetBo><![CDATA[triIntegrationInstance]]></TargetBo><TargetObjectName><![CDATA[\triPeople - APIC - HTTP Post.221]]></TargetObjectName></Association><Association><Name><![CDATA[Included In]]></Name><TargetModule><![CDATA[triIntegration]]></TargetModule><TargetBo><![CDATA[triIntegrationInstance]]></TargetBo><TargetObjectName><![CDATA[\triPeople - APIC - HTTP Post.220]]></TargetObjectName></Association><Association><Name><![CDATA[Belongs To]]></Name><TargetModule><![CDATA[triIntegration]]></TargetModule><TargetBo><![CDATA[triIntegrationInstance]]></TargetBo><TargetObjectName><![CDATA[\triPeople - APIC - HTTP Post.220]]></TargetObjectName></Association><Association><Name><![CDATA[Belongs To]]></Name><TargetModule><![CDATA[triIntegration]]></TargetModule><TargetBo><![CDATA[triIntegrationInstance]]></TargetBo><TargetObjectName><![CDATA[\triPeople - APIC - HTTP Post.219]]></TargetObjectName></Association><Association><Name><![CDATA[Included In]]></Name><TargetModule><![CDATA[triIntegration]]></TargetModule><TargetBo><![CDATA[triIntegrationInstance]]></TargetBo><TargetObjectName><![CDATA[\triPeople - APIC - HTTP Post.219]]></TargetObjectName></Association><Association><Name><![CDATA[Included In]]></Name><TargetModule><![CDATA[triIntegration]]></TargetModule><TargetBo><![CDATA[triIntegrationInstance]]></TargetBo><TargetObjectName><![CDATA[\triPeople - APIC - HTTP Post.218]]></TargetObjectName></Association><Association><Name><![CDATA[Belongs To]]></Name><TargetModule><![CDATA[triIntegration]]></TargetModule><TargetBo><![CDATA[triIntegrationInstance]]></TargetBo><TargetObjectName><![CDATA[\triPeople - APIC - HTTP Post.218]]></TargetObjectName></Association><Association><Name><![CDATA[Included In]]></Name><TargetModule><![CDATA[triIntegration]]></TargetModule><TargetBo><![CDATA[triIntegrationInstance]]></TargetBo><TargetObjectName><![CDATA[\triPeople - APIC - HTTP Post.217]]></TargetObjectName></Association><Association><Name><![CDATA[Belongs To]]></Name><TargetModule><![CDATA[triIntegration]]></TargetModule><TargetBo><![CDATA[triIntegrationInstance]]></TargetBo><TargetObjectName><![CDATA[\triPeople - APIC - HTTP Post.217]]></TargetObjectName></Association><Association><Name><![CDATA[Included In]]></Name><TargetModule><![CDATA[triIntegration]]></TargetModule><TargetBo><![CDATA[triIntegrationInstance]]></TargetBo><TargetObjectName><![CDATA[\triPeople - APIC - HTTP Post.216]]></TargetObjectName></Association><Association><Name><![CDATA[Belongs To]]></Name><TargetModule><![CDATA[triIntegration]]></TargetModule><TargetBo><![CDATA[triIntegrationInstance]]></TargetBo><TargetObjectName><![CDATA[\triPeople - APIC - HTTP Post.216]]></TargetObjectName></Association><Association><Name><![CDATA[Included In]]></Name><TargetModule><![CDATA[triIntegration]]></TargetModule><TargetBo><![CDATA[triIntegrationInstance]]></TargetBo><TargetObjectName><![CDATA[\triPeople - APIC - HTTP Post.215]]></TargetObjectName></Association><Association><Name><![CDATA[Belongs To]]></Name><TargetModule><![CDATA[triIntegration]]></TargetModule><TargetBo><![CDATA[triIntegrationInstance]]></TargetBo><TargetObjectName><![CDATA[\triPeople - APIC - HTTP Post.215]]></TargetObjectName></Association><Association><Name><![CDATA[Included In]]></Name><TargetModule><![CDATA[triIntegration]]></TargetModule><TargetBo><![CDATA[triIntegrationInstance]]></TargetBo><TargetObjectName><![CDATA[\triPeople - APIC - HTTP Post.214]]></TargetObjectName></Association><Association><Name><![CDATA[Belongs To]]></Name><TargetModule><![CDATA[triIntegration]]></TargetModule><TargetBo><![CDATA[triIntegrationInstance]]></TargetBo><TargetObjectName><![CDATA[\triPeople - APIC - HTTP Post.214]]></TargetObjectName></Association><Association><Name><![CDATA[Included In]]></Name><TargetModule><![CDATA[triIntegration]]></TargetModule><TargetBo><![CDATA[triIntegrationInstance]]></TargetBo><TargetObjectName><![CDATA[\triPeople - APIC - HTTP Post.213]]></TargetObjectName></Association><Association><Name><![CDATA[Belongs To]]></Name><TargetModule><![CDATA[triIntegration]]></TargetModule><TargetBo><![CDATA[triIntegrationInstance]]></TargetBo><TargetObjectName><![CDATA[\triPeople - APIC - HTTP Post.213]]></TargetObjectName></Association><Association><Name><![CDATA[Included In]]></Name><TargetModule><![CDATA[triIntegration]]></TargetModule><TargetBo><![CDATA[triIntegrationInstance]]></TargetBo><TargetObjectName><![CDATA[\triPeople - APIC - HTTP Post.210]]></TargetObjectName></Association><Association><Name><![CDATA[Belongs To]]></Name><TargetModule><![CDATA[triIntegration]]></TargetModule><TargetBo><![CDATA[triIntegrationInstance]]></TargetBo><TargetObjectName><![CDATA[\triPeople - APIC - HTTP Post.210]]></TargetObjectName></Association><Association><Name><![CDATA[Included In]]></Name><TargetModule><![CDATA[triIntegration]]></TargetModule><TargetBo><![CDATA[triIntegrationInstance]]></TargetBo><TargetObjectName><![CDATA[\triPeople - APIC - HTTP Post.206]]></TargetObjectName></Association><Association><Name><![CDATA[Belongs To]]></Name><TargetModule><![CDATA[triIntegration]]></TargetModule><TargetBo><![CDATA[triIntegrationInstance]]></TargetBo><TargetObjectName><![CDATA[\triPeople - APIC - HTTP Post.206]]></TargetObjectName></Association><Association><Name><![CDATA[Included In]]></Name><TargetModule><![CDATA[triIntegration]]></TargetModule><TargetBo><![CDATA[triIntegrationInstance]]></TargetBo><TargetObjectName><![CDATA[\triPeople - APIC - HTTP Post.205]]></TargetObjectName></Association><Association><Name><![CDATA[Belongs To]]></Name><TargetModule><![CDATA[triIntegration]]></TargetModule><TargetBo><![CDATA[triIntegrationInstance]]></TargetBo><TargetObjectName><![CDATA[\triPeople - APIC - HTTP Post.205]]></TargetObjectName></Association><Association><Name><![CDATA[Included In]]></Name><TargetModule><![CDATA[triIntegration]]></TargetModule><TargetBo><![CDATA[triIntegrationInstance]]></TargetBo><TargetObjectName><![CDATA[\triPeople - APIC - HTTP Post.203]]></TargetObjectName></Association><Association><Name><![CDATA[Belongs To]]></Name><TargetModule><![CDATA[triIntegration]]></TargetModule><TargetBo><![CDATA[triIntegrationInstance]]></TargetBo><TargetObjectName><![CDATA[\triPeople - APIC - HTTP Post.203]]></TargetObjectName></Association><Association><Name><![CDATA[Included In]]></Name><TargetModule><![CDATA[triIntegration]]></TargetModule><TargetBo><![CDATA[triIntegrationInstance]]></TargetBo><TargetObjectName><![CDATA[\triPeople - APIC - HTTP Post.201]]></TargetObjectName></Association><Association><Name><![CDATA[Belongs To]]></Name><TargetModule><![CDATA[triIntegration]]></TargetModule><TargetBo><![CDATA[triIntegrationInstance]]></TargetBo><TargetObjectName><![CDATA[\triPeople - APIC - HTTP Post.201]]></TargetObjectName></Association><Association><Name><![CDATA[Included In]]></Name><TargetModule><![CDATA[triIntegration]]></TargetModule><TargetBo><![CDATA[triIntegrationInstance]]></TargetBo><TargetObjectName><![CDATA[\triPeople - APIC - HTTP Post.200]]></TargetObjectName></Association><Association><Name><![CDATA[Belongs To]]></Name><TargetModule><![CDATA[triIntegration]]></TargetModule><TargetBo><![CDATA[triIntegrationInstance]]></TargetBo><TargetObjectName><![CDATA[\triPeople - APIC - HTTP Post.200]]></TargetObjectName></Association><Association><Name><![CDATA[Included In]]></Name><TargetModule><![CDATA[triIntegration]]></TargetModule><TargetBo><![CDATA[triIntegrationInstance]]></TargetBo><TargetObjectName><![CDATA[\triPeople - APIC - HTTP Post.198]]></TargetObjectName></Association><Association><Name><![CDATA[Belongs To]]></Name><TargetModule><![CDATA[triIntegration]]></TargetModule><TargetBo><![CDATA[triIntegrationInstance]]></TargetBo><TargetObjectName><![CDATA[\triPeople - APIC - HTTP Post.198]]></TargetObjectName></Association><Association><Name><![CDATA[Included In]]></Name><TargetModule><![CDATA[triIntegration]]></TargetModule><TargetBo><![CDATA[triIntegrationInstance]]></TargetBo><TargetObjectName><![CDATA[\triPeople - APIC - HTTP Post.197]]></TargetObjectName></Association><Association><Name><![CDATA[Belongs To]]></Name><TargetModule><![CDATA[triIntegration]]></TargetModule><TargetBo><![CDATA[triIntegrationInstance]]></TargetBo><TargetObjectName><![CDATA[\triPeople - APIC - HTTP Post.197]]></TargetObjectName></Association><Association><Name><![CDATA[Included In]]></Name><TargetModule><![CDATA[triIntegration]]></TargetModule><TargetBo><![CDATA[triIntegrationInstance]]></TargetBo><TargetObjectName><![CDATA[\triPeople - APIC - HTTP Post.193]]></TargetObjectName></Association><Association><Name><![CDATA[Belongs To]]></Name><TargetModule><![CDATA[triIntegration]]></TargetModule><TargetBo><![CDATA[triIntegrationInstance]]></TargetBo><TargetObjectName><![CDATA[\triPeople - APIC - HTTP Post.193]]></TargetObjectName></Association><Association><Name><![CDATA[Included In]]></Name><TargetModule><![CDATA[triIntegration]]></TargetModule><TargetBo><![CDATA[triIntegrationInstance]]></TargetBo><TargetObjectName><![CDATA[\triPeople - APIC - HTTP Post.192]]></TargetObjectName></Association><Association><Name><![CDATA[Belongs To]]></Name><TargetModule><![CDATA[triIntegration]]></TargetModule><TargetBo><![CDATA[triIntegrationInstance]]></TargetBo><TargetObjectName><![CDATA[\triPeople - APIC - HTTP Post.192]]></TargetObjectName></Association><Association><Name><![CDATA[Included In]]></Name><TargetModule><![CDATA[triIntegration]]></TargetModule><TargetBo><![CDATA[triIntegrationInstance]]></TargetBo><TargetObjectName><![CDATA[\triPeople - APIC - HTTP Post.186]]></TargetObjectName></Association><Association><Name><![CDATA[Belongs To]]></Name><TargetModule><![CDATA[triIntegration]]></TargetModule><TargetBo><![CDATA[triIntegrationInstance]]></TargetBo><TargetObjectName><![CDATA[\triPeople - APIC - HTTP Post.186]]></TargetObjectName></Association><Association><Name><![CDATA[Included In]]></Name><TargetModule><![CDATA[triIntegration]]></TargetModule><TargetBo><![CDATA[triIntegrationInstance]]></TargetBo><TargetObjectName><![CDATA[\triPeople - APIC - HTTP Post.185]]></TargetObjectName></Association><Association><Name><![CDATA[Belongs To]]></Name><TargetModule><![CDATA[triIntegration]]></TargetModule><TargetBo><![CDATA[triIntegrationInstance]]></TargetBo><TargetObjectName><![CDATA[\triPeople - APIC - HTTP Post.185]]></TargetObjectName></Association><Association><Name><![CDATA[Included In]]></Name><TargetModule><![CDATA[triIntegration]]></TargetModule><TargetBo><![CDATA[triIntegrationInstance]]></TargetBo><TargetObjectName><![CDATA[\triPeople - APIC - HTTP Post.184]]></TargetObjectName></Association><Association><Name><![CDATA[Belongs To]]></Name><TargetModule><![CDATA[triIntegration]]></TargetModule><TargetBo><![CDATA[triIntegrationInstance]]></TargetBo><TargetObjectName><![CDATA[\triPeople - APIC - HTTP Post.285]]></TargetObjectName></Association><Association><Name><![CDATA[Included In]]></Name><TargetModule><![CDATA[triIntegration]]></TargetModule><TargetBo><![CDATA[triIntegrationInstance]]></TargetBo><TargetObjectName><![CDATA[\triPeople - APIC - HTTP Post.284]]></TargetObjectName></Association><Association><Name><![CDATA[Belongs To]]></Name><TargetModule><![CDATA[triIntegration]]></TargetModule><TargetBo><![CDATA[triIntegrationInstance]]></TargetBo><TargetObjectName><![CDATA[\triPeople - APIC - HTTP Post.284]]></TargetObjectName></Association><Association><Name><![CDATA[Included In]]></Name><TargetModule><![CDATA[triIntegration]]></TargetModule><TargetBo><![CDATA[triIntegrationInstance]]></TargetBo><TargetObjectName><![CDATA[\triPeople - APIC - HTTP Post.283]]></TargetObjectName></Association><Association><Name><![CDATA[Belongs To]]></Name><TargetModule><![CDATA[triIntegration]]></TargetModule><TargetBo><![CDATA[triIntegrationInstance]]></TargetBo><TargetObjectName><![CDATA[\triPeople - APIC - HTTP Post.283]]></TargetObjectName></Association><Association><Name><![CDATA[Included In]]></Name><TargetModule><![CDATA[triIntegration]]></TargetModule><TargetBo><![CDATA[triIntegrationInstance]]></TargetBo><TargetObjectName><![CDATA[\triPeople - APIC - HTTP Post.282]]></TargetObjectName></Association><Association><Name><![CDATA[Belongs To]]></Name><TargetModule><![CDATA[triIntegration]]></TargetModule><TargetBo><![CDATA[triIntegrationInstance]]></TargetBo><TargetObjectName><![CDATA[\triPeople - APIC - HTTP Post.282]]></TargetObjectName></Association><Association><Name><![CDATA[Included In]]></Name><TargetModule><![CDATA[triIntegration]]></TargetModule><TargetBo><![CDATA[triIntegrationInstance]]></TargetBo><TargetObjectName><![CDATA[\triPeople - APIC - HTTP Post.281]]></TargetObjectName></Association><Association><Name><![CDATA[Belongs To]]></Name><TargetModule><![CDATA[triIntegration]]></TargetModule><TargetBo><![CDATA[triIntegrationInstance]]></TargetBo><TargetObjectName><![CDATA[\triPeople - APIC - HTTP Post.281]]></TargetObjectName></Association><Association><Name><![CDATA[Included In]]></Name><TargetModule><![CDATA[triIntegration]]></TargetModule><TargetBo><![CDATA[triIntegrationInstance]]></TargetBo><TargetObjectName><![CDATA[\triPeople - APIC - HTTP Post.272]]></TargetObjectName></Association><Association><Name><![CDATA[Belongs To]]></Name><TargetModule><![CDATA[triIntegration]]></TargetModule><TargetBo><![CDATA[triIntegrationInstance]]></TargetBo><TargetObjectName><![CDATA[\triPeople - APIC - HTTP Post.272]]></TargetObjectName></Association><Association><Name><![CDATA[Included In]]></Name><TargetModule><![CDATA[triIntegration]]></TargetModule><TargetBo><![CDATA[triIntegrationInstance]]></TargetBo><TargetObjectName><![CDATA[\triPeople - APIC - HTTP Post.271]]></TargetObjectName></Association><Association><Name><![CDATA[Belongs To]]></Name><TargetModule><![CDATA[triIntegration]]></TargetModule><TargetBo><![CDATA[triIntegrationInstance]]></TargetBo><TargetObjectName><![CDATA[\triPeople - APIC - HTTP Post.271]]></TargetObjectName></Association><Association><Name><![CDATA[Included In]]></Name><TargetModule><![CDATA[triIntegration]]></TargetModule><TargetBo><![CDATA[triIntegrationInstance]]></TargetBo><TargetObjectName><![CDATA[\triPeople - APIC - HTTP Post.270]]></TargetObjectName></Association><Association><Name><![CDATA[Belongs To]]></Name><TargetModule><![CDATA[triIntegration]]></TargetModule><TargetBo><![CDATA[triIntegrationInstance]]></TargetBo><TargetObjectName><![CDATA[\triPeople - APIC - HTTP Post.270]]></TargetObjectName></Association><Association><Name><![CDATA[Included In]]></Name><TargetModule><![CDATA[triIntegration]]></TargetModule><TargetBo><![CDATA[triIntegrationInstance]]></TargetBo><TargetObjectName><![CDATA[\triPeople - APIC - HTTP Post.269]]></TargetObjectName></Association><Association><Name><![CDATA[Belongs To]]></Name><TargetModule><![CDATA[triIntegration]]></TargetModule><TargetBo><![CDATA[triIntegrationInstance]]></TargetBo><TargetObjectName><![CDATA[\triPeople - APIC - HTTP Post.269]]></TargetObjectName></Association><Association><Name><![CDATA[Included In]]></Name><TargetModule><![CDATA[triIntegration]]></TargetModule><TargetBo><![CDATA[triIntegrationInstance]]></TargetBo><TargetObjectName><![CDATA[\triPeople - APIC - HTTP Post.268]]></TargetObjectName></Association><Association><Name><![CDATA[Belongs To]]></Name><TargetModule><![CDATA[triIntegration]]></TargetModule><TargetBo><![CDATA[triIntegrationInstance]]></TargetBo><TargetObjectName><![CDATA[\triPeople - APIC - HTTP Post.268]]></TargetObjectName></Association><Association><Name><![CDATA[Included In]]></Name><TargetModule><![CDATA[triIntegration]]></TargetModule><TargetBo><![CDATA[triIntegrationInstance]]></TargetBo><TargetObjectName><![CDATA[\triPeople - APIC - HTTP Post.267]]></TargetObjectName></Association><Association><Name><![CDATA[Belongs To]]></Name><TargetModule><![CDATA[triIntegration]]></TargetModule><TargetBo><![CDATA[triIntegrationInstance]]></TargetBo><TargetObjectName><![CDATA[\triPeople - APIC - HTTP Post.267]]></TargetObjectName></Association><Association><Name><![CDATA[Included In]]></Name><TargetModule><![CDATA[triIntegration]]></TargetModule><TargetBo><![CDATA[triIntegrationInstance]]></TargetBo><TargetObjectName><![CDATA[\triPeople - APIC - HTTP Post.266]]></TargetObjectName></Association><Association><Name><![CDATA[Belongs To]]></Name><TargetModule><![CDATA[triIntegration]]></TargetModule><TargetBo><![CDATA[triIntegrationInstance]]></TargetBo><TargetObjectName><![CDATA[\triPeople - APIC - HTTP Post.266]]></TargetObjectName></Association><Association><Name><![CDATA[Included In]]></Name><TargetModule><![CDATA[triIntegration]]></TargetModule><TargetBo><![CDATA[triIntegrationInstance]]></TargetBo><TargetObjectName><![CDATA[\triPeople - APIC - HTTP Post.265]]></TargetObjectName></Association><Association><Name><![CDATA[Belongs To]]></Name><TargetModule><![CDATA[triIntegration]]></TargetModule><TargetBo><![CDATA[triIntegrationInstance]]></TargetBo><TargetObjectName><![CDATA[\triPeople - APIC - HTTP Post.265]]></TargetObjectName></Association><Association><Name><![CDATA[Included In]]></Name><TargetModule><![CDATA[triIntegration]]></TargetModule><TargetBo><![CDATA[triIntegrationInstance]]></TargetBo><TargetObjectName><![CDATA[\triPeople - APIC - HTTP Post.264]]></TargetObjectName></Association><Association><Name><![CDATA[Belongs To]]></Name><TargetModule><![CDATA[triIntegration]]></TargetModule><TargetBo><![CDATA[triIntegrationInstance]]></TargetBo><TargetObjectName><![CDATA[\triPeople - APIC - HTTP Post.264]]></TargetObjectName></Association><Association><Name><![CDATA[Included In]]></Name><TargetModule><![CDATA[triIntegration]]></TargetModule><TargetBo><![CDATA[triIntegrationInstance]]></TargetBo><TargetObjectName><![CDATA[\triPeople - APIC - HTTP Post.263]]></TargetObjectName></Association><Association><Name><![CDATA[Belongs To]]></Name><TargetModule><![CDATA[triIntegration]]></TargetModule><TargetBo><![CDATA[triIntegrationInstance]]></TargetBo><TargetObjectName><![CDATA[\triPeople - APIC - HTTP Post.263]]></TargetObjectName></Association><Association><Name><![CDATA[Included In]]></Name><TargetModule><![CDATA[triIntegration]]></TargetModule><TargetBo><![CDATA[triIntegrationInstance]]></TargetBo><TargetObjectName><![CDATA[\triPeople - APIC - HTTP Post.262]]></TargetObjectName></Association><Association><Name><![CDATA[Belongs To]]></Name><TargetModule><![CDATA[triIntegration]]></TargetModule><TargetBo><![CDATA[triIntegrationInstance]]></TargetBo><TargetObjectName><![CDATA[\triPeople - APIC - HTTP Post.262]]></TargetObjectName></Association><Association><Name><![CDATA[Included In]]></Name><TargetModule><![CDATA[triIntegration]]></TargetModule><TargetBo><![CDATA[triIntegrationInstance]]></TargetBo><TargetObjectName><![CDATA[\triPeople - APIC - HTTP Post.256]]></TargetObjectName></Association><Association><Name><![CDATA[Belongs To]]></Name><TargetModule><![CDATA[triIntegration]]></TargetModule><TargetBo><![CDATA[triIntegrationInstance]]></TargetBo><TargetObjectName><![CDATA[\triPeople - APIC - HTTP Post.256]]></TargetObjectName></Association><Association><Name><![CDATA[Included In]]></Name><TargetModule><![CDATA[triIntegration]]></TargetModule><TargetBo><![CDATA[triIntegrationInstance]]></TargetBo><TargetObjectName><![CDATA[\triPeople - APIC - HTTP Post.254]]></TargetObjectName></Association><Association><Name><![CDATA[Belongs To]]></Name><TargetModule><![CDATA[triIntegration]]></TargetModule><TargetBo><![CDATA[triIntegrationInstance]]></TargetBo><TargetObjectName><![CDATA[\triPeople - APIC - HTTP Post.254]]></TargetObjectName></Association><Association><Name><![CDATA[Included In]]></Name><TargetModule><![CDATA[triIntegration]]></TargetModule><TargetBo><![CDATA[triIntegrationInstance]]></TargetBo><TargetObjectName><![CDATA[\triPeople - APIC - HTTP Post.250]]></TargetObjectName></Association><Association><Name><![CDATA[Belongs To]]></Name><TargetModule><![CDATA[triIntegration]]></TargetModule><TargetBo><![CDATA[triIntegrationInstance]]></TargetBo><TargetObjectName><![CDATA[\triPeople - APIC - HTTP Post.250]]></TargetObjectName></Association><Association><Name><![CDATA[Included In]]></Name><TargetModule><![CDATA[triIntegration]]></TargetModule><TargetBo><![CDATA[triIntegrationInstance]]></TargetBo><TargetObjectName><![CDATA[\triPeople - APIC - HTTP Post.248]]></TargetObjectName></Association><Association><Name><![CDATA[Belongs To]]></Name><TargetModule><![CDATA[triIntegration]]></TargetModule><TargetBo><![CDATA[triIntegrationInstance]]></TargetBo><TargetObjectName><![CDATA[\triPeople - APIC - HTTP Post.248]]></TargetObjectName></Association><Association><Name><![CDATA[Included In]]></Name><TargetModule><![CDATA[triIntegration]]></TargetModule><TargetBo><![CDATA[triIntegrationInstance]]></TargetBo><TargetObjectName><![CDATA[\triPeople - APIC - HTTP Post.247]]></TargetObjectName></Association><Association><Name><![CDATA[Belongs To]]></Name><TargetModule><![CDATA[triIntegration]]></TargetModule><TargetBo><![CDATA[triIntegrationInstance]]></TargetBo><TargetObjectName><![CDATA[\triPeople - APIC - HTTP Post.247]]></TargetObjectName></Association><Association><Name><![CDATA[Included In]]></Name><TargetModule><![CDATA[triIntegration]]></TargetModule><TargetBo><![CDATA[triIntegrationInstance]]></TargetBo><TargetObjectName><![CDATA[\triPeople - APIC - HTTP Post.236]]></TargetObjectName></Association><Association><Name><![CDATA[Belongs To]]></Name><TargetModule><![CDATA[triIntegration]]></TargetModule><TargetBo><![CDATA[triIntegrationInstance]]></TargetBo><TargetObjectName><![CDATA[\triPeople - APIC - HTTP Post.236]]></TargetObjectName></Association><Association><Name><![CDATA[Included In]]></Name><TargetModule><![CDATA[triIntegration]]></TargetModule><TargetBo><![CDATA[triIntegrationInstance]]></TargetBo><TargetObjectName><![CDATA[\triPeople - APIC - HTTP Post.235]]></TargetObjectName></Association><Association><Name><![CDATA[Belongs To]]></Name><TargetModule><![CDATA[triIntegration]]></TargetModule><TargetBo><![CDATA[triIntegrationInstance]]></TargetBo><TargetObjectName><![CDATA[\triPeople - APIC - HTTP Post.235]]></TargetObjectName></Association><Association><Name><![CDATA[Included In]]></Name><TargetModule><![CDATA[triIntegration]]></TargetModule><TargetBo><![CDATA[triIntegrationInstance]]></TargetBo><TargetObjectName><![CDATA[\triPeople - APIC - HTTP Post.230]]></TargetObjectName></Association><Association><Name><![CDATA[Belongs To]]></Name><TargetModule><![CDATA[triIntegration]]></TargetModule><TargetBo><![CDATA[triIntegrationInstance]]></TargetBo><TargetObjectName><![CDATA[\triPeople - APIC - HTTP Post.230]]></TargetObjectName></Association><Association><Name><![CDATA[Included In]]></Name><TargetModule><![CDATA[triIntegration]]></TargetModule><TargetBo><![CDATA[triIntegrationInstance]]></TargetBo><TargetObjectName><![CDATA[\triPeople - APIC - HTTP Post.225]]></TargetObjectName></Association><Association><Name><![CDATA[Belongs To]]></Name><TargetModule><![CDATA[triIntegration]]></TargetModule><TargetBo><![CDATA[triIntegrationInstance]]></TargetBo><TargetObjectName><![CDATA[\triPeople - APIC - HTTP Post.225]]></TargetObjectName></Association><Association><Name><![CDATA[Included In]]></Name><TargetModule><![CDATA[triIntegration]]></TargetModule><TargetBo><![CDATA[triIntegrationInstance]]></TargetBo><TargetObjectName><![CDATA[\triPeople - APIC - HTTP Post.300]]></TargetObjectName></Association><Association><Name><![CDATA[Belongs To]]></Name><TargetModule><![CDATA[triIntegration]]></TargetModule><TargetBo><![CDATA[triIntegrationInstance]]></TargetBo><TargetObjectName><![CDATA[\triPeople - APIC - HTTP Post.300]]></TargetObjectName></Association><Association><Name><![CDATA[Included In]]></Name><TargetModule><![CDATA[triIntegration]]></TargetModule><TargetBo><![CDATA[triIntegrationInstance]]></TargetBo><TargetObjectName><![CDATA[\triPeople - APIC - HTTP Post.286]]></TargetObjectName></Association><Association><Name><![CDATA[Belongs To]]></Name><TargetModule><![CDATA[triIntegration]]></TargetModule><TargetBo><![CDATA[triIntegrationInstance]]></TargetBo><TargetObjectName><![CDATA[\triPeople - APIC - HTTP Post.286]]></TargetObjectName></Association></Associations>     </BoRecord>
</BoRecords>
