<?xml version="1.0" encoding="UTF-8"?>
<!-- IBM Confidential OCO Source Materials --><!-- (C) COPYRIGHT IBM CORP. 2011-2022 --><!-- The source code for this program is not published or otherwise divested of its trade secrets, irrespective of what has been deposited with the U.S. Copyright Office. --><Workflow><Header Type="4" WfStatus="10" IgnoreModuleLevel="0" InstanceData="0" LockRecord="0" Modifier="0"><ObjectLabelName><![CDATA[In Progress 0.0]]></ObjectLabelName><Name><![CDATA[triPeople - triFinalApprovalHidden - APIC Send Outbound using Integration Object]]></Name><Module><![CDATA[triPeople]]></Module><BO><![CDATA[triPeople]]></BO><EventName><![CDATA[triFinalApprovalHidden]]></EventName><Description /><AssociationName /><UpdatedBy><![CDATA[System, System]]></UpdatedBy><AssociatedBO /><AssociatedModule><![CDATA[triTask]]></AssociatedModule></Header><Tasks><Task Id="0" Type="1" FilterOperator="10" RecurrenceId="0" MapId="443426" SRCTaskId="-1" TRGTTaskId="-1" AssigneeTaskId="0" SortCount="1" UseMap="1" LockUser="0" AssignToFlag="1" EstEndInDays="0" EstEndInHrs="0" EstEndInMins="0" DateContext="0" ServiceContext="1"><TaskLabel><![CDATA[Start]]></TaskLabel><EventName><![CDATA[triFinalApprovalHidden]]></EventName><Description /><DeleteSection /><SumSection /><SumField /><FilterSection /><FilterField /><FilterValue /><ServiceAssociation /><TargetAssociation /><TransactionType><![CDATA[0]]></TransactionType><Status><![CDATA[0]]></Status><ParametersMapId><![CDATA[-1]]></ParametersMapId><FormulaRecalc><![CDATA[0]]></FormulaRecalc><Module><![CDATA[triPeople]]></Module><BO><![CDATA[triPeople]]></BO><AssociatedModule><![CDATA[triTask]]></AssociatedModule><AssociatedBO /><AssignToUserMod /><AssignToUserBO /><AssignToUser /><TaskRefs /><Condition><Expression><![CDATA[ ]]></Expression></Condition></Task><Task Id="455837" Type="9" FilterOperator="10" RecurrenceId="0" MapId="-1" SRCTaskId="-1" TRGTTaskId="-1" AssigneeTaskId="0" SortCount="1" UseMap="1" LockUser="0" AssignToFlag="1" EstEndInDays="0" EstEndInHrs="0" EstEndInMins="0" DateContext="0" ServiceContext="1"><TaskLabel /><EventName /><Description /><DeleteSection /><SumSection /><SumField /><FilterSection /><FilterField /><FilterValue /><ServiceAssociation /><TargetAssociation /><TransactionType><![CDATA[0]]></TransactionType><Status><![CDATA[0]]></Status><ParametersMapId><![CDATA[-1]]></ParametersMapId><FormulaRecalc><![CDATA[0]]></FormulaRecalc><Module /><BO /><AssignToUserMod /><AssignToUserBO /><AssignToUser /><TaskRefs /></Task><Task Id="455839" Type="22" FilterOperator="10" RecurrenceId="0" MapId="-1" SRCTaskId="-1" TRGTTaskId="-1" AssigneeTaskId="0" SortCount="1" UseMap="1" LockUser="0" AssignToFlag="1" EstEndInDays="0" EstEndInHrs="0" EstEndInMins="0" DateContext="0" ServiceContext="1"><TaskLabel><![CDATA[Get Integration Object]]></TaskLabel><EventName /><Description /><DeleteSection /><SumSection /><SumField /><FilterSection /><FilterField /><FilterValue /><ServiceAssociation /><TargetAssociation /><TransactionType><![CDATA[0]]></TransactionType><Status><![CDATA[0]]></Status><ParametersMapId><![CDATA[-1]]></ParametersMapId><FormulaRecalc><![CDATA[0]]></FormulaRecalc><FilterClass><![CDATA[23222]]></FilterClass><Module><![CDATA[triIntegration]]></Module><BO><![CDATA[triIntegration]]></BO><FilterBo><![CDATA[triIntegration - Find - Integration Objects]]></FilterBo><FilterBoBO><![CDATA[triIntegration]]></FilterBoBO><FilterModule><![CDATA[triIntegration]]></FilterModule><AssignToUserMod /><AssignToUserBO /><AssignToUser /><TaskRefs><TaskRef RefType="0" UseType="1" TaskRefType="0" CtxType="-1" RefTaskId="0"><RefSec /><RefField><![CDATA[null]]></RefField><RefAssoc /><RefModule><![CDATA[triPeople]]></RefModule><RefObject><![CDATA[triPeople]]></RefObject><RefRecordMod /><RefRecordBO /><RefRecord /></TaskRef><TaskRef RefType="1" UseType="2" TaskRefType="0" CtxType="-1" RefTaskId="0"><RefSec /><RefField><![CDATA[null]]></RefField><RefAssoc /><RefModule><![CDATA[triPeople]]></RefModule><RefObject><![CDATA[triPeople]]></RefObject></TaskRef></TaskRefs><TaskFilters><TaskFilter SeqId="1" LDataType="320" RDataType="-1" LListFlg="0" RListFlg="0" RListType="3" CnstFlg="1" Operator="16" AssociatedToName="" AssociatedToTaskId="0" AssociatedToWithChildren="0"><LSecName><![CDATA[General]]></LSecName><LFldName><![CDATA[triNameTX]]></LFldName><RSecName /><RFldName /><RValue><![CDATA[triPeople - APIC - HTTP Post]]></RValue></TaskFilter></TaskFilters></Task><Task Id="455937" Type="40" FilterOperator="10" RecurrenceId="0" MapId="-1" SRCTaskId="455839" TRGTTaskId="-1" AssigneeTaskId="0" SortCount="1" UseMap="1" LockUser="0" AssignToFlag="1" EstEndInDays="0" EstEndInHrs="0" EstEndInMins="0" DateContext="0" ServiceContext="1"><TaskLabel><![CDATA[VARIntegrationObject]]></TaskLabel><EventName /><Description /><DeleteSection /><SumSection /><SumField /><FilterSection /><FilterField /><FilterValue /><ServiceAssociation /><TargetAssociation /><TransactionType><![CDATA[0]]></TransactionType><Status><![CDATA[0]]></Status><ParametersMapId><![CDATA[-1]]></ParametersMapId><FormulaRecalc><![CDATA[0]]></FormulaRecalc><Module><![CDATA[triIntegration]]></Module><BO><![CDATA[triIntegration]]></BO><AssignToUserMod /><AssignToUserBO /><AssignToUser /><TaskRefs /></Task><Task Id="455938" Type="39" FilterOperator="10" RecurrenceId="0" MapId="-1" SRCTaskId="-1" TRGTTaskId="-1" AssigneeTaskId="0" SortCount="1" UseMap="1" LockUser="0" AssignToFlag="1" EstEndInDays="0" EstEndInHrs="0" EstEndInMins="0" DateContext="0" ServiceContext="1"><TaskLabel><![CDATA[SEND]]></TaskLabel><EventName /><Description /><DeleteSection /><SumSection /><SumField /><FilterSection /><FilterField><![CDATA[Integration:com.tririga.custom.integration.Parameter]]></FilterField><FilterValue /><ServiceAssociation /><TargetAssociation /><TransactionType><![CDATA[0]]></TransactionType><Status><![CDATA[0]]></Status><ParametersMapId><![CDATA[455938]]></ParametersMapId><FormulaRecalc><![CDATA[2]]></FormulaRecalc><Module><![CDATA[triPeople]]></Module><BO><![CDATA[triPeople]]></BO><AssignToUserMod /><AssignToUserBO /><AssignToUser /><TaskRefs><TaskRef RefType="0" UseType="1" TaskRefType="0" CtxType="-1" RefTaskId="0"><RefSec /><RefField><![CDATA[null]]></RefField><RefAssoc /><RefModule><![CDATA[triPeople]]></RefModule><RefObject><![CDATA[triPeople]]></RefObject><RefRecordMod /><RefRecordBO /><RefRecord /></TaskRef></TaskRefs><Parameters ParametersMapId="455938"><Parameter ParameterId="1" ParameterType="5" VariableId="455937" ParameterName="IntegrationObject"><VariableModule><![CDATA[triIntegration]]></VariableModule><VariableBO><![CDATA[triIntegration]]></VariableBO></Parameter></Parameters></Task><Task Id="448137" Type="29" FilterOperator="10" RecurrenceId="0" MapId="-1" SRCTaskId="-1" TRGTTaskId="-1" AssigneeTaskId="0" SortCount="1" UseMap="1" LockUser="0" AssignToFlag="1" EstEndInDays="0" EstEndInHrs="0" EstEndInMins="0" DateContext="0" ServiceContext="1"><TaskLabel><![CDATA[Retrieve APIC Record]]></TaskLabel><EventName><![CDATA[GETLIST]]></EventName><Description /><DeleteSection /><SumSection /><SumField /><FilterSection /><FilterField /><FilterValue /><ServiceAssociation /><TargetAssociation /><TransactionType><![CDATA[0]]></TransactionType><Status><![CDATA[0]]></Status><ParametersMapId><![CDATA[-1]]></ParametersMapId><FormulaRecalc><![CDATA[0]]></FormulaRecalc><Module><![CDATA[triAPIConnect]]></Module><BO><![CDATA[triAPICPeople]]></BO><AssignToUserMod /><AssignToUserBO /><AssignToUser /><TaskRefs><TaskRef RefType="0" UseType="1" TaskRefType="0" CtxType="9" RefTaskId="0"><RefSec /><RefField><![CDATA[null]]></RefField><RefAssoc><![CDATA[Associated]]></RefAssoc><RefModule><![CDATA[triAPIConnect]]></RefModule><RefObject><![CDATA[triAPICPeople]]></RefObject><RefRecordMod /><RefRecordBO /><RefRecord /></TaskRef><TaskRef RefType="1" UseType="2" TaskRefType="0" CtxType="-1" RefTaskId="0"><RefSec /><RefField><![CDATA[null]]></RefField><RefAssoc /><RefModule><![CDATA[triPeople]]></RefModule><RefObject><![CDATA[triPeople]]></RefObject></TaskRef></TaskRefs></Task><Task Id="448138" Type="14" FilterOperator="10" RecurrenceId="0" MapId="443427" SRCTaskId="-1" TRGTTaskId="448139" AssigneeTaskId="0" SortCount="1" UseMap="1" LockUser="0" AssignToFlag="1" EstEndInDays="0" EstEndInHrs="0" EstEndInMins="0" DateContext="0" ServiceContext="1"><TaskLabel /><EventName><![CDATA[0=true;1=false;]]></EventName><Description /><DeleteSection /><SumSection /><SumField /><FilterSection /><FilterField /><FilterValue /><ServiceAssociation /><TargetAssociation><![CDATA[455839;448139;]]></TargetAssociation><TransactionType><![CDATA[0]]></TransactionType><Status><![CDATA[0]]></Status><ParametersMapId><![CDATA[-1]]></ParametersMapId><FormulaRecalc><![CDATA[0]]></FormulaRecalc><Module /><BO /><AssignToUserMod /><AssignToUserBO /><AssignToUser /><TaskRefs /><Condition><Expression><![CDATA[p0 == 0  ]]></Expression><Params><Param PId="0"><PType><![CDATA[item]]></PType><PDataId><![CDATA[448137]]></PDataId><PItem><![CDATA[Result Count]]></PItem></Param></Params></Condition></Task><Task Id="448139" Type="12" FilterOperator="10" RecurrenceId="0" MapId="-1" SRCTaskId="-1" TRGTTaskId="-1" AssigneeTaskId="0" SortCount="1" UseMap="1" LockUser="0" AssignToFlag="1" EstEndInDays="0" EstEndInHrs="0" EstEndInMins="0" DateContext="0" ServiceContext="1"><TaskLabel /><EventName /><Description /><DeleteSection /><SumSection /><SumField /><FilterSection /><FilterField /><FilterValue /><ServiceAssociation /><TargetAssociation /><TransactionType><![CDATA[0]]></TransactionType><Status><![CDATA[0]]></Status><ParametersMapId><![CDATA[-1]]></ParametersMapId><FormulaRecalc><![CDATA[0]]></FormulaRecalc><Module /><BO /><AssignToUserMod /><AssignToUserBO /><AssignToUser /><TaskRefs /></Task></Tasks><WFSteps><WFStep Id="0" Type="1" ParId="-1" /><WFStep Id="448137" Type="29" ParId="0" /><WFStep Id="448138" Type="14" ParId="448137" /><WFStep Id="448139" Type="12" ParId="448138" /><WFStep Id="448139" Type="12" ParId="455938" /><WFStep Id="455837" Type="9" ParId="448139" /><WFStep Id="455839" Type="22" ParId="448138" /><WFStep Id="455937" Type="40" ParId="455839" /><WFStep Id="455938" Type="39" ParId="455937" /></WFSteps></Workflow>
