<?xml version="1.0" encoding="UTF-8"?>
<!-- IBM Confidential OCO Source Materials --><!-- (C) COPYRIGHT IBM CORP. 2011-2022 --><!-- The source code for this program is not published or otherwise divested of its trade secrets, irrespective of what has been deposited with the U.S. Copyright Office. --><BoRecords>     <BoRecord BoId="10023543" RecordId="-1" BoName="triIntegration" GUIId="10033641" GUIName="triIntegration" ModuleId="23222" ModuleName="triIntegration" CompanyId="208133" ParentName="" ActionName="" ObjState="created" SourceId="135537365">
<BoSectionName NameValue="System Info">
                     <Review___Status>
                         
                     </Review___Status>
                     <Prior___State>
                         processing
                     </Prior___State>
                     <LocationId>
                         
                     </LocationId>
                     <OrganizationId>
                         
                     </OrganizationId>
                     <GeographyId>
                         
                     </GeographyId>
                     <CreatedBy>
                         221931
                     </CreatedBy>
                     <ModifiedBy>
                         
                     </ModifiedBy>
                     <CreatedTime>
                         1645622006501
                     </CreatedTime>
                     <ModifiedTime>
                         1647251866740
                     </ModifiedTime>
                     <Type>
                         10023543
                     </Type>
                     <Parent>
                         
                     </Parent>
         </BoSectionName>
<BoSectionName NameValue="General">
                     <triBusinessObjectNameSY>
                         triIntegration
                     </triBusinessObjectNameSY>
                     <triSystemModifiedDateTimeNumber>
                         1647251866740
                     </triSystemModifiedDateTimeNumber>
                     <triActionNameTX>
                         
                     </triActionNameTX>
                     <triRecordNameSY>
                         Organization - APIC - HTTP Post
                     </triRecordNameSY>
                     <triCountNU>
                         
                     </triCountNU>
                     <triCountNU_UOM>
                         
                     </triCountNU_UOM>
                     <triSQLScriptBI>
                         
                     </triSQLScriptBI>
                     <triStatusTX>
                         Failed
                     </triStatusTX>
                     <triFileImportBI>
                         
                     </triFileImportBI>
                     <triFileImportBL>
                         FALSE
                     </triFileImportBL>
                     <triFilterReportModuleLI>
                         Organization
                     </triFilterReportModuleLI>
                     <triFilterReportBOLI>
                         Organization (Organization)
                     </triFilterReportBOLI>
                     <triFilterReportLI>
                         triAPICOrganization - OSLC - Outbound
                     </triFilterReportLI>
                     <triURLTX>
                         https://dc61d86c.us-south.apigw.appdomain.cloud/bhv4Cp/mxOrg/syncorg?mxUrl=http://9.46.81.205:9080/meaweb/esqueue/PLUSTTRIRIGA/PLUSTORGDOMAIN&amp;mxDomain=PLUSTORG
                     </triURLTX>
                     <triHttpPostTypeLI>
                         JSON
                     </triHttpPostTypeLI>
                     <triNoteNO>
                         
                     </triNoteNO>
                     <triFileExportTypeLI>
                         Flat
                     </triFileExportTypeLI>
                     <triXsltBI>
                         
                     </triXsltBI>
                     <triUseQueryLabelAsElement>
                         FALSE
                     </triUseQueryLabelAsElement>
                     <triHeaderTX>
                         
                     </triHeaderTX>
                     <triModuleQueryBL>
                         FALSE
                     </triModuleQueryBL>
                     <triDebugBL>
                         FALSE
                     </triDebugBL>
                     <triDynamicBL>
                         FALSE
                     </triDynamicBL>
                     <triPrefixTX>
                         
                     </triPrefixTX>
                     <triPostPasswordPA>
                         
                     </triPostPasswordPA>
                     <triPostUserNameTX>
                         
                     </triPostUserNameTX>
                     <triPostUserNameParameterTX>
                         user
                     </triPostUserNameParameterTX>
                     <triPostPasswordParameterTX>
                         pass
                     </triPostPasswordParameterTX>
                     <triPostAddToHeaderBL>
                         FALSE
                     </triPostAddToHeaderBL>
                     <triPostUseAuthBasicBL>
                         FALSE
                     </triPostUseAuthBasicBL>
                     <triDataConnectJobModuleLI>
                         
                     </triDataConnectJobModuleLI>
                     <triDataConnectJobBOLI>
                         
                     </triDataConnectJobBOLI>
                     <triDataConnectConcurrencyLI>
                         1 - Single
                     </triDataConnectConcurrencyLI>
                     <triBatchNU>
                         5000
                     </triBatchNU>
                     <triBatchNU_UOM>
                         
                     </triBatchNU_UOM>
                     <triDataConnectTypeLI>
                         1 - Standard
                     </triDataConnectTypeLI>
                     <triIntegrationObjectDependentTX>
                         
                     </triIntegrationObjectDependentTX>
                     <triDbInitialSizeNU>
                         2
                     </triDbInitialSizeNU>
                     <triDbInitialSizeNU_UOM>
                         
                     </triDbInitialSizeNU_UOM>
                     <triDbMaxIdleNU>
                         2
                     </triDbMaxIdleNU>
                     <triDbMaxIdleNU_UOM>
                         
                     </triDbMaxIdleNU_UOM>
                     <triDbMaxActiveNU>
                         5
                     </triDbMaxActiveNU>
                     <triDbMaxActiveNU_UOM>
                         
                     </triDbMaxActiveNU_UOM>
                     <triIntegrationResponseMapBI>
                         
                     </triIntegrationResponseMapBI>
                     <triResponseTypeLI>
                         
                     </triResponseTypeLI>
                     <triCronJobNameTX>
                         
                     </triCronJobNameTX>
                     <triCronJobMaskTX>
                         
                     </triCronJobMaskTX>
                     <triHttpRequestTypeLI>
                         POST
                     </triHttpRequestTypeLI>
                     <triHttpRequestContentTypeLI>
                         application/json
                     </triHttpRequestContentTypeLI>
                     <triOmitRequestEntityBL>
                         FALSE
                     </triOmitRequestEntityBL>
                     <triUriTX>
                         
                     </triUriTX>
                     <triHeadersTX>
                         X-IBM-Client-Id: 0dc53a2f-a8fc-4613-b377-a375faf7d7b9
                     </triHeadersTX>
                     <triSendAsBatchBL>
                         FALSE
                     </triSendAsBatchBL>
                     <triXsdBI>
                         
                     </triXsdBI>
                     <triXsdTX>
                         
                     </triXsdTX>
                     <triValidateOnlyBL>
                         FALSE
                     </triValidateOnlyBL>
                     <triMaxAuthBL>
                         FALSE
                     </triMaxAuthBL>
                     <triProxyHostTX>
                         
                     </triProxyHostTX>
                     <triProxyPortNU>
                         
                     </triProxyPortNU>
                     <triProxyPortNU_UOM>
                         
                     </triProxyPortNU_UOM>
                     <triMaxErrors>
                         0
                     </triMaxErrors>
                     <triMaxErrors_UOM>
                         
                     </triMaxErrors_UOM>
                     <triCreateErrorFileBL>
                         FALSE
                     </triCreateErrorFileBL>
                     <triErrorFileBI>
                         
                     </triErrorFileBI>
                     <triValidateBL>
                         FALSE
                     </triValidateBL>
                     <triHttpPostParametersTX>
                         
                     </triHttpPostParametersTX>
                     <triMaxErrorsNU>
                         0
                     </triMaxErrorsNU>
                     <triMaxErrorsNU_UOM>
                         
                     </triMaxErrorsNU_UOM>
                     <triFormNameTX>
                         
                     </triFormNameTX>
                     <triLoadStagingTableBL>
                         FALSE
                     </triLoadStagingTableBL>
                     <triOutboundQueryLocalizedBL>
                         FALSE
                     </triOutboundQueryLocalizedBL>
                     <triResolveColumnLabelSpacesBL>
                         FALSE
                     </triResolveColumnLabelSpacesBL>
                     <triResolveLineBreaksBL>
                         FALSE
                     </triResolveLineBreaksBL>
                     <triEnableTLS12BL>
                         FALSE
                     </triEnableTLS12BL>
                     <triExceed999ResultLimitBL>
                         FALSE
                     </triExceed999ResultLimitBL>
                     <triExceedParamCustTask1000ResultLimitBL>
                         FALSE
                     </triExceedParamCustTask1000ResultLimitBL>
                     <triControlNumberCN>
                         1000803
                     </triControlNumberCN>
                     <triRecordStateSY>
                         created
                     </triRecordStateSY>
                     <triNameTX>
                         Organization - APIC - HTTP Post
                     </triNameTX>
                     <triBoNameTX>
                         
                     </triBoNameTX>
                     <triModuleNameTX>
                         
                     </triModuleNameTX>
                     <LocationName>
                         
                     </LocationName>
                     <triConnectionStringTX>
                         jdbc:oracle:thin:@localhost:1521:orcl
                     </triConnectionStringTX>
                     <OrgName>
                         
                     </OrgName>
                     <triIntegrationDirectionLI>
                         Outbound
                     </triIntegrationDirectionLI>
                     <GeographyName>
                         
                     </GeographyName>
                     <triUserNameTX>
                         
                     </triUserNameTX>
                     <triHashedPasswordPA>
                         
                     </triHashedPasswordPA>
                     <triTableNameTX>
                         
                     </triTableNameTX>
                     <triQueryNameTX>
                         APICOrganization - OSLC - Outbound
                     </triQueryNameTX>
                     <triRecordIdSY>
                         135537365
                     </triRecordIdSY>
                     <triDriverNameLI>
                         oracle.jdbc.driver.OracleDriver
                     </triDriverNameLI>
                     <triConstructedUrlTX>
                         /html/en/default/rest/Integration?action=map
                     </triConstructedUrlTX>
                     <triIntegrationSchemeLI>
                         Http Post
                     </triIntegrationSchemeLI>
                     <triIntegrationMapBI>
                         
                     </triIntegrationMapBI>
                     <triIncludeRecordIdBL>
                         FALSE
                     </triIncludeRecordIdBL>
                     <triIntegrationBaseUrlTX>
                         /html/en/default/rest/Integration
                     </triIntegrationBaseUrlTX>
                     <triFileNameTX>
                         
                     </triFileNameTX>
                     <triFilePathTX>
                         
                     </triFilePathTX>
                     <triFileDelimiterLI>
                         Tab \t
                     </triFileDelimiterLI>
                     <triOverwriteBL>
                         FALSE
                     </triOverwriteBL>
                     <triDatasourceNameTX>
                         
                     </triDatasourceNameTX>
         </BoSectionName>
<Associations><Association><Name><![CDATA[Belongs To]]></Name><TargetModule><![CDATA[triIntegration]]></TargetModule><TargetBo><![CDATA[triIntegrationInstance]]></TargetBo><TargetObjectName><![CDATA[\Organization - APIC - HTTP Post.432]]></TargetObjectName></Association><Association><Name><![CDATA[Included In]]></Name><TargetModule><![CDATA[triIntegration]]></TargetModule><TargetBo><![CDATA[triIntegrationInstance]]></TargetBo><TargetObjectName><![CDATA[\Organization - APIC - HTTP Post.469]]></TargetObjectName></Association><Association><Name><![CDATA[Belongs To]]></Name><TargetModule><![CDATA[triIntegration]]></TargetModule><TargetBo><![CDATA[triIntegrationInstance]]></TargetBo><TargetObjectName><![CDATA[\Organization - APIC - HTTP Post.469]]></TargetObjectName></Association><Association><Name><![CDATA[Included In]]></Name><TargetModule><![CDATA[triIntegration]]></TargetModule><TargetBo><![CDATA[triIntegrationInstance]]></TargetBo><TargetObjectName><![CDATA[\Organization - APIC - HTTP Post.466]]></TargetObjectName></Association><Association><Name><![CDATA[Belongs To]]></Name><TargetModule><![CDATA[triIntegration]]></TargetModule><TargetBo><![CDATA[triIntegrationInstance]]></TargetBo><TargetObjectName><![CDATA[\Organization - APIC - HTTP Post.466]]></TargetObjectName></Association><Association><Name><![CDATA[Included In]]></Name><TargetModule><![CDATA[triIntegration]]></TargetModule><TargetBo><![CDATA[triIntegrationInstance]]></TargetBo><TargetObjectName><![CDATA[\Organization - APIC - HTTP Post.465]]></TargetObjectName></Association><Association><Name><![CDATA[Belongs To]]></Name><TargetModule><![CDATA[triIntegration]]></TargetModule><TargetBo><![CDATA[triIntegrationInstance]]></TargetBo><TargetObjectName><![CDATA[\Organization - APIC - HTTP Post.465]]></TargetObjectName></Association><Association><Name><![CDATA[Included In]]></Name><TargetModule><![CDATA[triIntegration]]></TargetModule><TargetBo><![CDATA[triIntegrationInstance]]></TargetBo><TargetObjectName><![CDATA[\Organization - APIC - HTTP Post.464]]></TargetObjectName></Association><Association><Name><![CDATA[Belongs To]]></Name><TargetModule><![CDATA[triIntegration]]></TargetModule><TargetBo><![CDATA[triIntegrationInstance]]></TargetBo><TargetObjectName><![CDATA[\Organization - APIC - HTTP Post.464]]></TargetObjectName></Association><Association><Name><![CDATA[Included In]]></Name><TargetModule><![CDATA[triIntegration]]></TargetModule><TargetBo><![CDATA[triIntegrationInstance]]></TargetBo><TargetObjectName><![CDATA[\Organization - APIC - HTTP Post.463]]></TargetObjectName></Association><Association><Name><![CDATA[Belongs To]]></Name><TargetModule><![CDATA[triIntegration]]></TargetModule><TargetBo><![CDATA[triIntegrationInstance]]></TargetBo><TargetObjectName><![CDATA[\Organization - APIC - HTTP Post.463]]></TargetObjectName></Association><Association><Name><![CDATA[Included In]]></Name><TargetModule><![CDATA[triIntegration]]></TargetModule><TargetBo><![CDATA[triIntegrationInstance]]></TargetBo><TargetObjectName><![CDATA[\Organization - APIC - HTTP Post.462]]></TargetObjectName></Association><Association><Name><![CDATA[Belongs To]]></Name><TargetModule><![CDATA[triIntegration]]></TargetModule><TargetBo><![CDATA[triIntegrationInstance]]></TargetBo><TargetObjectName><![CDATA[\Organization - APIC - HTTP Post.462]]></TargetObjectName></Association><Association><Name><![CDATA[Included In]]></Name><TargetModule><![CDATA[triIntegration]]></TargetModule><TargetBo><![CDATA[triIntegrationInstance]]></TargetBo><TargetObjectName><![CDATA[\Organization - APIC - HTTP Post.455]]></TargetObjectName></Association><Association><Name><![CDATA[Belongs To]]></Name><TargetModule><![CDATA[triIntegration]]></TargetModule><TargetBo><![CDATA[triIntegrationInstance]]></TargetBo><TargetObjectName><![CDATA[\Organization - APIC - HTTP Post.455]]></TargetObjectName></Association><Association><Name><![CDATA[Included In]]></Name><TargetModule><![CDATA[triIntegration]]></TargetModule><TargetBo><![CDATA[triIntegrationInstance]]></TargetBo><TargetObjectName><![CDATA[\Organization - APIC - HTTP Post.454]]></TargetObjectName></Association><Association><Name><![CDATA[Belongs To]]></Name><TargetModule><![CDATA[triIntegration]]></TargetModule><TargetBo><![CDATA[triIntegrationInstance]]></TargetBo><TargetObjectName><![CDATA[\Organization - APIC - HTTP Post.454]]></TargetObjectName></Association><Association><Name><![CDATA[Included In]]></Name><TargetModule><![CDATA[triIntegration]]></TargetModule><TargetBo><![CDATA[triIntegrationInstance]]></TargetBo><TargetObjectName><![CDATA[\Organization - APIC - HTTP Post.453]]></TargetObjectName></Association><Association><Name><![CDATA[Belongs To]]></Name><TargetModule><![CDATA[triIntegration]]></TargetModule><TargetBo><![CDATA[triIntegrationInstance]]></TargetBo><TargetObjectName><![CDATA[\Organization - APIC - HTTP Post.453]]></TargetObjectName></Association><Association><Name><![CDATA[Included In]]></Name><TargetModule><![CDATA[triIntegration]]></TargetModule><TargetBo><![CDATA[triIntegrationInstance]]></TargetBo><TargetObjectName><![CDATA[\Organization - APIC - HTTP Post.452]]></TargetObjectName></Association><Association><Name><![CDATA[Belongs To]]></Name><TargetModule><![CDATA[triIntegration]]></TargetModule><TargetBo><![CDATA[triIntegrationInstance]]></TargetBo><TargetObjectName><![CDATA[\Organization - APIC - HTTP Post.452]]></TargetObjectName></Association><Association><Name><![CDATA[Included In]]></Name><TargetModule><![CDATA[triIntegration]]></TargetModule><TargetBo><![CDATA[triIntegrationInstance]]></TargetBo><TargetObjectName><![CDATA[\Organization - APIC - HTTP Post.451]]></TargetObjectName></Association><Association><Name><![CDATA[Belongs To]]></Name><TargetModule><![CDATA[triIntegration]]></TargetModule><TargetBo><![CDATA[triIntegrationInstance]]></TargetBo><TargetObjectName><![CDATA[\Organization - APIC - HTTP Post.451]]></TargetObjectName></Association><Association><Name><![CDATA[Included In]]></Name><TargetModule><![CDATA[triIntegration]]></TargetModule><TargetBo><![CDATA[triIntegrationInstance]]></TargetBo><TargetObjectName><![CDATA[\Organization - APIC - HTTP Post.450]]></TargetObjectName></Association><Association><Name><![CDATA[Belongs To]]></Name><TargetModule><![CDATA[triIntegration]]></TargetModule><TargetBo><![CDATA[triIntegrationInstance]]></TargetBo><TargetObjectName><![CDATA[\Organization - APIC - HTTP Post.450]]></TargetObjectName></Association><Association><Name><![CDATA[Included In]]></Name><TargetModule><![CDATA[triIntegration]]></TargetModule><TargetBo><![CDATA[triIntegrationInstance]]></TargetBo><TargetObjectName><![CDATA[\Organization - APIC - HTTP Post.449]]></TargetObjectName></Association><Association><Name><![CDATA[Belongs To]]></Name><TargetModule><![CDATA[triIntegration]]></TargetModule><TargetBo><![CDATA[triIntegrationInstance]]></TargetBo><TargetObjectName><![CDATA[\Organization - APIC - HTTP Post.449]]></TargetObjectName></Association><Association><Name><![CDATA[Included In]]></Name><TargetModule><![CDATA[triIntegration]]></TargetModule><TargetBo><![CDATA[triIntegrationInstance]]></TargetBo><TargetObjectName><![CDATA[\Organization - APIC - HTTP Post.447]]></TargetObjectName></Association><Association><Name><![CDATA[Belongs To]]></Name><TargetModule><![CDATA[triIntegration]]></TargetModule><TargetBo><![CDATA[triIntegrationInstance]]></TargetBo><TargetObjectName><![CDATA[\Organization - APIC - HTTP Post.447]]></TargetObjectName></Association><Association><Name><![CDATA[Included In]]></Name><TargetModule><![CDATA[triIntegration]]></TargetModule><TargetBo><![CDATA[triIntegrationInstance]]></TargetBo><TargetObjectName><![CDATA[\Organization - APIC - HTTP Post.444]]></TargetObjectName></Association><Association><Name><![CDATA[Belongs To]]></Name><TargetModule><![CDATA[triIntegration]]></TargetModule><TargetBo><![CDATA[triIntegrationInstance]]></TargetBo><TargetObjectName><![CDATA[\Organization - APIC - HTTP Post.444]]></TargetObjectName></Association><Association><Name><![CDATA[Included In]]></Name><TargetModule><![CDATA[triIntegration]]></TargetModule><TargetBo><![CDATA[triIntegrationInstance]]></TargetBo><TargetObjectName><![CDATA[\Organization - APIC - HTTP Post.443]]></TargetObjectName></Association><Association><Name><![CDATA[Belongs To]]></Name><TargetModule><![CDATA[triIntegration]]></TargetModule><TargetBo><![CDATA[triIntegrationInstance]]></TargetBo><TargetObjectName><![CDATA[\Organization - APIC - HTTP Post.443]]></TargetObjectName></Association><Association><Name><![CDATA[Included In]]></Name><TargetModule><![CDATA[triIntegration]]></TargetModule><TargetBo><![CDATA[triIntegrationInstance]]></TargetBo><TargetObjectName><![CDATA[\Organization - APIC - HTTP Post.442]]></TargetObjectName></Association><Association><Name><![CDATA[Belongs To]]></Name><TargetModule><![CDATA[triIntegration]]></TargetModule><TargetBo><![CDATA[triIntegrationInstance]]></TargetBo><TargetObjectName><![CDATA[\Organization - APIC - HTTP Post.442]]></TargetObjectName></Association><Association><Name><![CDATA[Included In]]></Name><TargetModule><![CDATA[triIntegration]]></TargetModule><TargetBo><![CDATA[triIntegrationInstance]]></TargetBo><TargetObjectName><![CDATA[\Organization - APIC - HTTP Post.441]]></TargetObjectName></Association><Association><Name><![CDATA[Belongs To]]></Name><TargetModule><![CDATA[triIntegration]]></TargetModule><TargetBo><![CDATA[triIntegrationInstance]]></TargetBo><TargetObjectName><![CDATA[\Organization - APIC - HTTP Post.441]]></TargetObjectName></Association><Association><Name><![CDATA[Included In]]></Name><TargetModule><![CDATA[triIntegration]]></TargetModule><TargetBo><![CDATA[triIntegrationInstance]]></TargetBo><TargetObjectName><![CDATA[\Organization - APIC - HTTP Post.440]]></TargetObjectName></Association><Association><Name><![CDATA[Belongs To]]></Name><TargetModule><![CDATA[triIntegration]]></TargetModule><TargetBo><![CDATA[triIntegrationInstance]]></TargetBo><TargetObjectName><![CDATA[\Organization - APIC - HTTP Post.440]]></TargetObjectName></Association><Association><Name><![CDATA[Included In]]></Name><TargetModule><![CDATA[triIntegration]]></TargetModule><TargetBo><![CDATA[triIntegrationInstance]]></TargetBo><TargetObjectName><![CDATA[\Organization - APIC - HTTP Post.439]]></TargetObjectName></Association><Association><Name><![CDATA[Belongs To]]></Name><TargetModule><![CDATA[triIntegration]]></TargetModule><TargetBo><![CDATA[triIntegrationInstance]]></TargetBo><TargetObjectName><![CDATA[\Organization - APIC - HTTP Post.439]]></TargetObjectName></Association><Association><Name><![CDATA[Included In]]></Name><TargetModule><![CDATA[triIntegration]]></TargetModule><TargetBo><![CDATA[triIntegrationInstance]]></TargetBo><TargetObjectName><![CDATA[\Organization - APIC - HTTP Post.433]]></TargetObjectName></Association><Association><Name><![CDATA[Belongs To]]></Name><TargetModule><![CDATA[triIntegration]]></TargetModule><TargetBo><![CDATA[triIntegrationInstance]]></TargetBo><TargetObjectName><![CDATA[\Organization - APIC - HTTP Post.433]]></TargetObjectName></Association><Association><Name><![CDATA[Included In]]></Name><TargetModule><![CDATA[triIntegration]]></TargetModule><TargetBo><![CDATA[triIntegrationInstance]]></TargetBo><TargetObjectName><![CDATA[\Organization - APIC - HTTP Post.432]]></TargetObjectName></Association></Associations>     </BoRecord>
</BoRecords>
