<?xml version = "1.0" encoding = "UTF-8"?><!-- IBM Confidential OCO Source Materials --><!-- (C) COPYRIGHT IBM CORP. 2011-2022 --><!-- The source code for this program is not published or otherwise divested of its trade secrets, irrespective of what has been deposited with the U.S. Copyright Office. --> <OMObjects><OMObject Type='1'><Module><![CDATA[triAPIConnect]]></Module><BO><![CDATA[]]></BO><Name><![CDATA[triAPICAsset]]></Name><ObjectLabelName><![CDATA[In Progress 0.0]]></ObjectLabelName><File><![CDATA[BusinessObject_triAPIConnect__triAPICAsset.xml]]></File></OMObject><OMObject Type='1'><Module><![CDATA[triAPIConnect]]></Module><BO><![CDATA[]]></BO><Name><![CDATA[triAPICAssociatedRecord]]></Name><ObjectLabelName><![CDATA[In Progress 0.0]]></ObjectLabelName><File><![CDATA[BusinessObject_triAPIConnect__triAPICAssociatedRecord.xml]]></File></OMObject><OMObject Type='1'><Module><![CDATA[triAPIConnect]]></Module><BO><![CDATA[]]></BO><Name><![CDATA[triAPICBuilding]]></Name><ObjectLabelName><![CDATA[In Progress 0.0]]></ObjectLabelName><File><![CDATA[BusinessObject_triAPIConnect__triAPICBuilding.xml]]></File></OMObject><OMObject Type='1'><Module><![CDATA[triAPIConnect]]></Module><BO><![CDATA[]]></BO><Name><![CDATA[triAPICFloor]]></Name><ObjectLabelName><![CDATA[In Progress 0.0]]></ObjectLabelName><File><![CDATA[BusinessObject_triAPIConnect__triAPICFloor.xml]]></File></OMObject><OMObject Type='1'><Module><![CDATA[triAPIConnect]]></Module><BO><![CDATA[]]></BO><Name><![CDATA[triAPIConnect]]></Name><ObjectLabelName><![CDATA[In Progress 0.0]]></ObjectLabelName><File><![CDATA[BusinessObject_triAPIConnect__triAPIConnect.xml]]></File></OMObject><OMObject Type='1'><Module><![CDATA[triAPIConnect]]></Module><BO><![CDATA[]]></BO><Name><![CDATA[triAPICOrganization]]></Name><ObjectLabelName><![CDATA[In Progress 0.0]]></ObjectLabelName><File><![CDATA[BusinessObject_triAPIConnect__triAPICOrganization.xml]]></File></OMObject><OMObject Type='1'><Module><![CDATA[triAPIConnect]]></Module><BO><![CDATA[]]></BO><Name><![CDATA[triAPICPeople]]></Name><ObjectLabelName><![CDATA[In Progress 0.0]]></ObjectLabelName><File><![CDATA[BusinessObject_triAPIConnect__triAPICPeople.xml]]></File></OMObject><OMObject Type='1'><Module><![CDATA[triAPIConnect]]></Module><BO><![CDATA[]]></BO><Name><![CDATA[triAPICProperty]]></Name><ObjectLabelName><![CDATA[In Progress 0.0]]></ObjectLabelName><File><![CDATA[BusinessObject_triAPIConnect__triAPICProperty.xml]]></File></OMObject><OMObject Type='1'><Module><![CDATA[triAPIConnect]]></Module><BO><![CDATA[]]></BO><Name><![CDATA[triAPICResource]]></Name><ObjectLabelName><![CDATA[In Progress 0.0]]></ObjectLabelName><File><![CDATA[BusinessObject_triAPIConnect__triAPICResource.xml]]></File></OMObject><OMObject Type='1'><Module><![CDATA[triAPIConnect]]></Module><BO><![CDATA[]]></BO><Name><![CDATA[triAPICServiceRequest]]></Name><ObjectLabelName><![CDATA[In Progress 0.0]]></ObjectLabelName><File><![CDATA[BusinessObject_triAPIConnect__triAPICServiceRequest.xml]]></File></OMObject><OMObject Type='1'><Module><![CDATA[triAPIConnect]]></Module><BO><![CDATA[]]></BO><Name><![CDATA[triAPICSpace]]></Name><ObjectLabelName><![CDATA[In Progress 0.0]]></ObjectLabelName><File><![CDATA[BusinessObject_triAPIConnect__triAPICSpace.xml]]></File></OMObject><OMObject Type='1'><Module><![CDATA[triAPIConnect]]></Module><BO><![CDATA[]]></BO><Name><![CDATA[triAPICWorkTask]]></Name><ObjectLabelName><![CDATA[In Progress 0.0]]></ObjectLabelName><File><![CDATA[BusinessObject_triAPIConnect__triAPICWorkTask.xml]]></File></OMObject><OMObject Type='2'><Module><![CDATA[triAPIConnect]]></Module><BO><![CDATA[triAPICAsset]]></BO><Name><![CDATA[triAPIAsset]]></Name><ObjectLabelName><![CDATA[In Progress 0.0]]></ObjectLabelName><File><![CDATA[Form_triAPIConnect_triAPICAsset_triAPIAsset.xml]]></File></OMObject><OMObject Type='2'><Module><![CDATA[triAPIConnect]]></Module><BO><![CDATA[triAPICAssociatedRecord]]></BO><Name><![CDATA[triAPICAssociatedRecord]]></Name><ObjectLabelName><![CDATA[In Progress 0.0]]></ObjectLabelName><File><![CDATA[Form_triAPIConnect_triAPICAssociatedRecord_triAPICAssociatedRecord.xml]]></File></OMObject><OMObject Type='2'><Module><![CDATA[triAPIConnect]]></Module><BO><![CDATA[triAPICBuilding]]></BO><Name><![CDATA[triAPICBuilding]]></Name><ObjectLabelName><![CDATA[In Progress 0.0]]></ObjectLabelName><File><![CDATA[Form_triAPIConnect_triAPICBuilding_triAPICBuilding.xml]]></File></OMObject><OMObject Type='2'><Module><![CDATA[triAPIConnect]]></Module><BO><![CDATA[triAPICFloor]]></BO><Name><![CDATA[triAPICFloor]]></Name><ObjectLabelName><![CDATA[In Progress 0.0]]></ObjectLabelName><File><![CDATA[Form_triAPIConnect_triAPICFloor_triAPICFloor.xml]]></File></OMObject><OMObject Type='2'><Module><![CDATA[triAPIConnect]]></Module><BO><![CDATA[triAPIConnect]]></BO><Name><![CDATA[triAPIConnect]]></Name><ObjectLabelName><![CDATA[In Progress 0.0]]></ObjectLabelName><File><![CDATA[Form_triAPIConnect_triAPIConnect_triAPIConnect.xml]]></File></OMObject><OMObject Type='2'><Module><![CDATA[triAPIConnect]]></Module><BO><![CDATA[triAPICOrganization]]></BO><Name><![CDATA[triAPICOrganization]]></Name><ObjectLabelName><![CDATA[In Progress 0.0]]></ObjectLabelName><File><![CDATA[Form_triAPIConnect_triAPICOrganization_triAPICOrganization.xml]]></File></OMObject><OMObject Type='2'><Module><![CDATA[triAPIConnect]]></Module><BO><![CDATA[triAPICPeople]]></BO><Name><![CDATA[triAPICPeople]]></Name><ObjectLabelName><![CDATA[In Progress 0.0]]></ObjectLabelName><File><![CDATA[Form_triAPIConnect_triAPICPeople_triAPICPeople.xml]]></File></OMObject><OMObject Type='2'><Module><![CDATA[triAPIConnect]]></Module><BO><![CDATA[triAPICProperty]]></BO><Name><![CDATA[triAPICProperty]]></Name><ObjectLabelName><![CDATA[In Progress 0.0]]></ObjectLabelName><File><![CDATA[Form_triAPIConnect_triAPICProperty_triAPICProperty.xml]]></File></OMObject><OMObject Type='2'><Module><![CDATA[triAPIConnect]]></Module><BO><![CDATA[triAPICResource]]></BO><Name><![CDATA[triAPICResource]]></Name><ObjectLabelName><![CDATA[In Progress 0.0]]></ObjectLabelName><File><![CDATA[Form_triAPIConnect_triAPICResource_triAPICResource.xml]]></File></OMObject><OMObject Type='2'><Module><![CDATA[triAPIConnect]]></Module><BO><![CDATA[triAPICServiceRequest]]></BO><Name><![CDATA[triAPICServiceRequest]]></Name><ObjectLabelName><![CDATA[In Progress 0.0]]></ObjectLabelName><File><![CDATA[Form_triAPIConnect_triAPICServiceRequest_triAPICServiceRequest.xml]]></File></OMObject><OMObject Type='2'><Module><![CDATA[triAPIConnect]]></Module><BO><![CDATA[triAPICSpace]]></BO><Name><![CDATA[triAPICSpace]]></Name><ObjectLabelName><![CDATA[In Progress 0.0]]></ObjectLabelName><File><![CDATA[Form_triAPIConnect_triAPICSpace_triAPICSpace.xml]]></File></OMObject><OMObject Type='2'><Module><![CDATA[triAPIConnect]]></Module><BO><![CDATA[triAPICWorkTask]]></BO><Name><![CDATA[triAPICWorkTask]]></Name><ObjectLabelName><![CDATA[In Progress 0.0]]></ObjectLabelName><File><![CDATA[Form_triAPIConnect_triAPICWorkTask_triAPICWorkTask.xml]]></File></OMObject><OMObject Type='6'><Module><![CDATA[]]></Module><BO><![CDATA[]]></BO><Name><![CDATA[triAPIConnect]]></Name><ObjectLabelName><![CDATA[In Progress 0.0]]></ObjectLabelName><File><![CDATA[Module_triAPIConnect.xml]]></File></OMObject><OMObject Type='9'><Module><![CDATA[]]></Module><BO><![CDATA[]]></BO><Name><![CDATA[triAPICIntegrationPortal]]></Name><ObjectLabelName><![CDATA[In Progress 0.0]]></ObjectLabelName><File><![CDATA[Portal_triAPICIntegrationPortal.xml]]></File></OMObject><OMObject Type='10'><Module><![CDATA[]]></Module><BO><![CDATA[]]></BO><Name><![CDATA[Outbound Integration]]></Name><ObjectLabelName><![CDATA[In Progress 0.0]]></ObjectLabelName><File><![CDATA[PortalSection_OutboundIntegration.xml]]></File></OMObject><OMObject Type='10'><Module><![CDATA[]]></Module><BO><![CDATA[]]></BO><Name><![CDATA[triAPICIntegrationErrors]]></Name><ObjectLabelName><![CDATA[In Progress 0.0]]></ObjectLabelName><File><![CDATA[PortalSection_triAPICIntegrationErrors.xml]]></File></OMObject><OMObject Type='10'><Module><![CDATA[]]></Module><BO><![CDATA[]]></BO><Name><![CDATA[triAPICIntegrationProcessed]]></Name><ObjectLabelName><![CDATA[In Progress 0.0]]></ObjectLabelName><File><![CDATA[PortalSection_triAPICIntegrationProcessed.xml]]></File></OMObject><OMObject Type='4'><Module><![CDATA[triAPIConnect]]></Module><BO><![CDATA[triAPICAsset]]></BO><Name><![CDATA[triAPICAsset - Display - Manager Query]]></Name><ObjectLabelName><![CDATA[In Progress 0.0]]></ObjectLabelName><File><![CDATA[Query_triAPIConnect_triAPICAsset_triAPICAsset-Display-ManagerQuery.xml]]></File></OMObject><OMObject Type='4'><Module><![CDATA[triAPIConnect]]></Module><BO><![CDATA[triAPICAsset]]></BO><Name><![CDATA[triAPICAsset - OSLC - Properties]]></Name><ObjectLabelName><![CDATA[In Progress 0.0]]></ObjectLabelName><File><![CDATA[Query_triAPIConnect_triAPICAsset_triAPICAsset-OSLC-Properties.xml]]></File></OMObject><OMObject Type='4'><Module><![CDATA[triAPIConnect]]></Module><BO><![CDATA[triAPICAssociatedRecord]]></BO><Name><![CDATA[triAPICAssociatedRecord - Associate - Associated Record to APIC Service Request]]></Name><ObjectLabelName><![CDATA[In Progress 0.0]]></ObjectLabelName><File><![CDATA[Query_triAPIConnect_triAPICAssociatedRecord_triAPICAssociatedRecord-Associate-AssociatedRecordtoAPICServiceRequest.xml]]></File></OMObject><OMObject Type='4'><Module><![CDATA[triAPIConnect]]></Module><BO><![CDATA[triAPICAssociatedRecord]]></BO><Name><![CDATA[triAPICAssociatedRecord - Associate - Associated Record to APIC Work Task]]></Name><ObjectLabelName><![CDATA[In Progress 0.0]]></ObjectLabelName><File><![CDATA[Query_triAPIConnect_triAPICAssociatedRecord_triAPICAssociatedRecord-Associate-AssociatedRecordtoAPICWorkTask.xml]]></File></OMObject><OMObject Type='4'><Module><![CDATA[triAPIConnect]]></Module><BO><![CDATA[triAPICAssociatedRecord]]></BO><Name><![CDATA[triAPICAssociatedRecord - OSLC - Properties]]></Name><ObjectLabelName><![CDATA[In Progress 0.0]]></ObjectLabelName><File><![CDATA[Query_triAPIConnect_triAPICAssociatedRecord_triAPICAssociatedRecord-OSLC-Properties.xml]]></File></OMObject><OMObject Type='4'><Module><![CDATA[triAPIConnect]]></Module><BO><![CDATA[triAPICBuilding]]></BO><Name><![CDATA[triAPICBuilding - Display - Manager Query]]></Name><ObjectLabelName><![CDATA[In Progress 0.0]]></ObjectLabelName><File><![CDATA[Query_triAPIConnect_triAPICBuilding_triAPICBuilding-Display-ManagerQuery.xml]]></File></OMObject><OMObject Type='4'><Module><![CDATA[Location]]></Module><BO><![CDATA[triBuilding]]></BO><Name><![CDATA[triAPICBuilding - OSLC - Outbound]]></Name><ObjectLabelName><![CDATA[In Progress 0.0]]></ObjectLabelName><File><![CDATA[Query_Location_triBuilding_triAPICBuilding-OSLC-Outbound.xml]]></File></OMObject><OMObject Type='4'><Module><![CDATA[triAPIConnect]]></Module><BO><![CDATA[triAPICBuilding]]></BO><Name><![CDATA[triAPICBuilding - OSLC - Properties]]></Name><ObjectLabelName><![CDATA[In Progress 0.0]]></ObjectLabelName><File><![CDATA[Query_triAPIConnect_triAPICBuilding_triAPICBuilding-OSLC-Properties.xml]]></File></OMObject><OMObject Type='4'><Module><![CDATA[triAsset]]></Module><BO><![CDATA[triBuildingEquipment]]></BO><Name><![CDATA[triAPICBuildingEquipment - OSLC - Outbound]]></Name><ObjectLabelName><![CDATA[In Progress 0.0]]></ObjectLabelName><File><![CDATA[Query_triAsset_triBuildingEquipment_triAPICBuildingEquipment-OSLC-Outbound.xml]]></File></OMObject><OMObject Type='4'><Module><![CDATA[triSpecification]]></Module><BO><![CDATA[triBuildingEquipmentSpec]]></BO><Name><![CDATA[triAPICBuildingEquipmentSpec - OSLC - Outbound]]></Name><ObjectLabelName><![CDATA[In Progress 0.0]]></ObjectLabelName><File><![CDATA[Query_triSpecification_triBuildingEquipmentSpec_triAPICBuildingEquipmentSpec-OSLC-Outbound.xml]]></File></OMObject><OMObject Type='4'><Module><![CDATA[triAPIConnect]]></Module><BO><![CDATA[triAPICFloor]]></BO><Name><![CDATA[triAPICFloor - Display - Manager Query]]></Name><ObjectLabelName><![CDATA[In Progress 0.0]]></ObjectLabelName><File><![CDATA[Query_triAPIConnect_triAPICFloor_triAPICFloor-Display-ManagerQuery.xml]]></File></OMObject><OMObject Type='4'><Module><![CDATA[Location]]></Module><BO><![CDATA[triFloor]]></BO><Name><![CDATA[triAPICFloor - OSLC - Outbound]]></Name><ObjectLabelName><![CDATA[In Progress 0.0]]></ObjectLabelName><File><![CDATA[Query_Location_triFloor_triAPICFloor-OSLC-Outbound.xml]]></File></OMObject><OMObject Type='4'><Module><![CDATA[triAPIConnect]]></Module><BO><![CDATA[triAPICFloor]]></BO><Name><![CDATA[triAPICFloor - OSLC - Properties]]></Name><ObjectLabelName><![CDATA[In Progress 0.0]]></ObjectLabelName><File><![CDATA[Query_triAPIConnect_triAPICFloor_triAPICFloor-OSLC-Properties.xml]]></File></OMObject><OMObject Type='4'><Module><![CDATA[triAPIConnect]]></Module><BO><![CDATA[]]></BO><Name><![CDATA[triAPICIntegrationPortal - Display - Errors]]></Name><ObjectLabelName><![CDATA[In Progress 0.0]]></ObjectLabelName><File><![CDATA[Query_triAPIConnect__triAPICIntegrationPortal-Display-Errors.xml]]></File></OMObject><OMObject Type='4'><Module><![CDATA[triIntegration]]></Module><BO><![CDATA[triIntegrationInstance]]></BO><Name><![CDATA[triAPICIntegrationPortal - Display - Outbound]]></Name><ObjectLabelName><![CDATA[In Progress 0.0]]></ObjectLabelName><File><![CDATA[Query_triIntegration_triIntegrationInstance_triAPICIntegrationPortal-Display-Outbound.xml]]></File></OMObject><OMObject Type='4'><Module><![CDATA[triAPIConnect]]></Module><BO><![CDATA[]]></BO><Name><![CDATA[triAPICIntegrationPortal - Display - Processed]]></Name><ObjectLabelName><![CDATA[In Progress 0.0]]></ObjectLabelName><File><![CDATA[Query_triAPIConnect__triAPICIntegrationPortal-Display-Processed.xml]]></File></OMObject><OMObject Type='4'><Module><![CDATA[Organization]]></Module><BO><![CDATA[]]></BO><Name><![CDATA[triAPICOrganization - OSLC - Outbound]]></Name><ObjectLabelName><![CDATA[In Progress 0.0]]></ObjectLabelName><File><![CDATA[Query_Organization__triAPICOrganization-OSLC-Outbound.xml]]></File></OMObject><OMObject Type='4'><Module><![CDATA[triAPIConnect]]></Module><BO><![CDATA[triAPICOrganization]]></BO><Name><![CDATA[triAPICOrganization - OSLC - Properties]]></Name><ObjectLabelName><![CDATA[In Progress 0.0]]></ObjectLabelName><File><![CDATA[Query_triAPIConnect_triAPICOrganization_triAPICOrganization-OSLC-Properties.xml]]></File></OMObject><OMObject Type='4'><Module><![CDATA[triAPIConnect]]></Module><BO><![CDATA[triAPICPeople]]></BO><Name><![CDATA[triAPICPeople - Display - Manager Query]]></Name><ObjectLabelName><![CDATA[In Progress 0.0]]></ObjectLabelName><File><![CDATA[Query_triAPIConnect_triAPICPeople_triAPICPeople-Display-ManagerQuery.xml]]></File></OMObject><OMObject Type='4'><Module><![CDATA[triPeople]]></Module><BO><![CDATA[triPeople]]></BO><Name><![CDATA[triAPICPeople - OSLC - Outbound]]></Name><ObjectLabelName><![CDATA[In Progress 0.0]]></ObjectLabelName><File><![CDATA[Query_triPeople_triPeople_triAPICPeople-OSLC-Outbound.xml]]></File></OMObject><OMObject Type='4'><Module><![CDATA[triAPIConnect]]></Module><BO><![CDATA[triAPICPeople]]></BO><Name><![CDATA[triAPICPeople - OSLC - Properties]]></Name><ObjectLabelName><![CDATA[In Progress 0.0]]></ObjectLabelName><File><![CDATA[Query_triAPIConnect_triAPICPeople_triAPICPeople-OSLC-Properties.xml]]></File></OMObject><OMObject Type='4'><Module><![CDATA[triAPIConnect]]></Module><BO><![CDATA[triAPICProperty]]></BO><Name><![CDATA[triAPICProperty - Display - Manager Query]]></Name><ObjectLabelName><![CDATA[In Progress 0.0]]></ObjectLabelName><File><![CDATA[Query_triAPIConnect_triAPICProperty_triAPICProperty-Display-ManagerQuery.xml]]></File></OMObject><OMObject Type='4'><Module><![CDATA[Location]]></Module><BO><![CDATA[triProperty]]></BO><Name><![CDATA[triAPICProperty - OSLC - Outbound]]></Name><ObjectLabelName><![CDATA[In Progress 0.0]]></ObjectLabelName><File><![CDATA[Query_Location_triProperty_triAPICProperty-OSLC-Outbound.xml]]></File></OMObject><OMObject Type='4'><Module><![CDATA[triAPIConnect]]></Module><BO><![CDATA[triAPICProperty]]></BO><Name><![CDATA[triAPICProperty - OSLC - Properties]]></Name><ObjectLabelName><![CDATA[In Progress 0.0]]></ObjectLabelName><File><![CDATA[Query_triAPIConnect_triAPICProperty_triAPICProperty-OSLC-Properties.xml]]></File></OMObject><OMObject Type='4'><Module><![CDATA[Classification]]></Module><BO><![CDATA[triRequestClass]]></BO><Name><![CDATA[triAPICRequestClass - OSLC - Outbound]]></Name><ObjectLabelName><![CDATA[In Progress 0.0]]></ObjectLabelName><File><![CDATA[Query_Classification_triRequestClass_triAPICRequestClass-OSLC-Outbound.xml]]></File></OMObject><OMObject Type='4'><Module><![CDATA[triAPIConnect]]></Module><BO><![CDATA[triAPICResource]]></BO><Name><![CDATA[triAPICResource - Display - Manager Query]]></Name><ObjectLabelName><![CDATA[In Progress 0.0]]></ObjectLabelName><File><![CDATA[Query_triAPIConnect_triAPICResource_triAPICResource-Display-ManagerQuery.xml]]></File></OMObject><OMObject Type='4'><Module><![CDATA[triAPIConnect]]></Module><BO><![CDATA[triAPICResource]]></BO><Name><![CDATA[triAPICResource - OSLC - Properties]]></Name><ObjectLabelName><![CDATA[In Progress 0.0]]></ObjectLabelName><File><![CDATA[Query_triAPIConnect_triAPICResource_triAPICResource-OSLC-Properties.xml]]></File></OMObject><OMObject Type='4'><Module><![CDATA[triAPIConnect]]></Module><BO><![CDATA[triAPICServiceRequest]]></BO><Name><![CDATA[triAPICServiceRequest - Display - Manager Query]]></Name><ObjectLabelName><![CDATA[In Progress 0.0]]></ObjectLabelName><File><![CDATA[Query_triAPIConnect_triAPICServiceRequest_triAPICServiceRequest-Display-ManagerQuery.xml]]></File></OMObject><OMObject Type='4'><Module><![CDATA[triRequest]]></Module><BO><![CDATA[triServiceRequest]]></BO><Name><![CDATA[triAPICServiceRequest - OSLC - Outbound]]></Name><ObjectLabelName><![CDATA[In Progress 0.0]]></ObjectLabelName><File><![CDATA[Query_triRequest_triServiceRequest_triAPICServiceRequest-OSLC-Outbound.xml]]></File></OMObject><OMObject Type='4'><Module><![CDATA[triAPIConnect]]></Module><BO><![CDATA[triAPICServiceRequest]]></BO><Name><![CDATA[triAPICServiceRequest - OSLC - Properties]]></Name><ObjectLabelName><![CDATA[In Progress 0.0]]></ObjectLabelName><File><![CDATA[Query_triAPIConnect_triAPICServiceRequest_triAPICServiceRequest-OSLC-Properties.xml]]></File></OMObject><OMObject Type='4'><Module><![CDATA[triAPIConnect]]></Module><BO><![CDATA[triAPICSpace]]></BO><Name><![CDATA[triAPICSpace - Display - Manager Query]]></Name><ObjectLabelName><![CDATA[In Progress 0.0]]></ObjectLabelName><File><![CDATA[Query_triAPIConnect_triAPICSpace_triAPICSpace-Display-ManagerQuery.xml]]></File></OMObject><OMObject Type='4'><Module><![CDATA[Location]]></Module><BO><![CDATA[triSpace]]></BO><Name><![CDATA[triAPICSpace - OSLC - Outbound]]></Name><ObjectLabelName><![CDATA[In Progress 0.0]]></ObjectLabelName><File><![CDATA[Query_Location_triSpace_triAPICSpace-OSLC-Outbound.xml]]></File></OMObject><OMObject Type='4'><Module><![CDATA[triAPIConnect]]></Module><BO><![CDATA[triAPICSpace]]></BO><Name><![CDATA[triAPICSpace - OSLC - Properties]]></Name><ObjectLabelName><![CDATA[In Progress 0.0]]></ObjectLabelName><File><![CDATA[Query_triAPIConnect_triAPICSpace_triAPICSpace-OSLC-Properties.xml]]></File></OMObject><OMObject Type='4'><Module><![CDATA[Classification]]></Module><BO><![CDATA[triSpaceClassCurrent]]></BO><Name><![CDATA[triAPICSpaceClass - OSLC - Outbound]]></Name><ObjectLabelName><![CDATA[In Progress 0.0]]></ObjectLabelName><File><![CDATA[Query_Classification_triSpaceClassCurrent_triAPICSpaceClass-OSLC-Outbound.xml]]></File></OMObject><OMObject Type='4'><Module><![CDATA[triAPIConnect]]></Module><BO><![CDATA[triAPICWorkTask]]></BO><Name><![CDATA[triAPICWorkTask - Display - Manager Query]]></Name><ObjectLabelName><![CDATA[In Progress 0.0]]></ObjectLabelName><File><![CDATA[Query_triAPIConnect_triAPICWorkTask_triAPICWorkTask-Display-ManagerQuery.xml]]></File></OMObject><OMObject Type='4'><Module><![CDATA[triTask]]></Module><BO><![CDATA[triWorkTask]]></BO><Name><![CDATA[triAPICWorkTask - OSLC - Outbound]]></Name><ObjectLabelName><![CDATA[In Progress 0.0]]></ObjectLabelName><File><![CDATA[Query_triTask_triWorkTask_triAPICWorkTask-OSLC-Outbound.xml]]></File></OMObject><OMObject Type='4'><Module><![CDATA[triAPIConnect]]></Module><BO><![CDATA[triAPICWorkTask]]></BO><Name><![CDATA[triAPICWorkTask - OSLC - Properties]]></Name><ObjectLabelName><![CDATA[In Progress 0.0]]></ObjectLabelName><File><![CDATA[Query_triAPIConnect_triAPICWorkTask_triAPICWorkTask-OSLC-Properties.xml]]></File></OMObject><OMObject Type='4'><Module><![CDATA[triOslc]]></Module><BO><![CDATA[triOslcShape]]></BO><Name><![CDATA[triOSLCResource - Workflow - All APIC OSLC Resources]]></Name><ObjectLabelName><![CDATA[In Progress 0.0]]></ObjectLabelName><File><![CDATA[Query_triOslc_triOslcShape_triOSLCResource-Workflow-AllAPICOSLCResources.xml]]></File></OMObject><OMObject Type='4'><Module><![CDATA[Location]]></Module><BO><![CDATA[triSpace]]></BO><Name><![CDATA[triSpace -  APIC GET - All Space Records]]></Name><ObjectLabelName><![CDATA[In Progress 0.0]]></ObjectLabelName><File><![CDATA[Query_Location_triSpace_triSpace-APICGET-AllSpaceRecords.xml]]></File></OMObject><OMObject Type='13' IsDoNotIncludeAssociatedRecordData="0"><Module><![CDATA[triIntegration]]></Module><BO><![CDATA[triIntegration]]></BO><Name><![CDATA[\Organization - APIC - HTTP Post]]></Name><ObjectLabelName><![CDATA[]]></ObjectLabelName><File><![CDATA[RecordData_triIntegration_triIntegration_2d7889e53d826c8a6717ef9de8c3f5e4b3b321bf.xml]]></File></OMObject><OMObject Type='13' IsDoNotIncludeAssociatedRecordData="0"><Module><![CDATA[triOslc]]></Module><BO><![CDATA[triOslcCreationFactory]]></BO><Name><![CDATA[\triAPICAssetCF]]></Name><ObjectLabelName><![CDATA[]]></ObjectLabelName><File><![CDATA[RecordData_triOslc_triOslcCreationFactory_0f1384fa1cba63725feb7e450d8da4e1fd29e628.xml]]></File></OMObject><OMObject Type='13' IsDoNotIncludeAssociatedRecordData="0"><Module><![CDATA[triOslc]]></Module><BO><![CDATA[triOslcShape]]></BO><Name><![CDATA[\triAPICAssetRS]]></Name><ObjectLabelName><![CDATA[]]></ObjectLabelName><File><![CDATA[RecordData_triOslc_triOslcShape_5afb09acafb053439e1b2eee229c85a7d7357fe2.xml]]></File></OMObject><OMObject Type='13' IsDoNotIncludeAssociatedRecordData="0"><Module><![CDATA[triOslc]]></Module><BO><![CDATA[triOslcShape]]></BO><Name><![CDATA[\triAPICAssociatedRecordRS]]></Name><ObjectLabelName><![CDATA[]]></ObjectLabelName><File><![CDATA[RecordData_triOslc_triOslcShape_f54688347a92114e1d2abf2e0290a18f89b10e0d.xml]]></File></OMObject><OMObject Type='13' IsDoNotIncludeAssociatedRecordData="0"><Module><![CDATA[triOslc]]></Module><BO><![CDATA[triOslcCreationFactory]]></BO><Name><![CDATA[\triAPICBuildingCF]]></Name><ObjectLabelName><![CDATA[]]></ObjectLabelName><File><![CDATA[RecordData_triOslc_triOslcCreationFactory_2ba90a9b514c6eeef78163005f47b2d477507280.xml]]></File></OMObject><OMObject Type='13' IsDoNotIncludeAssociatedRecordData="0"><Module><![CDATA[triOslc]]></Module><BO><![CDATA[triOslcShape]]></BO><Name><![CDATA[\triAPICBuildingRS]]></Name><ObjectLabelName><![CDATA[]]></ObjectLabelName><File><![CDATA[RecordData_triOslc_triOslcShape_8cf251d9eb9df940172484ba9b0e2873cbaa642b.xml]]></File></OMObject><OMObject Type='13' IsDoNotIncludeAssociatedRecordData="0"><Module><![CDATA[triOslc]]></Module><BO><![CDATA[triOslcCreationFactory]]></BO><Name><![CDATA[\triAPICFloorCF]]></Name><ObjectLabelName><![CDATA[]]></ObjectLabelName><File><![CDATA[RecordData_triOslc_triOslcCreationFactory_04313a1833729ea0a54729cf8e4e343e8e227e9b.xml]]></File></OMObject><OMObject Type='13' IsDoNotIncludeAssociatedRecordData="0"><Module><![CDATA[triOslc]]></Module><BO><![CDATA[triOslcShape]]></BO><Name><![CDATA[\triAPICFloorRS]]></Name><ObjectLabelName><![CDATA[]]></ObjectLabelName><File><![CDATA[RecordData_triOslc_triOslcShape_ba672a9a347ba6f4d7f0c020cba7f648d50d9b1b.xml]]></File></OMObject><OMObject Type='13' IsDoNotIncludeAssociatedRecordData="0"><Module><![CDATA[triOslc]]></Module><BO><![CDATA[triOslcServiceProvider]]></BO><Name><![CDATA[\triAPIConnectSP]]></Name><ObjectLabelName><![CDATA[]]></ObjectLabelName><File><![CDATA[RecordData_triOslc_triOslcServiceProvider_2f5f5fcabe287feb5d5380c7096fb9974a6be498.xml]]></File></OMObject><OMObject Type='13' IsDoNotIncludeAssociatedRecordData="0"><Module><![CDATA[triOslc]]></Module><BO><![CDATA[triOslcService]]></BO><Name><![CDATA[\triAPIConnectSV]]></Name><ObjectLabelName><![CDATA[]]></ObjectLabelName><File><![CDATA[RecordData_triOslc_triOslcService_6095172ab205f57b66008dc5542aca28d2f2ba90.xml]]></File></OMObject><OMObject Type='13' IsDoNotIncludeAssociatedRecordData="0"><Module><![CDATA[triOslc]]></Module><BO><![CDATA[triOslcCreationFactory]]></BO><Name><![CDATA[\triAPICOrganizationCF]]></Name><ObjectLabelName><![CDATA[]]></ObjectLabelName><File><![CDATA[RecordData_triOslc_triOslcCreationFactory_4b304a1caa687cf3996eef3c3bc34af7d35ae69f.xml]]></File></OMObject><OMObject Type='13' IsDoNotIncludeAssociatedRecordData="0"><Module><![CDATA[triOslc]]></Module><BO><![CDATA[triOslcShape]]></BO><Name><![CDATA[\triAPICOrganizationRS]]></Name><ObjectLabelName><![CDATA[]]></ObjectLabelName><File><![CDATA[RecordData_triOslc_triOslcShape_f7c18d2a41d90612eab6fccf43fc927e31aff846.xml]]></File></OMObject><OMObject Type='13' IsDoNotIncludeAssociatedRecordData="0"><Module><![CDATA[triOslc]]></Module><BO><![CDATA[triOslcQueryCapability]]></BO><Name><![CDATA[\triAPICOutboundAssetQC]]></Name><ObjectLabelName><![CDATA[]]></ObjectLabelName><File><![CDATA[RecordData_triOslc_triOslcQueryCapability_75166c60002a7a476bbd317f5dd8b5534f9e7712.xml]]></File></OMObject><OMObject Type='13' IsDoNotIncludeAssociatedRecordData="0"><Module><![CDATA[triOslc]]></Module><BO><![CDATA[triOslcShape]]></BO><Name><![CDATA[\triAPICOutboundAssetRS]]></Name><ObjectLabelName><![CDATA[]]></ObjectLabelName><File><![CDATA[RecordData_triOslc_triOslcShape_288207abcb890a7bfdd28db95a25fd98ef20f885.xml]]></File></OMObject><OMObject Type='13' IsDoNotIncludeAssociatedRecordData="0"><Module><![CDATA[triOslc]]></Module><BO><![CDATA[triOslcQueryCapability]]></BO><Name><![CDATA[\triAPICOutboundBuildingQC]]></Name><ObjectLabelName><![CDATA[]]></ObjectLabelName><File><![CDATA[RecordData_triOslc_triOslcQueryCapability_65f98a6db5669f3ea259ea71c17f43f37f012e0c.xml]]></File></OMObject><OMObject Type='13' IsDoNotIncludeAssociatedRecordData="0"><Module><![CDATA[triOslc]]></Module><BO><![CDATA[triOslcShape]]></BO><Name><![CDATA[\triAPICOutboundBuildingRS]]></Name><ObjectLabelName><![CDATA[]]></ObjectLabelName><File><![CDATA[RecordData_triOslc_triOslcShape_f792fd5239a7bf184db0e62edd005e0cd216a0aa.xml]]></File></OMObject><OMObject Type='13' IsDoNotIncludeAssociatedRecordData="0"><Module><![CDATA[triOslc]]></Module><BO><![CDATA[triOslcQueryCapability]]></BO><Name><![CDATA[\triAPICOutboundFloorQC]]></Name><ObjectLabelName><![CDATA[]]></ObjectLabelName><File><![CDATA[RecordData_triOslc_triOslcQueryCapability_50a7cbec2e8e90f7df0be92cd4e55da336f9d63e.xml]]></File></OMObject><OMObject Type='13' IsDoNotIncludeAssociatedRecordData="0"><Module><![CDATA[triOslc]]></Module><BO><![CDATA[triOslcShape]]></BO><Name><![CDATA[\triAPICOutboundFloorRS]]></Name><ObjectLabelName><![CDATA[]]></ObjectLabelName><File><![CDATA[RecordData_triOslc_triOslcShape_e47209892db973557b8ec39810e84b3973bf4c24.xml]]></File></OMObject><OMObject Type='13' IsDoNotIncludeAssociatedRecordData="0"><Module><![CDATA[triOslc]]></Module><BO><![CDATA[triOslcQueryCapability]]></BO><Name><![CDATA[\triAPICOutboundOrganizationQC]]></Name><ObjectLabelName><![CDATA[]]></ObjectLabelName><File><![CDATA[RecordData_triOslc_triOslcQueryCapability_946417564a77dba41a5b94dbb5dd8022c874a82f.xml]]></File></OMObject><OMObject Type='13' IsDoNotIncludeAssociatedRecordData="0"><Module><![CDATA[triOslc]]></Module><BO><![CDATA[triOslcShape]]></BO><Name><![CDATA[\triAPICOutboundOrganizationRS]]></Name><ObjectLabelName><![CDATA[]]></ObjectLabelName><File><![CDATA[RecordData_triOslc_triOslcShape_b835e398bf85d38a6381d0b4545193ee5d8bd36f.xml]]></File></OMObject><OMObject Type='13' IsDoNotIncludeAssociatedRecordData="0"><Module><![CDATA[triOslc]]></Module><BO><![CDATA[triOslcQueryCapability]]></BO><Name><![CDATA[\triAPICOutboundPeopleQC]]></Name><ObjectLabelName><![CDATA[]]></ObjectLabelName><File><![CDATA[RecordData_triOslc_triOslcQueryCapability_eaa4a18c9cd5e4c2cb818bc167cf3309cebb7ce9.xml]]></File></OMObject><OMObject Type='13' IsDoNotIncludeAssociatedRecordData="0"><Module><![CDATA[triOslc]]></Module><BO><![CDATA[triOslcShape]]></BO><Name><![CDATA[\triAPICOutboundPeopleRS]]></Name><ObjectLabelName><![CDATA[]]></ObjectLabelName><File><![CDATA[RecordData_triOslc_triOslcShape_494f63388a961f85410facc8ed4d04be178e6248.xml]]></File></OMObject><OMObject Type='13' IsDoNotIncludeAssociatedRecordData="0"><Module><![CDATA[triOslc]]></Module><BO><![CDATA[triOslcQueryCapability]]></BO><Name><![CDATA[\triAPICOutboundPropertyQC]]></Name><ObjectLabelName><![CDATA[]]></ObjectLabelName><File><![CDATA[RecordData_triOslc_triOslcQueryCapability_a0b30c3df8da22c2b7b2ff11ac735986532315a7.xml]]></File></OMObject><OMObject Type='13' IsDoNotIncludeAssociatedRecordData="0"><Module><![CDATA[triOslc]]></Module><BO><![CDATA[triOslcShape]]></BO><Name><![CDATA[\triAPICOutboundPropertyRS]]></Name><ObjectLabelName><![CDATA[]]></ObjectLabelName><File><![CDATA[RecordData_triOslc_triOslcShape_3d1531409b74b1cc5e81d0c1a2651275d00b8fe2.xml]]></File></OMObject><OMObject Type='13' IsDoNotIncludeAssociatedRecordData="0"><Module><![CDATA[triOslc]]></Module><BO><![CDATA[triOslcQueryCapability]]></BO><Name><![CDATA[\triAPICOutboundServiceRequestQC]]></Name><ObjectLabelName><![CDATA[]]></ObjectLabelName><File><![CDATA[RecordData_triOslc_triOslcQueryCapability_ea21e8a51daa6118bf2832c270cb78beb05c0436.xml]]></File></OMObject><OMObject Type='13' IsDoNotIncludeAssociatedRecordData="0"><Module><![CDATA[triOslc]]></Module><BO><![CDATA[triOslcShape]]></BO><Name><![CDATA[\triAPICOutboundServiceRequestRS]]></Name><ObjectLabelName><![CDATA[]]></ObjectLabelName><File><![CDATA[RecordData_triOslc_triOslcShape_0632ea139f90189deaaf5e1ba00f923a9feb19e6.xml]]></File></OMObject><OMObject Type='13' IsDoNotIncludeAssociatedRecordData="0"><Module><![CDATA[triOslc]]></Module><BO><![CDATA[triOslcQueryCapability]]></BO><Name><![CDATA[\triAPICOutboundSpaceQC]]></Name><ObjectLabelName><![CDATA[]]></ObjectLabelName><File><![CDATA[RecordData_triOslc_triOslcQueryCapability_d4e664daa4645a6cfafa171b14fc6b49bf138d68.xml]]></File></OMObject><OMObject Type='13' IsDoNotIncludeAssociatedRecordData="0"><Module><![CDATA[triOslc]]></Module><BO><![CDATA[triOslcShape]]></BO><Name><![CDATA[\triAPICOutboundSpaceRS]]></Name><ObjectLabelName><![CDATA[]]></ObjectLabelName><File><![CDATA[RecordData_triOslc_triOslcShape_176bf8082c6b773ee0d534b6429ba5ac2ecbf376.xml]]></File></OMObject><OMObject Type='13' IsDoNotIncludeAssociatedRecordData="0"><Module><![CDATA[triOslc]]></Module><BO><![CDATA[triOslcQueryCapability]]></BO><Name><![CDATA[\triAPICOutboundWorkTaskQC]]></Name><ObjectLabelName><![CDATA[]]></ObjectLabelName><File><![CDATA[RecordData_triOslc_triOslcQueryCapability_abed82ab70b8f424e5e6b986b805fac9904daeb6.xml]]></File></OMObject><OMObject Type='13' IsDoNotIncludeAssociatedRecordData="0"><Module><![CDATA[triOslc]]></Module><BO><![CDATA[triOslcShape]]></BO><Name><![CDATA[\triAPICOutboundWorkTaskRS]]></Name><ObjectLabelName><![CDATA[]]></ObjectLabelName><File><![CDATA[RecordData_triOslc_triOslcShape_0ecb4a97a7d7779137a1b96be2af248fbd2c9ef3.xml]]></File></OMObject><OMObject Type='13' IsDoNotIncludeAssociatedRecordData="0"><Module><![CDATA[triOslc]]></Module><BO><![CDATA[triOslcCreationFactory]]></BO><Name><![CDATA[\triAPICPeopleCF]]></Name><ObjectLabelName><![CDATA[]]></ObjectLabelName><File><![CDATA[RecordData_triOslc_triOslcCreationFactory_df43759b9f51de29f81b3cef043ab122fe8e83b1.xml]]></File></OMObject><OMObject Type='13' IsDoNotIncludeAssociatedRecordData="0"><Module><![CDATA[triOslc]]></Module><BO><![CDATA[triOslcShape]]></BO><Name><![CDATA[\triAPICPeopleRS]]></Name><ObjectLabelName><![CDATA[]]></ObjectLabelName><File><![CDATA[RecordData_triOslc_triOslcShape_4ff07ebee0ccb541802d02d3954130fea86ac8bb.xml]]></File></OMObject><OMObject Type='13' IsDoNotIncludeAssociatedRecordData="0"><Module><![CDATA[triOslc]]></Module><BO><![CDATA[triOslcCreationFactory]]></BO><Name><![CDATA[\triAPICPropertyCF]]></Name><ObjectLabelName><![CDATA[]]></ObjectLabelName><File><![CDATA[RecordData_triOslc_triOslcCreationFactory_ecfee9efbcf38fff9f1f603d40bedf62ba2accc5.xml]]></File></OMObject><OMObject Type='13' IsDoNotIncludeAssociatedRecordData="0"><Module><![CDATA[triOslc]]></Module><BO><![CDATA[triOslcShape]]></BO><Name><![CDATA[\triAPICPropertyRS]]></Name><ObjectLabelName><![CDATA[]]></ObjectLabelName><File><![CDATA[RecordData_triOslc_triOslcShape_bcb700f22b521f4cef4ca7d224fda4e80b48df50.xml]]></File></OMObject><OMObject Type='13' IsDoNotIncludeAssociatedRecordData="0"><Module><![CDATA[triOslc]]></Module><BO><![CDATA[triOslcShape]]></BO><Name><![CDATA[\triAPICResourceRS]]></Name><ObjectLabelName><![CDATA[]]></ObjectLabelName><File><![CDATA[RecordData_triOslc_triOslcShape_60ec10ea29c58801a0667f7612b2a0e78d9655d7.xml]]></File></OMObject><OMObject Type='13' IsDoNotIncludeAssociatedRecordData="0"><Module><![CDATA[triOslc]]></Module><BO><![CDATA[triOslcShape]]></BO><Name><![CDATA[\triAPICServiceRequestRS]]></Name><ObjectLabelName><![CDATA[]]></ObjectLabelName><File><![CDATA[RecordData_triOslc_triOslcShape_d1b24f6a4bec09be57ebef06fceecefc1d12c8f0.xml]]></File></OMObject><OMObject Type='13' IsDoNotIncludeAssociatedRecordData="0"><Module><![CDATA[triOslc]]></Module><BO><![CDATA[triOslcCreationFactory]]></BO><Name><![CDATA[\triAPICSpaceCF]]></Name><ObjectLabelName><![CDATA[]]></ObjectLabelName><File><![CDATA[RecordData_triOslc_triOslcCreationFactory_39fdb9b866bb9daa64e73eef8274dae4576a1534.xml]]></File></OMObject><OMObject Type='13' IsDoNotIncludeAssociatedRecordData="0"><Module><![CDATA[triOslc]]></Module><BO><![CDATA[triOslcShape]]></BO><Name><![CDATA[\triAPICSpaceRS]]></Name><ObjectLabelName><![CDATA[]]></ObjectLabelName><File><![CDATA[RecordData_triOslc_triOslcShape_c7f3133529acaec68ca0f7beca84af250b962b7a.xml]]></File></OMObject><OMObject Type='13' IsDoNotIncludeAssociatedRecordData="0"><Module><![CDATA[triOslc]]></Module><BO><![CDATA[triOslcCreationFactory]]></BO><Name><![CDATA[\triAPICWorkTaskCF]]></Name><ObjectLabelName><![CDATA[]]></ObjectLabelName><File><![CDATA[RecordData_triOslc_triOslcCreationFactory_25da2af06e6903ac36489889438486aa34d55d6d.xml]]></File></OMObject><OMObject Type='13' IsDoNotIncludeAssociatedRecordData="0"><Module><![CDATA[triOslc]]></Module><BO><![CDATA[triOslcShape]]></BO><Name><![CDATA[\triAPICWorkTaskRS]]></Name><ObjectLabelName><![CDATA[]]></ObjectLabelName><File><![CDATA[RecordData_triOslc_triOslcShape_dc7b1fccb2667c8b452c833a7d06a8bf60366ccf.xml]]></File></OMObject><OMObject Type='13' IsDoNotIncludeAssociatedRecordData="0"><Module><![CDATA[triIntegration]]></Module><BO><![CDATA[triIntegration]]></BO><Name><![CDATA[\triBuilding - APIC - HTTP Post]]></Name><ObjectLabelName><![CDATA[]]></ObjectLabelName><File><![CDATA[RecordData_triIntegration_triIntegration_19a27172e74500dc4c7c06da6e22c55eb8cbe957.xml]]></File></OMObject><OMObject Type='13' IsDoNotIncludeAssociatedRecordData="0"><Module><![CDATA[triIntegration]]></Module><BO><![CDATA[triIntegration]]></BO><Name><![CDATA[\triBuildingEquipment - APIC - HTTP Post]]></Name><ObjectLabelName><![CDATA[]]></ObjectLabelName><File><![CDATA[RecordData_triIntegration_triIntegration_a396fb4d4aef77f1d06c419f15c1f5eeadd6d131.xml]]></File></OMObject><OMObject Type='13' IsDoNotIncludeAssociatedRecordData="0"><Module><![CDATA[triIntegration]]></Module><BO><![CDATA[triIntegration]]></BO><Name><![CDATA[\triBuildingEquipmentSpec - APIC - HTTP Post]]></Name><ObjectLabelName><![CDATA[]]></ObjectLabelName><File><![CDATA[RecordData_triIntegration_triIntegration_e7ab4ff050404aca00d844ac7ca3d6f37c033ce7.xml]]></File></OMObject><OMObject Type='13' IsDoNotIncludeAssociatedRecordData="0"><Module><![CDATA[triIntegration]]></Module><BO><![CDATA[triIntegration]]></BO><Name><![CDATA[\triFloor - APIC - HTTP Post]]></Name><ObjectLabelName><![CDATA[]]></ObjectLabelName><File><![CDATA[RecordData_triIntegration_triIntegration_4addc81e8198aa98126f2b65d5ebb492bfa4c943.xml]]></File></OMObject><OMObject Type='13' IsDoNotIncludeAssociatedRecordData="0"><Module><![CDATA[triOslc]]></Module><BO><![CDATA[triOslcShape]]></BO><Name><![CDATA[\triOrganizationRS]]></Name><ObjectLabelName><![CDATA[]]></ObjectLabelName><File><![CDATA[RecordData_triOslc_triOslcShape_952434a4457fe2fd10da11a462fa6a929e0cb529.xml]]></File></OMObject><OMObject Type='13' IsDoNotIncludeAssociatedRecordData="0"><Module><![CDATA[triIntegration]]></Module><BO><![CDATA[triIntegration]]></BO><Name><![CDATA[\triPeople - APIC - HTTP Post]]></Name><ObjectLabelName><![CDATA[]]></ObjectLabelName><File><![CDATA[RecordData_triIntegration_triIntegration_49266d4d6e5d45b17359a10591e752ac34abe3d9.xml]]></File></OMObject><OMObject Type='13' IsDoNotIncludeAssociatedRecordData="0"><Module><![CDATA[triIntegration]]></Module><BO><![CDATA[triIntegration]]></BO><Name><![CDATA[\triProperty - APIC - HTTP Post]]></Name><ObjectLabelName><![CDATA[]]></ObjectLabelName><File><![CDATA[RecordData_triIntegration_triIntegration_41181e649a8bc1db2e0a2d1a4a418bb5b880e534.xml]]></File></OMObject><OMObject Type='13' IsDoNotIncludeAssociatedRecordData="0"><Module><![CDATA[triIntegration]]></Module><BO><![CDATA[triIntegration]]></BO><Name><![CDATA[\triRequestClass - APIC - HTTP Post]]></Name><ObjectLabelName><![CDATA[]]></ObjectLabelName><File><![CDATA[RecordData_triIntegration_triIntegration_8f049036391096ee74e67db707ea63832409c227.xml]]></File></OMObject><OMObject Type='13' IsDoNotIncludeAssociatedRecordData="0"><Module><![CDATA[triOslc]]></Module><BO><![CDATA[triOslcLinkedResource]]></BO><Name><![CDATA[\triResourceLR]]></Name><ObjectLabelName><![CDATA[]]></ObjectLabelName><File><![CDATA[RecordData_triOslc_triOslcLinkedResource_619efd3e4ba46b05d068ee2c01612d2dfb70d181.xml]]></File></OMObject><OMObject Type='13' IsDoNotIncludeAssociatedRecordData="0"><Module><![CDATA[triIntegration]]></Module><BO><![CDATA[triIntegration]]></BO><Name><![CDATA[\triServiceRequest - APIC - HTTP Post]]></Name><ObjectLabelName><![CDATA[]]></ObjectLabelName><File><![CDATA[RecordData_triIntegration_triIntegration_b51cd28b5f7535cdd50342a89b4ecec6fea33585.xml]]></File></OMObject><OMObject Type='13' IsDoNotIncludeAssociatedRecordData="0"><Module><![CDATA[triIntegration]]></Module><BO><![CDATA[triIntegration]]></BO><Name><![CDATA[\triSpace - APIC - HTTP Post]]></Name><ObjectLabelName><![CDATA[]]></ObjectLabelName><File><![CDATA[RecordData_triIntegration_triIntegration_3a121c43bea6a373438b1bd7eeb0e7a29d186ed3.xml]]></File></OMObject><OMObject Type='13' IsDoNotIncludeAssociatedRecordData="0"><Module><![CDATA[triIntegration]]></Module><BO><![CDATA[triIntegration]]></BO><Name><![CDATA[\triSpaceClass - APIC - HTTP Post]]></Name><ObjectLabelName><![CDATA[]]></ObjectLabelName><File><![CDATA[RecordData_triIntegration_triIntegration_9bb2e9c6cc5a5f1f7559c1de2a02ae044e9affd7.xml]]></File></OMObject><OMObject Type='13' IsDoNotIncludeAssociatedRecordData="0"><Module><![CDATA[triOslc]]></Module><BO><![CDATA[triOslcShape]]></BO><Name><![CDATA[\triSpaceRS]]></Name><ObjectLabelName><![CDATA[]]></ObjectLabelName><File><![CDATA[RecordData_triOslc_triOslcShape_2a30ae4d0e56c16889bce81c9b9889373013d654.xml]]></File></OMObject><OMObject Type='13' IsDoNotIncludeAssociatedRecordData="0"><Module><![CDATA[triIntegration]]></Module><BO><![CDATA[triIntegration]]></BO><Name><![CDATA[\triWorkTask - APIC - HTTP Post]]></Name><ObjectLabelName><![CDATA[]]></ObjectLabelName><File><![CDATA[RecordData_triIntegration_triIntegration_f9336578f3b3fb8fd81b1049aa7cfdef5c23e7f2.xml]]></File></OMObject><OMObject Type='3'><Module><![CDATA[Organization]]></Module><BO><![CDATA[]]></BO><Name><![CDATA[Organization - triFinalApprovalHidden - APIC Send Outbound using Integration Object]]></Name><ObjectLabelName><![CDATA[In Progress 0.0]]></ObjectLabelName><File><![CDATA[Workflow_Organization__Organization-triFinalApprovalHidden-APICSendOutboundusingIntegrationObject.xml]]></File></OMObject><OMObject Type='3'><Module><![CDATA[Organization]]></Module><BO><![CDATA[]]></BO><Name><![CDATA[Organization - triRetire - APIC Send Outbound using Integration Object]]></Name><ObjectLabelName><![CDATA[In Progress 0.0]]></ObjectLabelName><File><![CDATA[Workflow_Organization__Organization-triRetire-APICSendOutboundusingIntegrationObject.xml]]></File></OMObject><OMObject Type='3'><Module><![CDATA[triAPIConnect]]></Module><BO><![CDATA[triAPICAsset]]></BO><Name><![CDATA[triAPICAsset - Synchronous - Create Asset]]></Name><ObjectLabelName><![CDATA[In Progress 0.0]]></ObjectLabelName><File><![CDATA[Workflow_triAPIConnect_triAPICAsset_triAPICAsset-Synchronous-CreateAsset.xml]]></File></OMObject><OMObject Type='3'><Module><![CDATA[triAPIConnect]]></Module><BO><![CDATA[triAPICBuilding]]></BO><Name><![CDATA[triAPICBuilding - Synchronous - Create Building]]></Name><ObjectLabelName><![CDATA[In Progress 0.0]]></ObjectLabelName><File><![CDATA[Workflow_triAPIConnect_triAPICBuilding_triAPICBuilding-Synchronous-CreateBuilding.xml]]></File></OMObject><OMObject Type='3'><Module><![CDATA[triAPIConnect]]></Module><BO><![CDATA[triAPICFloor]]></BO><Name><![CDATA[triAPICFloor - Synchronous - Create Floor]]></Name><ObjectLabelName><![CDATA[In Progress 0.0]]></ObjectLabelName><File><![CDATA[Workflow_triAPIConnect_triAPICFloor_triAPICFloor-Synchronous-CreateFloor.xml]]></File></OMObject><OMObject Type='3'><Module><![CDATA[triAPIConnect]]></Module><BO><![CDATA[triAPICOrganization]]></BO><Name><![CDATA[triAPICOrganization - Synchronous - Create Organization]]></Name><ObjectLabelName><![CDATA[In Progress 0.0]]></ObjectLabelName><File><![CDATA[Workflow_triAPIConnect_triAPICOrganization_triAPICOrganization-Synchronous-CreateOrganization.xml]]></File></OMObject><OMObject Type='3'><Module><![CDATA[triAPIConnect]]></Module><BO><![CDATA[triAPICPeople]]></BO><Name><![CDATA[triAPICPeople - Synchronous - Create People]]></Name><ObjectLabelName><![CDATA[In Progress 0.0]]></ObjectLabelName><File><![CDATA[Workflow_triAPIConnect_triAPICPeople_triAPICPeople-Synchronous-CreatePeople.xml]]></File></OMObject><OMObject Type='3'><Module><![CDATA[triAPIConnect]]></Module><BO><![CDATA[triAPICProperty]]></BO><Name><![CDATA[triAPICProperty - Synchronous - Create Property]]></Name><ObjectLabelName><![CDATA[In Progress 0.0]]></ObjectLabelName><File><![CDATA[Workflow_triAPIConnect_triAPICProperty_triAPICProperty-Synchronous-CreateProperty.xml]]></File></OMObject><OMObject Type='3'><Module><![CDATA[triAPIConnect]]></Module><BO><![CDATA[triAPICServiceRequest]]></BO><Name><![CDATA[triAPICServiceRequest - Synchronous - Create Service Request]]></Name><ObjectLabelName><![CDATA[In Progress 0.0]]></ObjectLabelName><File><![CDATA[Workflow_triAPIConnect_triAPICServiceRequest_triAPICServiceRequest-Synchronous-CreateServiceRequest.xml]]></File></OMObject><OMObject Type='3'><Module><![CDATA[triAPIConnect]]></Module><BO><![CDATA[triAPICSpace]]></BO><Name><![CDATA[triAPICSpace - Synchronous - Create Space]]></Name><ObjectLabelName><![CDATA[In Progress 0.0]]></ObjectLabelName><File><![CDATA[Workflow_triAPIConnect_triAPICSpace_triAPICSpace-Synchronous-CreateSpace.xml]]></File></OMObject><OMObject Type='3'><Module><![CDATA[triAPIConnect]]></Module><BO><![CDATA[triAPICWorkTask]]></BO><Name><![CDATA[triAPICWorkTask - Synchronous - Create Work Task]]></Name><ObjectLabelName><![CDATA[In Progress 0.0]]></ObjectLabelName><File><![CDATA[Workflow_triAPIConnect_triAPICWorkTask_triAPICWorkTask-Synchronous-CreateWorkTask.xml]]></File></OMObject><OMObject Type='3'><Module><![CDATA[Location]]></Module><BO><![CDATA[triBuilding]]></BO><Name><![CDATA[triBuilding - triFinalApprovalHidden - APIC Send Outbound using Integration Object]]></Name><ObjectLabelName><![CDATA[In Progress 0.0]]></ObjectLabelName><File><![CDATA[Workflow_Location_triBuilding_triBuilding-triFinalApprovalHidden-APICSendOutboundusingIntegrationObject.xml]]></File></OMObject><OMObject Type='3'><Module><![CDATA[Location]]></Module><BO><![CDATA[triBuilding]]></BO><Name><![CDATA[triBuilding - triRetire - APIC Send Outbound using Integration Object]]></Name><ObjectLabelName><![CDATA[In Progress 0.0]]></ObjectLabelName><File><![CDATA[Workflow_Location_triBuilding_triBuilding-triRetire-APICSendOutboundusingIntegrationObject.xml]]></File></OMObject><OMObject Type='3'><Module><![CDATA[triAsset]]></Module><BO><![CDATA[triBuildingEquipment]]></BO><Name><![CDATA[triBuildingEquipment - triFinalApprovalHidden - APIC Send Outbound using Integration Object]]></Name><ObjectLabelName><![CDATA[In Progress 0.0]]></ObjectLabelName><File><![CDATA[Workflow_triAsset_triBuildingEquipment_triBuildingEquipment-triFinalApprovalHidden-APICSendOutboundusingIntegrationObject.xml]]></File></OMObject><OMObject Type='3'><Module><![CDATA[triAsset]]></Module><BO><![CDATA[triBuildingEquipment]]></BO><Name><![CDATA[triBuildingEquipment - triRetire - APIC Send Outbound using Integration Object]]></Name><ObjectLabelName><![CDATA[In Progress 0.0]]></ObjectLabelName><File><![CDATA[Workflow_triAsset_triBuildingEquipment_triBuildingEquipment-triRetire-APICSendOutboundusingIntegrationObject.xml]]></File></OMObject><OMObject Type='3'><Module><![CDATA[triSpecification]]></Module><BO><![CDATA[triBuildingEquipmentSpec]]></BO><Name><![CDATA[triBuildingEquipmentSpec - triFinalApprovalHidden - APIC Send Outbound using Integration Object]]></Name><ObjectLabelName><![CDATA[In Progress 0.0]]></ObjectLabelName><File><![CDATA[Workflow_triSpecification_triBuildingEquipmentSpec_triBuildingEquipmentSpec-triFinalApprovalHidden-APICSendOutboundusingIntegrationObject.xml]]></File></OMObject><OMObject Type='3'><Module><![CDATA[Location]]></Module><BO><![CDATA[triFloor]]></BO><Name><![CDATA[triFloor - triFinalApprovalHidden - APIC Send Outbound using Integration Object]]></Name><ObjectLabelName><![CDATA[In Progress 0.0]]></ObjectLabelName><File><![CDATA[Workflow_Location_triFloor_triFloor-triFinalApprovalHidden-APICSendOutboundusingIntegrationObject.xml]]></File></OMObject><OMObject Type='3'><Module><![CDATA[Location]]></Module><BO><![CDATA[triFloor]]></BO><Name><![CDATA[triFloor - triRetire - APIC Send Outbound using Integration Object]]></Name><ObjectLabelName><![CDATA[In Progress 0.0]]></ObjectLabelName><File><![CDATA[Workflow_Location_triFloor_triFloor-triRetire-APICSendOutboundusingIntegrationObject.xml]]></File></OMObject><OMObject Type='3'><Module><![CDATA[triPeople]]></Module><BO><![CDATA[triPeople]]></BO><Name><![CDATA[triPeople - triFinalApprovalHidden - APIC Send Outbound using Integration Object]]></Name><ObjectLabelName><![CDATA[In Progress 0.0]]></ObjectLabelName><File><![CDATA[Workflow_triPeople_triPeople_triPeople-triFinalApprovalHidden-APICSendOutboundusingIntegrationObject.xml]]></File></OMObject><OMObject Type='3'><Module><![CDATA[triPeople]]></Module><BO><![CDATA[triPeople]]></BO><Name><![CDATA[triPeople - triRetire - APIC Send Outbound using Integration Object]]></Name><ObjectLabelName><![CDATA[In Progress 0.0]]></ObjectLabelName><File><![CDATA[Workflow_triPeople_triPeople_triPeople-triRetire-APICSendOutboundusingIntegrationObject.xml]]></File></OMObject><OMObject Type='3'><Module><![CDATA[Location]]></Module><BO><![CDATA[triProperty]]></BO><Name><![CDATA[triProperty - triFinalApprovalHidden - APIC Send Outbound using Integration Object]]></Name><ObjectLabelName><![CDATA[In Progress 0.0]]></ObjectLabelName><File><![CDATA[Workflow_Location_triProperty_triProperty-triFinalApprovalHidden-APICSendOutboundusingIntegrationObject.xml]]></File></OMObject><OMObject Type='3'><Module><![CDATA[Location]]></Module><BO><![CDATA[triProperty]]></BO><Name><![CDATA[triProperty - triRetire - APIC Send Outbound using Integration Object]]></Name><ObjectLabelName><![CDATA[In Progress 0.0]]></ObjectLabelName><File><![CDATA[Workflow_Location_triProperty_triProperty-triRetire-APICSendOutboundusingIntegrationObject.xml]]></File></OMObject><OMObject Type='3'><Module><![CDATA[Classification]]></Module><BO><![CDATA[triRequestClass]]></BO><Name><![CDATA[triRequestClass - triSave - APIC Send Outbound using Integration Object]]></Name><ObjectLabelName><![CDATA[In Progress 0.0]]></ObjectLabelName><File><![CDATA[Workflow_Classification_triRequestClass_triRequestClass-triSave-APICSendOutboundusingIntegrationObject.xml]]></File></OMObject><OMObject Type='3'><Module><![CDATA[triRequest]]></Module><BO><![CDATA[triServiceRequest]]></BO><Name><![CDATA[triServiceRequest - triFinalApprovalHidden - APIC Send Outbound using Integration Object]]></Name><ObjectLabelName><![CDATA[In Progress 0.0]]></ObjectLabelName><File><![CDATA[Workflow_triRequest_triServiceRequest_triServiceRequest-triFinalApprovalHidden-APICSendOutboundusingIntegrationObject.xml]]></File></OMObject><OMObject Type='3'><Module><![CDATA[triRequest]]></Module><BO><![CDATA[triServiceRequest]]></BO><Name><![CDATA[triServiceRequest - triRetire - APIC Send Outbound using Integration Object]]></Name><ObjectLabelName><![CDATA[In Progress 0.0]]></ObjectLabelName><File><![CDATA[Workflow_triRequest_triServiceRequest_triServiceRequest-triRetire-APICSendOutboundusingIntegrationObject.xml]]></File></OMObject><OMObject Type='3'><Module><![CDATA[Location]]></Module><BO><![CDATA[triSpace]]></BO><Name><![CDATA[triSpace - triFinalApprovalHidden - APIC Send Outbound using Integration Object]]></Name><ObjectLabelName><![CDATA[In Progress 0.0]]></ObjectLabelName><File><![CDATA[Workflow_Location_triSpace_triSpace-triFinalApprovalHidden-APICSendOutboundusingIntegrationObject.xml]]></File></OMObject><OMObject Type='3'><Module><![CDATA[Location]]></Module><BO><![CDATA[triSpace]]></BO><Name><![CDATA[triSpace - triRetire - APIC Send Outbound using Integration Object]]></Name><ObjectLabelName><![CDATA[In Progress 0.0]]></ObjectLabelName><File><![CDATA[Workflow_Location_triSpace_triSpace-triRetire-APICSendOutboundusingIntegrationObject.xml]]></File></OMObject><OMObject Type='3'><Module><![CDATA[Classification]]></Module><BO><![CDATA[triSpaceClassCurrent]]></BO><Name><![CDATA[triSpaceClassCurrent - triSave - APIC Send Outbound using Integration Object]]></Name><ObjectLabelName><![CDATA[In Progress 0.0]]></ObjectLabelName><File><![CDATA[Workflow_Classification_triSpaceClassCurrent_triSpaceClassCurrent-triSave-APICSendOutboundusingIntegrationObject.xml]]></File></OMObject><OMObject Type='3'><Module><![CDATA[triTask]]></Module><BO><![CDATA[triWorkTask]]></BO><Name><![CDATA[triWorkTask - triFinalApprovalHidden - APIC Send Outbound using Integration Object]]></Name><ObjectLabelName><![CDATA[In Progress 0.0]]></ObjectLabelName><File><![CDATA[Workflow_triTask_triWorkTask_triWorkTask-triFinalApprovalHidden-APICSendOutboundusingIntegrationObject.xml]]></File></OMObject><OMObject Type='1011' IsIgnoreObjectLabelUpdate="1"><Module><![CDATA[triPlatformObjectLabelManager]]></Module><BO><![CDATA[triPlatformObjectLabelManager]]></BO><Name><![CDATA[\In Progress 0.0]]></Name><ObjectLabelName><![CDATA[]]></ObjectLabelName><File><![CDATA[ObjectLabel_cfb478ea4b3c19a2077f1d82f3fb196c5534c0db.xml]]></File></OMObject></OMObjects>