<?xml version="1.0" encoding="UTF-8"?>
<!-- IBM Confidential OCO Source Materials --><!-- (C) COPYRIGHT IBM CORP. 2011-2022 --><!-- The source code for this program is not published or otherwise divested of its trade secrets, irrespective of what has been deposited with the U.S. Copyright Office. --><BoRecords>     <BoRecord BoId="10023543" RecordId="-1" BoName="triIntegration" GUIId="10033641" GUIName="triIntegration" ModuleId="23222" ModuleName="triIntegration" CompanyId="208133" ParentName="" ActionName="" ObjState="created" SourceId="135503871">
<BoSectionName NameValue="System Info">
                     <Review___Status>
                         
                     </Review___Status>
                     <Prior___State>
                         created
                     </Prior___State>
                     <LocationId>
                         
                     </LocationId>
                     <OrganizationId>
                         
                     </OrganizationId>
                     <GeographyId>
                         
                     </GeographyId>
                     <CreatedBy>
                         135499111
                     </CreatedBy>
                     <ModifiedBy>
                         
                     </ModifiedBy>
                     <CreatedTime>
                         1618627712589
                     </CreatedTime>
                     <ModifiedTime>
                         1654671992630
                     </ModifiedTime>
                     <Type>
                         10023543
                     </Type>
                     <Parent>
                         
                     </Parent>
         </BoSectionName>
<BoSectionName NameValue="General">
                     <triBusinessObjectNameSY>
                         triIntegration
                     </triBusinessObjectNameSY>
                     <triSystemModifiedDateTimeNumber>
                         1654671992630
                     </triSystemModifiedDateTimeNumber>
                     <triActionNameTX>
                         
                     </triActionNameTX>
                     <triRecordNameSY>
                         triFloor - APIC - HTTP Post
                     </triRecordNameSY>
                     <triCountNU>
                         
                     </triCountNU>
                     <triCountNU_UOM>
                         
                     </triCountNU_UOM>
                     <triSQLScriptBI>
                         
                     </triSQLScriptBI>
                     <triStatusTX>
                         Ready
                     </triStatusTX>
                     <triFileImportBI>
                         
                     </triFileImportBI>
                     <triFileImportBL>
                         FALSE
                     </triFileImportBL>
                     <triFilterReportModuleLI>
                         Location
                     </triFilterReportModuleLI>
                     <triFilterReportBOLI>
                         Floor (triFloor)
                     </triFilterReportBOLI>
                     <triFilterReportLI>
                         triAPICFloor - OSLC - Outbound
                     </triFilterReportLI>
                     <triURLTX>
                         https://dc61d86c.us-south.apigw.appdomain.cloud/BjquFW/mxLocPath/synclocpath?mxUrl=http://9.46.81.195:9080/meaweb/esqueue/PLUSITRIRIGA/PLUSILOCDOMAIN&amp;locType=Floor&amp;mxDomain=PLUSILOCPATH
                     </triURLTX>
                     <triHttpPostTypeLI>
                         JSON
                     </triHttpPostTypeLI>
                     <triNoteNO>
                         
                     </triNoteNO>
                     <triFileExportTypeLI>
                         Flat
                     </triFileExportTypeLI>
                     <triXsltBI>
                         
                     </triXsltBI>
                     <triUseQueryLabelAsElement>
                         FALSE
                     </triUseQueryLabelAsElement>
                     <triHeaderTX>
                         
                     </triHeaderTX>
                     <triModuleQueryBL>
                         FALSE
                     </triModuleQueryBL>
                     <triDebugBL>
                         FALSE
                     </triDebugBL>
                     <triDynamicBL>
                         FALSE
                     </triDynamicBL>
                     <triPrefixTX>
                         
                     </triPrefixTX>
                     <triPostPasswordPA>
                         
                     </triPostPasswordPA>
                     <triPostUserNameTX>
                         
                     </triPostUserNameTX>
                     <triPostUserNameParameterTX>
                         user
                     </triPostUserNameParameterTX>
                     <triPostPasswordParameterTX>
                         pass
                     </triPostPasswordParameterTX>
                     <triPostAddToHeaderBL>
                         FALSE
                     </triPostAddToHeaderBL>
                     <triPostUseAuthBasicBL>
                         FALSE
                     </triPostUseAuthBasicBL>
                     <triDataConnectJobModuleLI>
                         
                     </triDataConnectJobModuleLI>
                     <triDataConnectJobBOLI>
                         
                     </triDataConnectJobBOLI>
                     <triDataConnectConcurrencyLI>
                         1 - Single
                     </triDataConnectConcurrencyLI>
                     <triBatchNU>
                         5000
                     </triBatchNU>
                     <triBatchNU_UOM>
                         
                     </triBatchNU_UOM>
                     <triDataConnectTypeLI>
                         1 - Standard
                     </triDataConnectTypeLI>
                     <triIntegrationObjectDependentTX>
                         
                     </triIntegrationObjectDependentTX>
                     <triDbInitialSizeNU>
                         2
                     </triDbInitialSizeNU>
                     <triDbInitialSizeNU_UOM>
                         
                     </triDbInitialSizeNU_UOM>
                     <triDbMaxIdleNU>
                         2
                     </triDbMaxIdleNU>
                     <triDbMaxIdleNU_UOM>
                         
                     </triDbMaxIdleNU_UOM>
                     <triDbMaxActiveNU>
                         5
                     </triDbMaxActiveNU>
                     <triDbMaxActiveNU_UOM>
                         
                     </triDbMaxActiveNU_UOM>
                     <triIntegrationResponseMapBI>
                         
                     </triIntegrationResponseMapBI>
                     <triResponseTypeLI>
                         
                     </triResponseTypeLI>
                     <triCronJobNameTX>
                         
                     </triCronJobNameTX>
                     <triCronJobMaskTX>
                         
                     </triCronJobMaskTX>
                     <triHttpRequestTypeLI>
                         POST
                     </triHttpRequestTypeLI>
                     <triHttpRequestContentTypeLI>
                         application/json
                     </triHttpRequestContentTypeLI>
                     <triOmitRequestEntityBL>
                         FALSE
                     </triOmitRequestEntityBL>
                     <triUriTX>
                         
                     </triUriTX>
                     <triHeadersTX>
                         X-IBM-Client-Id: 058ee074-6679-43de-b984-c371dd98969a
                     </triHeadersTX>
                     <triSendAsBatchBL>
                         FALSE
                     </triSendAsBatchBL>
                     <triXsdBI>
                         
                     </triXsdBI>
                     <triXsdTX>
                         
                     </triXsdTX>
                     <triValidateOnlyBL>
                         FALSE
                     </triValidateOnlyBL>
                     <triMaxAuthBL>
                         FALSE
                     </triMaxAuthBL>
                     <triProxyHostTX>
                         
                     </triProxyHostTX>
                     <triProxyPortNU>
                         
                     </triProxyPortNU>
                     <triProxyPortNU_UOM>
                         
                     </triProxyPortNU_UOM>
                     <triMaxErrors>
                         0
                     </triMaxErrors>
                     <triMaxErrors_UOM>
                         
                     </triMaxErrors_UOM>
                     <triCreateErrorFileBL>
                         FALSE
                     </triCreateErrorFileBL>
                     <triErrorFileBI>
                         
                     </triErrorFileBI>
                     <triValidateBL>
                         FALSE
                     </triValidateBL>
                     <triHttpPostParametersTX>
                         
                     </triHttpPostParametersTX>
                     <triMaxErrorsNU>
                         0
                     </triMaxErrorsNU>
                     <triMaxErrorsNU_UOM>
                         
                     </triMaxErrorsNU_UOM>
                     <triFormNameTX>
                         
                     </triFormNameTX>
                     <triLoadStagingTableBL>
                         FALSE
                     </triLoadStagingTableBL>
                     <triOutboundQueryLocalizedBL>
                         FALSE
                     </triOutboundQueryLocalizedBL>
                     <triResolveColumnLabelSpacesBL>
                         FALSE
                     </triResolveColumnLabelSpacesBL>
                     <triResolveLineBreaksBL>
                         FALSE
                     </triResolveLineBreaksBL>
                     <triEnableTLS12BL>
                         FALSE
                     </triEnableTLS12BL>
                     <triExceed999ResultLimitBL>
                         FALSE
                     </triExceed999ResultLimitBL>
                     <triExceedParamCustTask1000ResultLimitBL>
                         FALSE
                     </triExceedParamCustTask1000ResultLimitBL>
                     <triControlNumberCN>
                         1000796
                     </triControlNumberCN>
                     <triRecordStateSY>
                         created
                     </triRecordStateSY>
                     <triNameTX>
                         triFloor - APIC - HTTP Post
                     </triNameTX>
                     <triBoNameTX>
                         
                     </triBoNameTX>
                     <triModuleNameTX>
                         
                     </triModuleNameTX>
                     <LocationName>
                         
                     </LocationName>
                     <triConnectionStringTX>
                         jdbc:oracle:thin:@localhost:1521:orcl
                     </triConnectionStringTX>
                     <OrgName>
                         
                     </OrgName>
                     <triIntegrationDirectionLI>
                         Outbound
                     </triIntegrationDirectionLI>
                     <GeographyName>
                         
                     </GeographyName>
                     <triUserNameTX>
                         
                     </triUserNameTX>
                     <triHashedPasswordPA>
                         
                     </triHashedPasswordPA>
                     <triTableNameTX>
                         
                     </triTableNameTX>
                     <triQueryNameTX>
                         
                     </triQueryNameTX>
                     <triRecordIdSY>
                         135503871
                     </triRecordIdSY>
                     <triDriverNameLI>
                         oracle.jdbc.driver.OracleDriver
                     </triDriverNameLI>
                     <triConstructedUrlTX>
                         /html/en/default/rest/Integration?action=map
                     </triConstructedUrlTX>
                     <triIntegrationSchemeLI>
                         Http Post
                     </triIntegrationSchemeLI>
                     <triIntegrationMapBI>
                         
                     </triIntegrationMapBI>
                     <triIncludeRecordIdBL>
                         FALSE
                     </triIncludeRecordIdBL>
                     <triIntegrationBaseUrlTX>
                         /html/en/default/rest/Integration
                     </triIntegrationBaseUrlTX>
                     <triFileNameTX>
                         
                     </triFileNameTX>
                     <triFilePathTX>
                         
                     </triFilePathTX>
                     <triFileDelimiterLI>
                         Tab \t
                     </triFileDelimiterLI>
                     <triOverwriteBL>
                         FALSE
                     </triOverwriteBL>
                     <triDatasourceNameTX>
                         
                     </triDatasourceNameTX>
         </BoSectionName>
<Associations><Association><Name><![CDATA[Belongs To]]></Name><TargetModule><![CDATA[triIntegration]]></TargetModule><TargetBo><![CDATA[triIntegrationInstance]]></TargetBo><TargetObjectName><![CDATA[\triFloor - APIC - HTTP Post.25]]></TargetObjectName></Association><Association><Name><![CDATA[Included In]]></Name><TargetModule><![CDATA[triIntegration]]></TargetModule><TargetBo><![CDATA[triIntegrationInstance]]></TargetBo><TargetObjectName><![CDATA[\triFloor - APIC - HTTP Post.905]]></TargetObjectName></Association><Association><Name><![CDATA[Belongs To]]></Name><TargetModule><![CDATA[triIntegration]]></TargetModule><TargetBo><![CDATA[triIntegrationInstance]]></TargetBo><TargetObjectName><![CDATA[\triFloor - APIC - HTTP Post.905]]></TargetObjectName></Association><Association><Name><![CDATA[Included In]]></Name><TargetModule><![CDATA[triIntegration]]></TargetModule><TargetBo><![CDATA[triIntegrationInstance]]></TargetBo><TargetObjectName><![CDATA[\triFloor - APIC - HTTP Post.843]]></TargetObjectName></Association><Association><Name><![CDATA[Belongs To]]></Name><TargetModule><![CDATA[triIntegration]]></TargetModule><TargetBo><![CDATA[triIntegrationInstance]]></TargetBo><TargetObjectName><![CDATA[\triFloor - APIC - HTTP Post.843]]></TargetObjectName></Association><Association><Name><![CDATA[Belongs To]]></Name><TargetModule><![CDATA[triIntegration]]></TargetModule><TargetBo><![CDATA[triIntegrationInstance]]></TargetBo><TargetObjectName><![CDATA[\triFloor - APIC - HTTP Post.827]]></TargetObjectName></Association><Association><Name><![CDATA[Included In]]></Name><TargetModule><![CDATA[triIntegration]]></TargetModule><TargetBo><![CDATA[triIntegrationInstance]]></TargetBo><TargetObjectName><![CDATA[\triFloor - APIC - HTTP Post.827]]></TargetObjectName></Association><Association><Name><![CDATA[Included In]]></Name><TargetModule><![CDATA[triIntegration]]></TargetModule><TargetBo><![CDATA[triIntegrationInstance]]></TargetBo><TargetObjectName><![CDATA[\triFloor - APIC - HTTP Post.826]]></TargetObjectName></Association><Association><Name><![CDATA[Belongs To]]></Name><TargetModule><![CDATA[triIntegration]]></TargetModule><TargetBo><![CDATA[triIntegrationInstance]]></TargetBo><TargetObjectName><![CDATA[\triFloor - APIC - HTTP Post.826]]></TargetObjectName></Association><Association><Name><![CDATA[Included In]]></Name><TargetModule><![CDATA[triIntegration]]></TargetModule><TargetBo><![CDATA[triIntegrationInstance]]></TargetBo><TargetObjectName><![CDATA[\triFloor - APIC - HTTP Post.825]]></TargetObjectName></Association><Association><Name><![CDATA[Belongs To]]></Name><TargetModule><![CDATA[triIntegration]]></TargetModule><TargetBo><![CDATA[triIntegrationInstance]]></TargetBo><TargetObjectName><![CDATA[\triFloor - APIC - HTTP Post.825]]></TargetObjectName></Association><Association><Name><![CDATA[Included In]]></Name><TargetModule><![CDATA[triIntegration]]></TargetModule><TargetBo><![CDATA[triIntegrationInstance]]></TargetBo><TargetObjectName><![CDATA[\triFloor - APIC - HTTP Post.812]]></TargetObjectName></Association><Association><Name><![CDATA[Belongs To]]></Name><TargetModule><![CDATA[triIntegration]]></TargetModule><TargetBo><![CDATA[triIntegrationInstance]]></TargetBo><TargetObjectName><![CDATA[\triFloor - APIC - HTTP Post.812]]></TargetObjectName></Association><Association><Name><![CDATA[Included In]]></Name><TargetModule><![CDATA[triIntegration]]></TargetModule><TargetBo><![CDATA[triIntegrationInstance]]></TargetBo><TargetObjectName><![CDATA[\triFloor - APIC - HTTP Post.738]]></TargetObjectName></Association><Association><Name><![CDATA[Belongs To]]></Name><TargetModule><![CDATA[triIntegration]]></TargetModule><TargetBo><![CDATA[triIntegrationInstance]]></TargetBo><TargetObjectName><![CDATA[\triFloor - APIC - HTTP Post.738]]></TargetObjectName></Association><Association><Name><![CDATA[Included In]]></Name><TargetModule><![CDATA[triIntegration]]></TargetModule><TargetBo><![CDATA[triIntegrationInstance]]></TargetBo><TargetObjectName><![CDATA[\triFloor - APIC - HTTP Post.729]]></TargetObjectName></Association><Association><Name><![CDATA[Belongs To]]></Name><TargetModule><![CDATA[triIntegration]]></TargetModule><TargetBo><![CDATA[triIntegrationInstance]]></TargetBo><TargetObjectName><![CDATA[\triFloor - APIC - HTTP Post.729]]></TargetObjectName></Association><Association><Name><![CDATA[Included In]]></Name><TargetModule><![CDATA[triIntegration]]></TargetModule><TargetBo><![CDATA[triIntegrationInstance]]></TargetBo><TargetObjectName><![CDATA[\triFloor - APIC - HTTP Post.691]]></TargetObjectName></Association><Association><Name><![CDATA[Belongs To]]></Name><TargetModule><![CDATA[triIntegration]]></TargetModule><TargetBo><![CDATA[triIntegrationInstance]]></TargetBo><TargetObjectName><![CDATA[\triFloor - APIC - HTTP Post.691]]></TargetObjectName></Association><Association><Name><![CDATA[Included In]]></Name><TargetModule><![CDATA[triIntegration]]></TargetModule><TargetBo><![CDATA[triIntegrationInstance]]></TargetBo><TargetObjectName><![CDATA[\triFloor - APIC - HTTP Post.687]]></TargetObjectName></Association><Association><Name><![CDATA[Belongs To]]></Name><TargetModule><![CDATA[triIntegration]]></TargetModule><TargetBo><![CDATA[triIntegrationInstance]]></TargetBo><TargetObjectName><![CDATA[\triFloor - APIC - HTTP Post.687]]></TargetObjectName></Association><Association><Name><![CDATA[Included In]]></Name><TargetModule><![CDATA[triIntegration]]></TargetModule><TargetBo><![CDATA[triIntegrationInstance]]></TargetBo><TargetObjectName><![CDATA[\triFloor - APIC - HTTP Post.678]]></TargetObjectName></Association><Association><Name><![CDATA[Belongs To]]></Name><TargetModule><![CDATA[triIntegration]]></TargetModule><TargetBo><![CDATA[triIntegrationInstance]]></TargetBo><TargetObjectName><![CDATA[\triFloor - APIC - HTTP Post.678]]></TargetObjectName></Association><Association><Name><![CDATA[Included In]]></Name><TargetModule><![CDATA[triIntegration]]></TargetModule><TargetBo><![CDATA[triIntegrationInstance]]></TargetBo><TargetObjectName><![CDATA[\triFloor - APIC - HTTP Post.654]]></TargetObjectName></Association><Association><Name><![CDATA[Belongs To]]></Name><TargetModule><![CDATA[triIntegration]]></TargetModule><TargetBo><![CDATA[triIntegrationInstance]]></TargetBo><TargetObjectName><![CDATA[\triFloor - APIC - HTTP Post.654]]></TargetObjectName></Association><Association><Name><![CDATA[Included In]]></Name><TargetModule><![CDATA[triIntegration]]></TargetModule><TargetBo><![CDATA[triIntegrationInstance]]></TargetBo><TargetObjectName><![CDATA[\triFloor - APIC - HTTP Post.643]]></TargetObjectName></Association><Association><Name><![CDATA[Belongs To]]></Name><TargetModule><![CDATA[triIntegration]]></TargetModule><TargetBo><![CDATA[triIntegrationInstance]]></TargetBo><TargetObjectName><![CDATA[\triFloor - APIC - HTTP Post.643]]></TargetObjectName></Association><Association><Name><![CDATA[Included In]]></Name><TargetModule><![CDATA[triIntegration]]></TargetModule><TargetBo><![CDATA[triIntegrationInstance]]></TargetBo><TargetObjectName><![CDATA[\triFloor - APIC - HTTP Post.642]]></TargetObjectName></Association><Association><Name><![CDATA[Belongs To]]></Name><TargetModule><![CDATA[triIntegration]]></TargetModule><TargetBo><![CDATA[triIntegrationInstance]]></TargetBo><TargetObjectName><![CDATA[\triFloor - APIC - HTTP Post.642]]></TargetObjectName></Association><Association><Name><![CDATA[Included In]]></Name><TargetModule><![CDATA[triIntegration]]></TargetModule><TargetBo><![CDATA[triIntegrationInstance]]></TargetBo><TargetObjectName><![CDATA[\triFloor - APIC - HTTP Post.627]]></TargetObjectName></Association><Association><Name><![CDATA[Belongs To]]></Name><TargetModule><![CDATA[triIntegration]]></TargetModule><TargetBo><![CDATA[triIntegrationInstance]]></TargetBo><TargetObjectName><![CDATA[\triFloor - APIC - HTTP Post.627]]></TargetObjectName></Association><Association><Name><![CDATA[Included In]]></Name><TargetModule><![CDATA[triIntegration]]></TargetModule><TargetBo><![CDATA[triIntegrationInstance]]></TargetBo><TargetObjectName><![CDATA[\triFloor - APIC - HTTP Post.540]]></TargetObjectName></Association><Association><Name><![CDATA[Belongs To]]></Name><TargetModule><![CDATA[triIntegration]]></TargetModule><TargetBo><![CDATA[triIntegrationInstance]]></TargetBo><TargetObjectName><![CDATA[\triFloor - APIC - HTTP Post.540]]></TargetObjectName></Association><Association><Name><![CDATA[Included In]]></Name><TargetModule><![CDATA[triIntegration]]></TargetModule><TargetBo><![CDATA[triIntegrationInstance]]></TargetBo><TargetObjectName><![CDATA[\triFloor - APIC - HTTP Post.539]]></TargetObjectName></Association><Association><Name><![CDATA[Belongs To]]></Name><TargetModule><![CDATA[triIntegration]]></TargetModule><TargetBo><![CDATA[triIntegrationInstance]]></TargetBo><TargetObjectName><![CDATA[\triFloor - APIC - HTTP Post.539]]></TargetObjectName></Association><Association><Name><![CDATA[Included In]]></Name><TargetModule><![CDATA[triIntegration]]></TargetModule><TargetBo><![CDATA[triIntegrationInstance]]></TargetBo><TargetObjectName><![CDATA[\triFloor - APIC - HTTP Post.70]]></TargetObjectName></Association><Association><Name><![CDATA[Belongs To]]></Name><TargetModule><![CDATA[triIntegration]]></TargetModule><TargetBo><![CDATA[triIntegrationInstance]]></TargetBo><TargetObjectName><![CDATA[\triFloor - APIC - HTTP Post.70]]></TargetObjectName></Association><Association><Name><![CDATA[Included In]]></Name><TargetModule><![CDATA[triIntegration]]></TargetModule><TargetBo><![CDATA[triIntegrationInstance]]></TargetBo><TargetObjectName><![CDATA[\triFloor - APIC - HTTP Post.33]]></TargetObjectName></Association><Association><Name><![CDATA[Belongs To]]></Name><TargetModule><![CDATA[triIntegration]]></TargetModule><TargetBo><![CDATA[triIntegrationInstance]]></TargetBo><TargetObjectName><![CDATA[\triFloor - APIC - HTTP Post.33]]></TargetObjectName></Association><Association><Name><![CDATA[Included In]]></Name><TargetModule><![CDATA[triIntegration]]></TargetModule><TargetBo><![CDATA[triIntegrationInstance]]></TargetBo><TargetObjectName><![CDATA[\triFloor - APIC - HTTP Post.25]]></TargetObjectName></Association></Associations>     </BoRecord>
</BoRecords>
