<?xml version="1.0" encoding="UTF-8"?>
<!-- IBM Confidential OCO Source Materials --><!-- (C) COPYRIGHT IBM CORP. 2011-2022 --><!-- The source code for this program is not published or otherwise divested of its trade secrets, irrespective of what has been deposited with the U.S. Copyright Office. --><Query><Header Scope="0" TagIdentifier="null" Type="1" RandomCnt="0" FixedColCnt="0" ResultSize="0" ColorBy="0" ShowInWebGraphics="1" SumAllForColorBy="0" DScope="1" Editable="0" GraphType="1" DisplayLegend="1" EnableProjectSwitch="0" ChildColumnDisplay="0" SystemFlag="1" TrackHistory="0"><ObjectLabelName><![CDATA[In Progress 0.0]]></ObjectLabelName><Name><![CDATA[triAPICBuilding - OSLC - Outbound]]></Name><Module><![CDATA[Location]]></Module><BO><![CDATA[triBuilding]]></BO><Number /><Description /><HeaderStr><![CDATA[APIC Building Outbound]]></HeaderStr><PromptBeforeQuery><![CDATA[0]]></PromptBeforeQuery><Queued><![CDATA[0]]></Queued><XTitle /><YTitle /><RecState /><TabularOutput><![CDATA[0]]></TabularOutput><AssociatedField /><UpdatedBy><![CDATA[Puri, Sumit - 1000215]]></UpdatedBy><ScorecardTargetOption><![CDATA[0]]></ScorecardTargetOption></Header><BoDataSources><BoDataSource><DSID><![CDATA[1]]></DSID><AssociatedMod><![CDATA[triIntermediate]]></AssociatedMod><AssociatedBO><![CDATA[triContactRole]]></AssociatedBO><ParentDS><![CDATA[0]]></ParentDS><AssocString><![CDATA[Has Contact with Role]]></AssocString><PrimaryAssocFlag><![CDATA[1]]></PrimaryAssocFlag></BoDataSource><BoDataSource><DSID><![CDATA[2]]></DSID><AssociatedMod><![CDATA[triPeople]]></AssociatedMod><AssociatedBO><![CDATA[triPeople]]></AssociatedBO><ParentDS><![CDATA[1]]></ParentDS><AssocString><![CDATA[Has Contact]]></AssocString><PrimaryAssocFlag><![CDATA[0]]></PrimaryAssocFlag></BoDataSource></BoDataSources><Bos><BO><Name><![CDATA[triBuilding]]></Name><Module><![CDATA[Location]]></Module><DSID><![CDATA[0]]></DSID></BO><BO><Name><![CDATA[triTaskProcedureStep]]></Name><Module><![CDATA[triIntermediate]]></Module><DSID><![CDATA[1]]></DSID></BO><BO><Name><![CDATA[triBatchProcessUser]]></Name><Module><![CDATA[triIntermediate]]></Module><DSID><![CDATA[1]]></DSID></BO><BO><Name><![CDATA[triSurveyQuestionResponse]]></Name><Module><![CDATA[triIntermediate]]></Module><DSID><![CDATA[1]]></DSID></BO><BO><Name><![CDATA[triDataAttributeItemIntermediate]]></Name><Module><![CDATA[triIntermediate]]></Module><DSID><![CDATA[1]]></DSID></BO><BO><Name><![CDATA[triContractAttribute]]></Name><Module><![CDATA[triIntermediate]]></Module><DSID><![CDATA[1]]></DSID></BO><BO><Name><![CDATA[triDependency]]></Name><Module><![CDATA[triIntermediate]]></Module><DSID><![CDATA[1]]></DSID></BO><BO><Name><![CDATA[triMeterServiceAllocations]]></Name><Module><![CDATA[triIntermediate]]></Module><DSID><![CDATA[1]]></DSID></BO><BO><Name><![CDATA[triREContractLocations]]></Name><Module><![CDATA[triIntermediate]]></Module><DSID><![CDATA[1]]></DSID></BO><BO><Name><![CDATA[triProcessChangeOrder]]></Name><Module><![CDATA[triIntermediate]]></Module><DSID><![CDATA[1]]></DSID></BO><BO><Name><![CDATA[triRiskItemIntermediate]]></Name><Module><![CDATA[triIntermediate]]></Module><DSID><![CDATA[1]]></DSID></BO><BO><Name><![CDATA[triBarCodeIntermediate]]></Name><Module><![CDATA[triIntermediate]]></Module><DSID><![CDATA[1]]></DSID></BO><BO><Name><![CDATA[triEnergyStarValidationItem]]></Name><Module><![CDATA[triIntermediate]]></Module><DSID><![CDATA[1]]></DSID></BO><BO><Name><![CDATA[triCostCodeIntermediate]]></Name><Module><![CDATA[triIntermediate]]></Module><DSID><![CDATA[1]]></DSID></BO><BO><Name><![CDATA[triInventoryCountItem]]></Name><Module><![CDATA[triIntermediate]]></Module><DSID><![CDATA[1]]></DSID></BO><BO><Name><![CDATA[triFundingSourceIntermediate]]></Name><Module><![CDATA[triIntermediate]]></Module><DSID><![CDATA[1]]></DSID></BO><BO><Name><![CDATA[triPMReading]]></Name><Module><![CDATA[triIntermediate]]></Module><DSID><![CDATA[1]]></DSID></BO><BO><Name><![CDATA[triJobItemIntermediate]]></Name><Module><![CDATA[triIntermediate]]></Module><DSID><![CDATA[1]]></DSID></BO><BO><Name><![CDATA[triLocationDisposition]]></Name><Module><![CDATA[triIntermediate]]></Module><DSID><![CDATA[1]]></DSID></BO><BO><Name><![CDATA[triLocationTemplate]]></Name><Module><![CDATA[triIntermediate]]></Module><DSID><![CDATA[1]]></DSID></BO><BO><Name><![CDATA[triForecastDemandDriver]]></Name><Module><![CDATA[triIntermediate]]></Module><DSID><![CDATA[1]]></DSID></BO><BO><Name><![CDATA[triReviewer]]></Name><Module><![CDATA[triIntermediate]]></Module><DSID><![CDATA[1]]></DSID></BO><BO><Name><![CDATA[triSubLeasePassThroughPayments]]></Name><Module><![CDATA[triIntermediate]]></Module><DSID><![CDATA[1]]></DSID></BO><BO><Name><![CDATA[triAssetDisposition]]></Name><Module><![CDATA[triIntermediate]]></Module><DSID><![CDATA[1]]></DSID></BO><BO><Name><![CDATA[triCredentialsIntermediate]]></Name><Module><![CDATA[triIntermediate]]></Module><DSID><![CDATA[1]]></DSID></BO><BO><Name><![CDATA[triGDPRSearchResults]]></Name><Module><![CDATA[triIntermediate]]></Module><DSID><![CDATA[1]]></DSID></BO><BO><Name><![CDATA[triInventoryPickItem]]></Name><Module><![CDATA[triIntermediate]]></Module><DSID><![CDATA[1]]></DSID></BO><BO><Name><![CDATA[triRouteGroup]]></Name><Module><![CDATA[triIntermediate]]></Module><DSID><![CDATA[1]]></DSID></BO><BO><Name><![CDATA[triResource]]></Name><Module><![CDATA[triIntermediate]]></Module><DSID><![CDATA[1]]></DSID></BO><BO><Name><![CDATA[triPunchlistIntermediate]]></Name><Module><![CDATA[triIntermediate]]></Module><DSID><![CDATA[1]]></DSID></BO><BO><Name><![CDATA[triDocumentMandatory]]></Name><Module><![CDATA[triIntermediate]]></Module><DSID><![CDATA[1]]></DSID></BO><BO><Name><![CDATA[triConsumable]]></Name><Module><![CDATA[triIntermediate]]></Module><DSID><![CDATA[1]]></DSID></BO><BO><Name><![CDATA[triLeaseReclassification]]></Name><Module><![CDATA[triIntermediate]]></Module><DSID><![CDATA[1]]></DSID></BO><BO><Name><![CDATA[triFinancialCategoryRollup]]></Name><Module><![CDATA[triIntermediate]]></Module><DSID><![CDATA[1]]></DSID></BO><BO><Name><![CDATA[triAssetEventSummaryIntermediate]]></Name><Module><![CDATA[triIntermediate]]></Module><DSID><![CDATA[1]]></DSID></BO><BO><Name><![CDATA[triSubmittalIntermediate]]></Name><Module><![CDATA[triIntermediate]]></Module><DSID><![CDATA[1]]></DSID></BO><BO><Name><![CDATA[triLocationEnergySpace]]></Name><Module><![CDATA[triIntermediate]]></Module><DSID><![CDATA[1]]></DSID></BO><BO><Name><![CDATA[triPayScheduleIntermediate]]></Name><Module><![CDATA[triIntermediate]]></Module><DSID><![CDATA[1]]></DSID></BO><BO><Name><![CDATA[triSpecificationBOM]]></Name><Module><![CDATA[triIntermediate]]></Module><DSID><![CDATA[1]]></DSID></BO><BO><Name><![CDATA[triLocationArea]]></Name><Module><![CDATA[triIntermediate]]></Module><DSID><![CDATA[1]]></DSID></BO><BO><Name><![CDATA[triRetailCompany]]></Name><Module><![CDATA[triIntermediate]]></Module><DSID><![CDATA[1]]></DSID></BO><BO><Name><![CDATA[triRecipient]]></Name><Module><![CDATA[triIntermediate]]></Module><DSID><![CDATA[1]]></DSID></BO><BO><Name><![CDATA[triInventoryBillofMaterials]]></Name><Module><![CDATA[triIntermediate]]></Module><DSID><![CDATA[1]]></DSID></BO><BO><Name><![CDATA[triCTQAssessment]]></Name><Module><![CDATA[triIntermediate]]></Module><DSID><![CDATA[1]]></DSID></BO><BO><Name><![CDATA[triCostAllocationSetupItem]]></Name><Module><![CDATA[triIntermediate]]></Module><DSID><![CDATA[1]]></DSID></BO><BO><Name><![CDATA[triIntermediate]]></Name><Module><![CDATA[triIntermediate]]></Module><DSID><![CDATA[1]]></DSID></BO><BO><Name><![CDATA[triContactRole]]></Name><Module><![CDATA[triIntermediate]]></Module><DSID><![CDATA[1]]></DSID></BO><BO><Name><![CDATA[triTimeEntry]]></Name><Module><![CDATA[triIntermediate]]></Module><DSID><![CDATA[1]]></DSID></BO><BO><Name><![CDATA[triDesignIntermediate]]></Name><Module><![CDATA[triIntermediate]]></Module><DSID><![CDATA[1]]></DSID></BO><BO><Name><![CDATA[triCostCodeContractIntermediate]]></Name><Module><![CDATA[triIntermediate]]></Module><DSID><![CDATA[1]]></DSID></BO><BO><Name><![CDATA[triCrewEquipmentandTrade]]></Name><Module><![CDATA[triIntermediate]]></Module><DSID><![CDATA[1]]></DSID></BO><BO><Name><![CDATA[triPeople]]></Name><Module><![CDATA[triPeople]]></Module><DSID><![CDATA[2]]></DSID></BO></Bos><GUIs><GUI><Name><![CDATA[triBuilding]]></Name><Module><![CDATA[Location]]></Module></GUI></GUIs><Columns><Column Type="1" DType="320" FiltType="0" Seq="0" ConditionalFilter="0" FilterLocalizedData="0"><SecName><![CDATA[RecordInformation]]></SecName><SecondarySecName /><FldLabel><![CDATA[ID]]></FldLabel><FldName><![CDATA[triIdTX]]></FldName><FiltVAl /><NumOpenParens><![CDATA[0]]></NumOpenParens><NumCloseParens><![CDATA[0]]></NumCloseParens><BooleanOperatorType><![CDATA[0]]></BooleanOperatorType><groupDatesBy><![CDATA[0]]></groupDatesBy><sourceTabularRepName /><LegendColumn><![CDATA[0]]></LegendColumn><defaultFlag><![CDATA[0]]></defaultFlag><DSID><![CDATA[0]]></DSID></Column><Column Type="1" DType="320" FiltType="0" Seq="1" ConditionalFilter="0" FilterLocalizedData="0"><SecName><![CDATA[RecordInformation]]></SecName><SecondarySecName /><FldLabel><![CDATA[Name]]></FldLabel><FldName><![CDATA[triNameTX]]></FldName><FiltVAl /><NumOpenParens><![CDATA[0]]></NumOpenParens><NumCloseParens><![CDATA[0]]></NumCloseParens><BooleanOperatorType><![CDATA[0]]></BooleanOperatorType><groupDatesBy><![CDATA[0]]></groupDatesBy><sourceTabularRepName /><LegendColumn><![CDATA[0]]></LegendColumn><defaultFlag><![CDATA[0]]></defaultFlag><DSID><![CDATA[0]]></DSID></Column><Column Type="1" DType="320" FiltType="0" Seq="2" ConditionalFilter="0" FilterLocalizedData="0"><SecName><![CDATA[RecordInformation]]></SecName><SecondarySecName /><FldLabel><![CDATA[Description]]></FldLabel><FldName><![CDATA[triDescriptionTX]]></FldName><FiltVAl /><NumOpenParens><![CDATA[0]]></NumOpenParens><NumCloseParens><![CDATA[0]]></NumCloseParens><BooleanOperatorType><![CDATA[0]]></BooleanOperatorType><groupDatesBy><![CDATA[0]]></groupDatesBy><sourceTabularRepName /><LegendColumn><![CDATA[0]]></LegendColumn><defaultFlag><![CDATA[0]]></defaultFlag><DSID><![CDATA[0]]></DSID></Column><Column Type="1" DType="320" FiltType="0" Seq="3" ConditionalFilter="0" FilterLocalizedData="0"><SecName><![CDATA[RecordInformation]]></SecName><SecondarySecName /><FldLabel><![CDATA[Parent Property]]></FldLabel><FldName><![CDATA[triParentPropertyTX]]></FldName><FiltVAl /><NumOpenParens><![CDATA[0]]></NumOpenParens><NumCloseParens><![CDATA[0]]></NumCloseParens><BooleanOperatorType><![CDATA[0]]></BooleanOperatorType><groupDatesBy><![CDATA[0]]></groupDatesBy><sourceTabularRepName /><LegendColumn><![CDATA[0]]></LegendColumn><defaultFlag><![CDATA[0]]></defaultFlag><DSID><![CDATA[0]]></DSID></Column><Column Type="1" DType="330" FiltType="0" Seq="4" ConditionalFilter="0" FilterLocalizedData="0"><SecName><![CDATA[RecordInformation]]></SecName><SecondarySecName /><FldLabel><![CDATA[In Service Date]]></FldLabel><FldName><![CDATA[triActiveStartDA]]></FldName><FiltVAl /><NumOpenParens><![CDATA[0]]></NumOpenParens><NumCloseParens><![CDATA[0]]></NumCloseParens><BooleanOperatorType><![CDATA[0]]></BooleanOperatorType><groupDatesBy><![CDATA[0]]></groupDatesBy><sourceTabularRepName /><LegendColumn><![CDATA[0]]></LegendColumn><defaultFlag><![CDATA[0]]></defaultFlag><DSID><![CDATA[0]]></DSID></Column><Column Type="1" DType="320" FiltType="0" Seq="5" ConditionalFilter="0" FilterLocalizedData="0"><SecName><![CDATA[RecordInformation]]></SecName><SecondarySecName /><FldLabel><![CDATA[Tenure]]></FldLabel><FldName><![CDATA[triTenureCL]]></FldName><FiltVAl /><NumOpenParens><![CDATA[0]]></NumOpenParens><NumCloseParens><![CDATA[0]]></NumCloseParens><BooleanOperatorType><![CDATA[0]]></BooleanOperatorType><groupDatesBy><![CDATA[0]]></groupDatesBy><sourceTabularRepName /><LegendColumn><![CDATA[0]]></LegendColumn><defaultFlag><![CDATA[0]]></defaultFlag><DSID><![CDATA[0]]></DSID></Column><Column Type="1" DType="310" FiltType="0" Seq="6" ConditionalFilter="0" FilterLocalizedData="0"><SecName><![CDATA[RecordInformation]]></SecName><SecondarySecName /><FldLabel><![CDATA[Total Area Occupied]]></FldLabel><FldName><![CDATA[triTotalAreaOccupiedCalcNU]]></FldName><FiltVAl /><NumOpenParens><![CDATA[0]]></NumOpenParens><NumCloseParens><![CDATA[0]]></NumCloseParens><BooleanOperatorType><![CDATA[0]]></BooleanOperatorType><groupDatesBy><![CDATA[0]]></groupDatesBy><sourceTabularRepName /><LegendColumn><![CDATA[0]]></LegendColumn><defaultFlag><![CDATA[0]]></defaultFlag><DSID><![CDATA[0]]></DSID></Column><Column Type="1" DType="320" FiltType="0" Seq="7" ConditionalFilter="0" FilterLocalizedData="0"><SecName><![CDATA[RecordInformation]]></SecName><SecondarySecName /><FldLabel><![CDATA[Building Class]]></FldLabel><FldName><![CDATA[triBuildingClassCL]]></FldName><FiltVAl /><NumOpenParens><![CDATA[0]]></NumOpenParens><NumCloseParens><![CDATA[0]]></NumCloseParens><BooleanOperatorType><![CDATA[0]]></BooleanOperatorType><groupDatesBy><![CDATA[0]]></groupDatesBy><sourceTabularRepName /><LegendColumn><![CDATA[0]]></LegendColumn><defaultFlag><![CDATA[0]]></defaultFlag><DSID><![CDATA[0]]></DSID></Column><Column Type="1" DType="320" FiltType="0" Seq="8" ConditionalFilter="0" FilterLocalizedData="0"><SecName><![CDATA[RecordInformation]]></SecName><SecondarySecName /><FldLabel><![CDATA[Zoning]]></FldLabel><FldName><![CDATA[triZoningCL]]></FldName><FiltVAl /><NumOpenParens><![CDATA[0]]></NumOpenParens><NumCloseParens><![CDATA[0]]></NumCloseParens><BooleanOperatorType><![CDATA[0]]></BooleanOperatorType><groupDatesBy><![CDATA[0]]></groupDatesBy><sourceTabularRepName /><LegendColumn><![CDATA[0]]></LegendColumn><defaultFlag><![CDATA[0]]></defaultFlag><DSID><![CDATA[0]]></DSID></Column><Column Type="1" DType="320" FiltType="0" Seq="9" ConditionalFilter="0" FilterLocalizedData="0"><SecName><![CDATA[RecordInformation]]></SecName><SecondarySecName /><FldLabel><![CDATA[Address]]></FldLabel><FldName><![CDATA[triAddressTX]]></FldName><FiltVAl /><NumOpenParens><![CDATA[0]]></NumOpenParens><NumCloseParens><![CDATA[0]]></NumCloseParens><BooleanOperatorType><![CDATA[0]]></BooleanOperatorType><groupDatesBy><![CDATA[0]]></groupDatesBy><sourceTabularRepName /><LegendColumn><![CDATA[0]]></LegendColumn><defaultFlag><![CDATA[0]]></defaultFlag><DSID><![CDATA[0]]></DSID></Column><Column Type="1" DType="320" FiltType="0" Seq="10" ConditionalFilter="0" FilterLocalizedData="0"><SecName><![CDATA[RecordInformation]]></SecName><SecondarySecName /><FldLabel><![CDATA[City]]></FldLabel><FldName><![CDATA[triCityTX]]></FldName><FiltVAl /><NumOpenParens><![CDATA[0]]></NumOpenParens><NumCloseParens><![CDATA[0]]></NumCloseParens><BooleanOperatorType><![CDATA[0]]></BooleanOperatorType><groupDatesBy><![CDATA[0]]></groupDatesBy><sourceTabularRepName /><LegendColumn><![CDATA[0]]></LegendColumn><defaultFlag><![CDATA[0]]></defaultFlag><DSID><![CDATA[0]]></DSID></Column><Column Type="1" DType="320" FiltType="0" Seq="11" ConditionalFilter="0" FilterLocalizedData="0"><SecName><![CDATA[RecordInformation]]></SecName><SecondarySecName /><FldLabel><![CDATA[State/Province]]></FldLabel><FldName><![CDATA[triStateProvTX]]></FldName><FiltVAl /><NumOpenParens><![CDATA[0]]></NumOpenParens><NumCloseParens><![CDATA[0]]></NumCloseParens><BooleanOperatorType><![CDATA[0]]></BooleanOperatorType><groupDatesBy><![CDATA[0]]></groupDatesBy><sourceTabularRepName /><LegendColumn><![CDATA[0]]></LegendColumn><defaultFlag><![CDATA[0]]></defaultFlag><DSID><![CDATA[0]]></DSID></Column><Column Type="1" DType="320" FiltType="0" Seq="12" ConditionalFilter="0" FilterLocalizedData="0"><SecName><![CDATA[RecordInformation]]></SecName><SecondarySecName /><FldLabel><![CDATA[Zip/Postal Code]]></FldLabel><FldName><![CDATA[triZipPostalTX]]></FldName><FiltVAl /><NumOpenParens><![CDATA[0]]></NumOpenParens><NumCloseParens><![CDATA[0]]></NumCloseParens><BooleanOperatorType><![CDATA[0]]></BooleanOperatorType><groupDatesBy><![CDATA[0]]></groupDatesBy><sourceTabularRepName /><LegendColumn><![CDATA[0]]></LegendColumn><defaultFlag><![CDATA[0]]></defaultFlag><DSID><![CDATA[0]]></DSID></Column><Column Type="1" DType="320" FiltType="0" Seq="13" ConditionalFilter="0" FilterLocalizedData="0"><SecName><![CDATA[RecordInformation]]></SecName><SecondarySecName /><FldLabel><![CDATA[Country]]></FldLabel><FldName><![CDATA[triCountryTX]]></FldName><FiltVAl /><NumOpenParens><![CDATA[0]]></NumOpenParens><NumCloseParens><![CDATA[0]]></NumCloseParens><BooleanOperatorType><![CDATA[0]]></BooleanOperatorType><groupDatesBy><![CDATA[0]]></groupDatesBy><sourceTabularRepName /><LegendColumn><![CDATA[0]]></LegendColumn><defaultFlag><![CDATA[0]]></defaultFlag><DSID><![CDATA[0]]></DSID></Column><Column Type="1" DType="320" FiltType="0" Seq="14" ConditionalFilter="0" FilterLocalizedData="0"><SecName><![CDATA[RecordInformation]]></SecName><SecondarySecName /><FldLabel><![CDATA[Primary Use]]></FldLabel><FldName><![CDATA[triPrimaryUseCL]]></FldName><FiltVAl /><NumOpenParens><![CDATA[0]]></NumOpenParens><NumCloseParens><![CDATA[0]]></NumCloseParens><BooleanOperatorType><![CDATA[0]]></BooleanOperatorType><groupDatesBy><![CDATA[0]]></groupDatesBy><sourceTabularRepName /><LegendColumn><![CDATA[0]]></LegendColumn><defaultFlag><![CDATA[0]]></defaultFlag><DSID><![CDATA[0]]></DSID></Column><Column Type="1" DType="320" FiltType="0" Seq="15" ConditionalFilter="0" FilterLocalizedData="0"><SecName><![CDATA[RecordInformation]]></SecName><SecondarySecName /><FldLabel><![CDATA[Hierarchy Path]]></FldLabel><FldName><![CDATA[triPathTX]]></FldName><FiltVAl /><NumOpenParens><![CDATA[0]]></NumOpenParens><NumCloseParens><![CDATA[0]]></NumCloseParens><BooleanOperatorType><![CDATA[0]]></BooleanOperatorType><groupDatesBy><![CDATA[0]]></groupDatesBy><sourceTabularRepName /><LegendColumn><![CDATA[0]]></LegendColumn><defaultFlag><![CDATA[0]]></defaultFlag><DSID><![CDATA[0]]></DSID></Column><Column Type="1" DType="320" FiltType="0" Seq="16" ConditionalFilter="0" FilterLocalizedData="0"><SecName><![CDATA[RecordInformation]]></SecName><SecondarySecName /><FldLabel><![CDATA[Jurisdiction]]></FldLabel><FldName><![CDATA[triJurisdictionCL]]></FldName><FiltVAl /><NumOpenParens><![CDATA[0]]></NumOpenParens><NumCloseParens><![CDATA[0]]></NumCloseParens><BooleanOperatorType><![CDATA[0]]></BooleanOperatorType><groupDatesBy><![CDATA[0]]></groupDatesBy><sourceTabularRepName /><LegendColumn><![CDATA[0]]></LegendColumn><defaultFlag><![CDATA[0]]></defaultFlag><DSID><![CDATA[0]]></DSID></Column><Column Type="1" DType="320" FiltType="0" Seq="17" ConditionalFilter="0" FilterLocalizedData="0"><SecName><![CDATA[RecordInformation]]></SecName><SecondarySecName /><FldLabel><![CDATA[Status]]></FldLabel><FldName><![CDATA[triStatusCL]]></FldName><FiltVAl /><NumOpenParens><![CDATA[0]]></NumOpenParens><NumCloseParens><![CDATA[0]]></NumCloseParens><BooleanOperatorType><![CDATA[0]]></BooleanOperatorType><groupDatesBy><![CDATA[0]]></groupDatesBy><sourceTabularRepName /><LegendColumn><![CDATA[0]]></LegendColumn><defaultFlag><![CDATA[0]]></defaultFlag><DSID><![CDATA[0]]></DSID></Column><Column Type="1" DType="320" FiltType="0" Seq="18" ConditionalFilter="0" FilterLocalizedData="0"><SecName><![CDATA[triRole]]></SecName><SecondarySecName /><FldLabel><![CDATA[Role]]></FldLabel><FldName><![CDATA[triNameTX]]></FldName><FiltVAl /><NumOpenParens><![CDATA[0]]></NumOpenParens><NumCloseParens><![CDATA[0]]></NumCloseParens><BooleanOperatorType><![CDATA[0]]></BooleanOperatorType><groupDatesBy><![CDATA[0]]></groupDatesBy><sourceTabularRepName /><LegendColumn><![CDATA[0]]></LegendColumn><defaultFlag><![CDATA[0]]></defaultFlag><DSID><![CDATA[1]]></DSID></Column><Column Type="1" DType="320" FiltType="0" Seq="19" ConditionalFilter="0" FilterLocalizedData="0"><SecName><![CDATA[triPeople]]></SecName><SecondarySecName /><FldLabel><![CDATA[Role Contact Name]]></FldLabel><FldName><![CDATA[triNameTX]]></FldName><FiltVAl /><NumOpenParens><![CDATA[0]]></NumOpenParens><NumCloseParens><![CDATA[0]]></NumCloseParens><BooleanOperatorType><![CDATA[0]]></BooleanOperatorType><groupDatesBy><![CDATA[0]]></groupDatesBy><sourceTabularRepName /><LegendColumn><![CDATA[0]]></LegendColumn><defaultFlag><![CDATA[0]]></defaultFlag><DSID><![CDATA[1]]></DSID></Column><Column Type="1" DType="320" FiltType="0" Seq="20" ConditionalFilter="0" FilterLocalizedData="0"><SecName><![CDATA[triPeople]]></SecName><SecondarySecName /><FldLabel><![CDATA[Role Contact Organization]]></FldLabel><FldName><![CDATA[triOrganizationName]]></FldName><FiltVAl /><NumOpenParens><![CDATA[0]]></NumOpenParens><NumCloseParens><![CDATA[0]]></NumCloseParens><BooleanOperatorType><![CDATA[0]]></BooleanOperatorType><groupDatesBy><![CDATA[0]]></groupDatesBy><sourceTabularRepName /><LegendColumn><![CDATA[0]]></LegendColumn><defaultFlag><![CDATA[0]]></defaultFlag><DSID><![CDATA[1]]></DSID></Column><Column Type="1" DType="320" FiltType="0" Seq="21" ConditionalFilter="0" FilterLocalizedData="0"><SecName><![CDATA[triPeople]]></SecName><SecondarySecName /><FldLabel><![CDATA[Role Contact Work Phone]]></FldLabel><FldName><![CDATA[triWorkPhoneTX]]></FldName><FiltVAl /><NumOpenParens><![CDATA[0]]></NumOpenParens><NumCloseParens><![CDATA[0]]></NumCloseParens><BooleanOperatorType><![CDATA[0]]></BooleanOperatorType><groupDatesBy><![CDATA[0]]></groupDatesBy><sourceTabularRepName /><LegendColumn><![CDATA[0]]></LegendColumn><defaultFlag><![CDATA[0]]></defaultFlag><DSID><![CDATA[1]]></DSID></Column><Column Type="1" DType="320" FiltType="0" Seq="22" ConditionalFilter="0" FilterLocalizedData="0"><SecName><![CDATA[triPeople]]></SecName><SecondarySecName /><FldLabel><![CDATA[Role Contact Email]]></FldLabel><FldName><![CDATA[triEmailTX]]></FldName><FiltVAl /><NumOpenParens><![CDATA[0]]></NumOpenParens><NumCloseParens><![CDATA[0]]></NumCloseParens><BooleanOperatorType><![CDATA[0]]></BooleanOperatorType><groupDatesBy><![CDATA[0]]></groupDatesBy><sourceTabularRepName /><LegendColumn><![CDATA[0]]></LegendColumn><defaultFlag><![CDATA[0]]></defaultFlag><DSID><![CDATA[1]]></DSID></Column><Column Type="3" DType="330" FiltType="1" Seq="0" ConditionalFilter="0" FilterLocalizedData="0"><SecName><![CDATA[General]]></SecName><SecondarySecName /><FldLabel><![CDATA[Created Date/Time]]></FldLabel><FldName><![CDATA[triCreatedSY]]></FldName><FiltVAl /><NumOpenParens><![CDATA[0]]></NumOpenParens><NumCloseParens><![CDATA[0]]></NumCloseParens><BooleanOperatorType><![CDATA[0]]></BooleanOperatorType><groupDatesBy><![CDATA[0]]></groupDatesBy><sourceTabularRepName /><LegendColumn><![CDATA[0]]></LegendColumn><defaultFlag><![CDATA[0]]></defaultFlag><DSID><![CDATA[0]]></DSID></Column></Columns></Query>
