<?xml version="1.0" encoding="UTF-8"?>
<!-- IBM Confidential OCO Source Materials --><!-- (C) COPYRIGHT IBM CORP. 2011-2022 --><!-- The source code for this program is not published or otherwise divested of its trade secrets, irrespective of what has been deposited with the U.S. Copyright Office. --><GUI><GUIHeader AssocTab="0" Sched="0" Type="0" Audit="0" AuditAction="0" Approval="0" SingTab="0" WFTab="0" PrintTab="0" Default="1" ExcelCal="0" AllowBookmarkCreate="0" AllowBookmarkSpecific="0" PopupHeight="0" PopupWidth="0"><ObjectLabelName><![CDATA[In Progress 0.0]]></ObjectLabelName><Module><![CDATA[triAPIConnect]]></Module><BoName><![CDATA[triAPICTimestamp]]></BoName><Name><![CDATA[triAPICTimestamp]]></Name><Label><![CDATA[APIC Timestamp]]></Label><Description /><UpdatedBy><![CDATA[System, System]]></UpdatedBy><WFName><![CDATA[triAPICTimestamp - Synchronous - GUI Pre-Load]]></WFName><WFBO><![CDATA[triAPICTimestamp]]></WFBO><WFModlule><![CDATA[triAPIConnect]]></WFModlule></GUIHeader><Tabs><Tab TId="1" Seq="1" Visible="1" Custom="0"><TName><![CDATA[triGeneral]]></TName><TLabel><![CDATA[Last Fetched TimeStamps]]></TLabel><THeader /><TComment /><TURL /><AccessKey /><TStyle /><Sections><Section SId="7" Type="0" Seq="0" SRow="1" SCol="1" RSpan="1" CSpan="12" Visible="1" ROnly="1" ShowEmbeddedLink="0" ParentSecId="-1" ShowHdr="0" BorderSize="0" Height="0" Input="0" ShowAdd="0" FinRep="0" SingleSelect="0" SelectAssociationTemp="0" RefreshTime="0" FixedColCnt="0" HierarchyFieldsSection="0" ComparisonSection="0" PrinterFriendlyLink="0" SmartQueryFormat="0" Orientation="0" MaxViewMode="16" ViewModesEnabled="150" DefaultViewMode="16" ShowTimeSelector="0" EnableTimeSelectorEdit="0" EnableResourceSelect="0" ResourceSelectCreateAssociation="0" lockGraphicTheme="0" autoZoom="0" zoomPercent="100" zoomDelay="0" allowDelete="1" LoadAppletWhenSectionLoads="1"><Name><![CDATA[triData]]></Name><Label><![CDATA[Data]]></Label><Association /><SelectAssociation /><DDSecName /><BGround /><TitleColor /><BorderColor /><SStyle /><ComparisonAssociation /><CalendarSetName /><contextOverride /><ThemeName /><Fields><Field FId="25" SRow="1" RSpan="1" SCol="1" CSpan="1" NoLabel="0" Size="-1" ROnly="0" Border="0" Visible="1" ShowUom="0" GroupSeq="0" Width="0" TabOrder="0" MinSize="0" MaxSize="0" FldPos="2" DAlign="0" UIType="-1" AtrSeq="1025" IconPos="0" ScoreType="0" HierarchicalParentFieldId="0" DefaultHierarchicalState="0" DeltaType="0" DeltaPrecision="0" UseCustomDisplay="0" ColumnUse="0" TextNoWrap="1" SmartSectionLocatorEnabled="0"><Name><![CDATA[triFetchBuildingDateTimeDT]]></Name><Type><![CDATA[Date and Time]]></Type><Label><![CDATA[Last Fetch Building Date Time]]></Label><Required><![CDATA[N]]></Required><DDFieldName><![CDATA[triFetchBuildingDateTimeDT]]></DDFieldName><DDFldSecName><![CDATA[General]]></DDFldSecName><LFont><![CDATA[Trebuchet MS]]></LFont><LColor><![CDATA[#000000]]></LColor><LSize><![CDATA[10]]></LSize><LWeight><![CDATA[bold]]></LWeight><SubType /><Format /><LabStyle><![CDATA[labelStyleClass1]]></LabStyle><DataStyle><![CDATA[dataStyleClass1]]></DataStyle><Prefix /><FldColor /><SubLabelStyle /><DisplayMask><![CDATA[#.####]]></DisplayMask><DurationDisplayTokens /></Field><Field FId="26" SRow="2" RSpan="1" SCol="1" CSpan="1" NoLabel="0" Size="-1" ROnly="0" Border="0" Visible="1" ShowUom="0" GroupSeq="0" Width="0" TabOrder="0" MinSize="0" MaxSize="0" FldPos="2" DAlign="0" UIType="-1" AtrSeq="1026" IconPos="0" ScoreType="0" HierarchicalParentFieldId="0" DefaultHierarchicalState="0" DeltaType="0" DeltaPrecision="0" UseCustomDisplay="0" ColumnUse="0" TextNoWrap="1" SmartSectionLocatorEnabled="0"><Name><![CDATA[triFetchPeopleDateTimeDT]]></Name><Type><![CDATA[Date and Time]]></Type><Label><![CDATA[Last Fetch People Date Time]]></Label><Required><![CDATA[N]]></Required><DDFieldName><![CDATA[triFetchPeopleDateTimeDT]]></DDFieldName><DDFldSecName><![CDATA[General]]></DDFldSecName><LFont><![CDATA[Trebuchet MS]]></LFont><LColor><![CDATA[#000000]]></LColor><LSize><![CDATA[10]]></LSize><LWeight><![CDATA[bold]]></LWeight><SubType /><Format /><LabStyle><![CDATA[labelStyleClass1]]></LabStyle><DataStyle><![CDATA[dataStyleClass1]]></DataStyle><Prefix /><FldColor /><SubLabelStyle /><DisplayMask><![CDATA[#.####]]></DisplayMask><DurationDisplayTokens /></Field><Field FId="27" SRow="3" RSpan="1" SCol="1" CSpan="1" NoLabel="0" Size="-1" ROnly="0" Border="0" Visible="1" ShowUom="0" GroupSeq="0" Width="0" TabOrder="0" MinSize="0" MaxSize="0" FldPos="2" DAlign="0" UIType="-1" AtrSeq="1027" IconPos="0" ScoreType="0" HierarchicalParentFieldId="0" DefaultHierarchicalState="0" DeltaType="0" DeltaPrecision="0" UseCustomDisplay="0" ColumnUse="0" TextNoWrap="1" SmartSectionLocatorEnabled="0"><Name><![CDATA[triFetchWorkTaskDateTimeDT]]></Name><Type><![CDATA[Date and Time]]></Type><Label><![CDATA[Last Fetch Work Task Date Time]]></Label><Required><![CDATA[N]]></Required><DDFieldName><![CDATA[triFetchWorkTaskDateTimeDT]]></DDFieldName><DDFldSecName><![CDATA[General]]></DDFldSecName><LFont><![CDATA[Trebuchet MS]]></LFont><LColor><![CDATA[#000000]]></LColor><LSize><![CDATA[10]]></LSize><LWeight><![CDATA[bold]]></LWeight><SubType /><Format /><LabStyle><![CDATA[labelStyleClass1]]></LabStyle><DataStyle><![CDATA[dataStyleClass1]]></DataStyle><Prefix /><FldColor /><SubLabelStyle /><DisplayMask><![CDATA[#.####]]></DisplayMask><DurationDisplayTokens /></Field></Fields></Section></Sections></Tab><Tab TId="2" Seq="2" Visible="0" Custom="0"><TName><![CDATA[triSystem]]></TName><TLabel><![CDATA[System]]></TLabel><THeader /><TComment /><TURL /><AccessKey /><TStyle /><Sections><Section SId="5" Type="0" Seq="0" SRow="0" SCol="1" RSpan="1" CSpan="12" Visible="1" ROnly="0" ShowEmbeddedLink="0" ParentSecId="-1" ShowHdr="1" BorderSize="0" Height="0" Input="0" ShowAdd="0" FinRep="0" SingleSelect="0" SelectAssociationTemp="0" RefreshTime="0" FixedColCnt="0" HierarchyFieldsSection="0" ComparisonSection="0" PrinterFriendlyLink="0" SmartQueryFormat="0" Orientation="0" MaxViewMode="16" ViewModesEnabled="150" DefaultViewMode="16" ShowTimeSelector="0" EnableTimeSelectorEdit="0" EnableResourceSelect="0" ResourceSelectCreateAssociation="0" lockGraphicTheme="0" autoZoom="0" zoomPercent="100" zoomDelay="0" allowDelete="1" LoadAppletWhenSectionLoads="1"><Name><![CDATA[triUserMessage]]></Name><Label><![CDATA[Attention!]]></Label><Association /><SelectAssociation /><DDSecName /><BGround /><TitleColor /><BorderColor /><SStyle /><ComparisonAssociation /><CalendarSetName /><contextOverride /><ThemeName /><Fields><Field FId="3" SRow="1" RSpan="3" SCol="1" CSpan="2" NoLabel="1" Size="-1" ROnly="1" Border="0" Visible="1" ShowUom="0" GroupSeq="0" Width="0" TabOrder="0" MinSize="0" MaxSize="0" FldPos="2" DAlign="0" UIType="-1" AtrSeq="1018" IconPos="0" ScoreType="0" HierarchicalParentFieldId="0" DefaultHierarchicalState="0" DeltaType="0" DeltaPrecision="0" UseCustomDisplay="0" ColumnUse="0" TextNoWrap="1" SmartSectionLocatorEnabled="0"><Name><![CDATA[triUserMessageTX]]></Name><Type><![CDATA[Text]]></Type><Label><![CDATA[Attention!]]></Label><Required><![CDATA[N]]></Required><DDFieldName><![CDATA[triUserMessageTX]]></DDFieldName><DDFldSecName><![CDATA[General]]></DDFldSecName><LFont><![CDATA[Trebuchet MS]]></LFont><LColor><![CDATA[#000000]]></LColor><LSize><![CDATA[10]]></LSize><LWeight><![CDATA[bold]]></LWeight><SubType /><Format /><LabStyle><![CDATA[labelStyleClass1]]></LabStyle><DataStyle><![CDATA[dataStyleClass1]]></DataStyle><Prefix /><FldColor /><SubLabelStyle /><DisplayMask><![CDATA[#.####]]></DisplayMask><DurationDisplayTokens /></Field><Field FId="4" SRow="1" RSpan="1" SCol="2" CSpan="1" NoLabel="0" Size="-1" ROnly="0" Border="0" Visible="0" ShowUom="0" GroupSeq="0" Width="0" TabOrder="0" MinSize="0" MaxSize="0" FldPos="0" DAlign="0" UIType="-1" AtrSeq="1017" IconPos="0" ScoreType="0" HierarchicalParentFieldId="0" DefaultHierarchicalState="0" DeltaType="0" DeltaPrecision="0" UseCustomDisplay="0" ColumnUse="0" TextNoWrap="1" SmartSectionLocatorEnabled="0"><Name><![CDATA[triUserMessageFlagTX]]></Name><Type><![CDATA[Text]]></Type><Label><![CDATA[!]]></Label><Required><![CDATA[N]]></Required><DDFieldName><![CDATA[triUserMessageFlagTX]]></DDFieldName><DDFldSecName><![CDATA[General]]></DDFldSecName><LFont><![CDATA[Trebuchet MS]]></LFont><LColor><![CDATA[#000000]]></LColor><LSize><![CDATA[10]]></LSize><LWeight><![CDATA[bold]]></LWeight><SubType /><Format /><LabStyle><![CDATA[labelStyleClass1]]></LabStyle><DataStyle><![CDATA[dataStyleClass1]]></DataStyle><Prefix /><FldColor /><SubLabelStyle /><DisplayMask><![CDATA[#.####]]></DisplayMask><DurationDisplayTokens /></Field></Fields></Section><Section SId="6" Type="0" Seq="0" SRow="1" SCol="1" RSpan="1" CSpan="12" Visible="1" ROnly="0" ShowEmbeddedLink="0" ParentSecId="-1" ShowHdr="1" BorderSize="0" Height="0" Input="0" ShowAdd="0" FinRep="0" SingleSelect="0" SelectAssociationTemp="0" RefreshTime="0" FixedColCnt="0" HierarchyFieldsSection="0" ComparisonSection="0" PrinterFriendlyLink="0" SmartQueryFormat="0" Orientation="0" MaxViewMode="16" ViewModesEnabled="150" DefaultViewMode="16" ShowTimeSelector="0" EnableTimeSelectorEdit="0" EnableResourceSelect="0" ResourceSelectCreateAssociation="0" lockGraphicTheme="0" autoZoom="0" zoomPercent="100" zoomDelay="0" allowDelete="1" LoadAppletWhenSectionLoads="1"><Name><![CDATA[triRecordInformation]]></Name><Label><![CDATA[Record Information]]></Label><Association /><SelectAssociation /><DDSecName /><BGround /><TitleColor /><BorderColor /><SStyle /><ComparisonAssociation /><CalendarSetName /><contextOverride /><ThemeName /><Fields><Field FId="5" SRow="1" RSpan="1" SCol="1" CSpan="2" NoLabel="0" Size="-1" ROnly="0" Border="0" Visible="1" ShowUom="0" GroupSeq="0" Width="0" TabOrder="0" MinSize="0" MaxSize="0" FldPos="2" DAlign="0" UIType="-1" AtrSeq="112" IconPos="0" ScoreType="0" HierarchicalParentFieldId="0" DefaultHierarchicalState="0" DeltaType="0" DeltaPrecision="0" UseCustomDisplay="0" ColumnUse="0" TextNoWrap="1" SmartSectionLocatorEnabled="0"><Name><![CDATA[GeographyName]]></Name><Type><![CDATA[Smart Object]]></Type><Label><![CDATA[System Geography]]></Label><Required><![CDATA[N]]></Required><DDFieldName><![CDATA[GeographyName]]></DDFieldName><DDFldSecName><![CDATA[General]]></DDFldSecName><LFont><![CDATA[Trebuchet MS]]></LFont><LColor><![CDATA[#000000]]></LColor><LSize><![CDATA[10]]></LSize><LWeight><![CDATA[bold]]></LWeight><SubType /><Format /><LabStyle><![CDATA[labelStyleClass1]]></LabStyle><DataStyle><![CDATA[dataStyleClass1]]></DataStyle><Prefix /><FldColor /><SubLabelStyle /><DisplayMask><![CDATA[#.####]]></DisplayMask><DurationDisplayTokens /></Field><Field FId="6" SRow="2" RSpan="1" SCol="1" CSpan="2" NoLabel="0" Size="-1" ROnly="0" Border="0" Visible="1" ShowUom="0" GroupSeq="0" Width="0" TabOrder="0" MinSize="0" MaxSize="0" FldPos="2" DAlign="0" UIType="-1" AtrSeq="111" IconPos="0" ScoreType="0" HierarchicalParentFieldId="0" DefaultHierarchicalState="0" DeltaType="0" DeltaPrecision="0" UseCustomDisplay="0" ColumnUse="0" TextNoWrap="1" SmartSectionLocatorEnabled="0"><Name><![CDATA[OrgName]]></Name><Type><![CDATA[Smart Object]]></Type><Label><![CDATA[System Organization]]></Label><Required><![CDATA[N]]></Required><DDFieldName><![CDATA[OrgName]]></DDFieldName><DDFldSecName><![CDATA[General]]></DDFldSecName><LFont><![CDATA[Trebuchet MS]]></LFont><LColor><![CDATA[#000000]]></LColor><LSize><![CDATA[10]]></LSize><LWeight><![CDATA[bold]]></LWeight><SubType /><Format /><LabStyle><![CDATA[labelStyleClass1]]></LabStyle><DataStyle><![CDATA[dataStyleClass1]]></DataStyle><Prefix /><FldColor /><SubLabelStyle /><DisplayMask><![CDATA[#.####]]></DisplayMask><DurationDisplayTokens /></Field><Field FId="7" SRow="3" RSpan="1" SCol="1" CSpan="2" NoLabel="0" Size="-1" ROnly="0" Border="0" Visible="1" ShowUom="0" GroupSeq="0" Width="0" TabOrder="0" MinSize="0" MaxSize="0" FldPos="2" DAlign="0" UIType="-1" AtrSeq="110" IconPos="0" ScoreType="0" HierarchicalParentFieldId="0" DefaultHierarchicalState="0" DeltaType="0" DeltaPrecision="0" UseCustomDisplay="0" ColumnUse="0" TextNoWrap="1" SmartSectionLocatorEnabled="0"><Name><![CDATA[LocationName]]></Name><Type><![CDATA[Smart Object]]></Type><Label><![CDATA[System Location]]></Label><Required><![CDATA[N]]></Required><DDFieldName><![CDATA[LocationName]]></DDFieldName><DDFldSecName><![CDATA[General]]></DDFldSecName><LFont><![CDATA[Trebuchet MS]]></LFont><LColor><![CDATA[#000000]]></LColor><LSize><![CDATA[10]]></LSize><LWeight><![CDATA[bold]]></LWeight><SubType /><Format /><LabStyle><![CDATA[labelStyleClass1]]></LabStyle><DataStyle><![CDATA[dataStyleClass1]]></DataStyle><Prefix /><FldColor /><SubLabelStyle /><DisplayMask><![CDATA[#.####]]></DisplayMask><DurationDisplayTokens /></Field><Field FId="8" SRow="4" RSpan="1" SCol="1" CSpan="1" NoLabel="0" Size="-1" ROnly="0" Border="0" Visible="1" ShowUom="0" GroupSeq="0" Width="0" TabOrder="0" MinSize="0" MaxSize="0" FldPos="2" DAlign="0" UIType="1" AtrSeq="1019" IconPos="0" ScoreType="0" HierarchicalParentFieldId="0" DefaultHierarchicalState="0" DeltaType="0" DeltaPrecision="0" UseCustomDisplay="0" ColumnUse="0" TextNoWrap="1" SmartSectionLocatorEnabled="0"><Name><![CDATA[triLanguageLI]]></Name><Type><![CDATA[List]]></Type><Label><![CDATA[Record Language]]></Label><Required><![CDATA[N]]></Required><DDFieldName><![CDATA[triLanguageLI]]></DDFieldName><DDFldSecName><![CDATA[General]]></DDFldSecName><LFont><![CDATA[Trebuchet MS]]></LFont><LColor><![CDATA[#000000]]></LColor><LSize><![CDATA[10]]></LSize><LWeight><![CDATA[bold]]></LWeight><SubType /><Format /><LabStyle><![CDATA[labelStyleClass1]]></LabStyle><DataStyle><![CDATA[dataStyleClass1]]></DataStyle><Prefix /><FldColor /><SubLabelStyle /><DisplayMask><![CDATA[#.####]]></DisplayMask><DurationDisplayTokens /></Field><Field FId="9" SRow="4" RSpan="1" SCol="2" CSpan="1" NoLabel="0" Size="0" ROnly="1" Border="1" Visible="1" ShowUom="0" GroupSeq="0" Width="0" TabOrder="0" MinSize="0" MaxSize="0" FldPos="2" DAlign="0" UIType="0" AtrSeq="1007" IconPos="0" ScoreType="0" HierarchicalParentFieldId="0" DefaultHierarchicalState="0" DeltaType="0" DeltaPrecision="0" UseCustomDisplay="0" ColumnUse="0" TextNoWrap="1" SmartSectionLocatorEnabled="0"><Name><![CDATA[triFormLabelSY]]></Name><Type><![CDATA[System Read Only]]></Type><Label><![CDATA[Record Form]]></Label><Required><![CDATA[N]]></Required><DDFieldName><![CDATA[triFormLabelSY]]></DDFieldName><DDFldSecName><![CDATA[General]]></DDFldSecName><LFont><![CDATA[Trebuchet MS]]></LFont><LColor><![CDATA[#000000]]></LColor><LSize><![CDATA[10]]></LSize><LWeight><![CDATA[Bold]]></LWeight><SubType><![CDATA[GUI Label]]></SubType><Format /><LabStyle><![CDATA[labelStyleClass1]]></LabStyle><DataStyle><![CDATA[dataStyleClass1]]></DataStyle><Prefix /><FldColor /><SubLabelStyle /><DisplayMask><![CDATA[#.####]]></DisplayMask><DurationDisplayTokens /></Field><Field FId="10" SRow="5" RSpan="1" SCol="1" CSpan="1" NoLabel="0" Size="0" ROnly="1" Border="1" Visible="1" ShowUom="0" GroupSeq="0" Width="0" TabOrder="0" MinSize="0" MaxSize="0" FldPos="2" DAlign="0" UIType="0" AtrSeq="1028" IconPos="0" ScoreType="0" HierarchicalParentFieldId="0" DefaultHierarchicalState="0" DeltaType="0" DeltaPrecision="0" UseCustomDisplay="0" ColumnUse="0" TextNoWrap="1" SmartSectionLocatorEnabled="0"><Name><![CDATA[triBusinessObjectLabelSY]]></Name><Type><![CDATA[System Read Only]]></Type><Label><![CDATA[Business Object Label]]></Label><Required><![CDATA[N]]></Required><DDFieldName><![CDATA[triBusinessObjectLabelSY]]></DDFieldName><DDFldSecName><![CDATA[General]]></DDFldSecName><LFont><![CDATA[Trebuchet MS]]></LFont><LColor><![CDATA[#000000]]></LColor><LSize><![CDATA[10]]></LSize><LWeight><![CDATA[Bold]]></LWeight><SubType><![CDATA[BO Label]]></SubType><Format /><LabStyle><![CDATA[labelStyleClass1]]></LabStyle><DataStyle><![CDATA[dataStyleClass1]]></DataStyle><Prefix /><FldColor /><SubLabelStyle /><DisplayMask><![CDATA[#.####]]></DisplayMask><DurationDisplayTokens /></Field><Field FId="11" SRow="5" RSpan="1" SCol="2" CSpan="1" NoLabel="0" Size="0" ROnly="1" Border="1" Visible="1" ShowUom="0" GroupSeq="0" Width="0" TabOrder="0" MinSize="0" MaxSize="0" FldPos="2" DAlign="0" UIType="0" AtrSeq="1013" IconPos="0" ScoreType="0" HierarchicalParentFieldId="0" DefaultHierarchicalState="0" DeltaType="0" DeltaPrecision="0" UseCustomDisplay="0" ColumnUse="0" TextNoWrap="1" SmartSectionLocatorEnabled="0"><Name><![CDATA[triRecordStateSY]]></Name><Type><![CDATA[System Read Only]]></Type><Label><![CDATA[Record State]]></Label><Required><![CDATA[N]]></Required><DDFieldName><![CDATA[triRecordStateSY]]></DDFieldName><DDFldSecName><![CDATA[General]]></DDFldSecName><LFont><![CDATA[Trebuchet MS]]></LFont><LColor><![CDATA[#000000]]></LColor><LSize><![CDATA[10]]></LSize><LWeight><![CDATA[Bold]]></LWeight><SubType><![CDATA[Object State]]></SubType><Format /><LabStyle><![CDATA[labelStyleClass1]]></LabStyle><DataStyle><![CDATA[dataStyleClass1]]></DataStyle><Prefix /><FldColor /><SubLabelStyle /><DisplayMask><![CDATA[#.####]]></DisplayMask><DurationDisplayTokens /></Field><Field FId="12" SRow="6" RSpan="1" SCol="1" CSpan="1" NoLabel="0" Size="0" ROnly="1" Border="1" Visible="1" ShowUom="0" GroupSeq="0" Width="0" TabOrder="0" MinSize="0" MaxSize="0" FldPos="2" DAlign="0" UIType="0" AtrSeq="1011" IconPos="0" ScoreType="0" HierarchicalParentFieldId="0" DefaultHierarchicalState="0" DeltaType="0" DeltaPrecision="0" UseCustomDisplay="0" ColumnUse="0" TextNoWrap="1" SmartSectionLocatorEnabled="0"><Name><![CDATA[triRecordIdSY]]></Name><Type><![CDATA[System Read Only]]></Type><Label><![CDATA[System Record ID]]></Label><Required><![CDATA[N]]></Required><DDFieldName><![CDATA[triRecordIdSY]]></DDFieldName><DDFldSecName><![CDATA[General]]></DDFldSecName><LFont><![CDATA[Trebuchet MS]]></LFont><LColor><![CDATA[#000000]]></LColor><LSize><![CDATA[10]]></LSize><LWeight><![CDATA[Bold]]></LWeight><SubType><![CDATA[BO Record Id]]></SubType><Format /><LabStyle><![CDATA[labelStyleClass1]]></LabStyle><DataStyle><![CDATA[dataStyleClass1]]></DataStyle><Prefix /><FldColor /><SubLabelStyle /><DisplayMask><![CDATA[#.####]]></DisplayMask><DurationDisplayTokens /></Field><Field FId="13" SRow="6" RSpan="1" SCol="2" CSpan="1" NoLabel="0" Size="0" ROnly="1" Border="1" Visible="1" ShowUom="0" GroupSeq="0" Width="0" TabOrder="0" MinSize="0" MaxSize="0" FldPos="2" DAlign="0" UIType="0" AtrSeq="1012" IconPos="0" ScoreType="0" HierarchicalParentFieldId="0" DefaultHierarchicalState="0" DeltaType="0" DeltaPrecision="0" UseCustomDisplay="0" ColumnUse="0" TextNoWrap="1" SmartSectionLocatorEnabled="0"><Name><![CDATA[triRecordNameSY]]></Name><Type><![CDATA[System Read Only]]></Type><Label><![CDATA[Record Name]]></Label><Required><![CDATA[N]]></Required><DDFieldName><![CDATA[triRecordNameSY]]></DDFieldName><DDFldSecName><![CDATA[General]]></DDFldSecName><LFont><![CDATA[Trebuchet MS]]></LFont><LColor><![CDATA[#000000]]></LColor><LSize><![CDATA[10]]></LSize><LWeight><![CDATA[Bold]]></LWeight><SubType><![CDATA[Record Name]]></SubType><Format /><LabStyle><![CDATA[labelStyleClass1]]></LabStyle><DataStyle><![CDATA[dataStyleClass1]]></DataStyle><Prefix /><FldColor /><SubLabelStyle /><DisplayMask><![CDATA[#.####]]></DisplayMask><DurationDisplayTokens /></Field><Field FId="14" SRow="7" RSpan="1" SCol="1" CSpan="1" NoLabel="0" Size="0" ROnly="1" Border="1" Visible="1" ShowUom="0" GroupSeq="0" Width="0" TabOrder="0" MinSize="0" MaxSize="0" FldPos="2" DAlign="0" UIType="0" AtrSeq="1015" IconPos="0" ScoreType="0" HierarchicalParentFieldId="0" DefaultHierarchicalState="0" DeltaType="0" DeltaPrecision="0" UseCustomDisplay="0" ColumnUse="0" TextNoWrap="1" SmartSectionLocatorEnabled="0"><Name><![CDATA[triCreatedSY]]></Name><Type><![CDATA[System Read Only]]></Type><Label><![CDATA[Created Date/Time]]></Label><Required><![CDATA[N]]></Required><DDFieldName><![CDATA[triCreatedSY]]></DDFieldName><DDFldSecName><![CDATA[General]]></DDFldSecName><LFont><![CDATA[Trebuchet MS]]></LFont><LColor><![CDATA[#000000]]></LColor><LSize><![CDATA[10]]></LSize><LWeight><![CDATA[Bold]]></LWeight><SubType><![CDATA[Created DateTime (Number)]]></SubType><Format /><LabStyle><![CDATA[labelStyleClass1]]></LabStyle><DataStyle><![CDATA[dataStyleClass1]]></DataStyle><Prefix /><FldColor /><SubLabelStyle /><DisplayMask><![CDATA[#.####]]></DisplayMask><DurationDisplayTokens /></Field><Field FId="15" SRow="7" RSpan="1" SCol="2" CSpan="1" NoLabel="0" Size="0" ROnly="1" Border="1" Visible="1" ShowUom="0" GroupSeq="0" Width="0" TabOrder="0" MinSize="0" MaxSize="0" FldPos="2" DAlign="0" UIType="0" AtrSeq="1016" IconPos="0" ScoreType="0" HierarchicalParentFieldId="0" DefaultHierarchicalState="0" DeltaType="0" DeltaPrecision="0" UseCustomDisplay="0" ColumnUse="0" TextNoWrap="1" SmartSectionLocatorEnabled="0"><Name><![CDATA[triModifiedSY]]></Name><Type><![CDATA[System Read Only]]></Type><Label><![CDATA[Modified Date/Time]]></Label><Required><![CDATA[N]]></Required><DDFieldName><![CDATA[triModifiedSY]]></DDFieldName><DDFldSecName><![CDATA[General]]></DDFldSecName><LFont><![CDATA[Trebuchet MS]]></LFont><LColor><![CDATA[#000000]]></LColor><LSize><![CDATA[10]]></LSize><LWeight><![CDATA[Bold]]></LWeight><SubType><![CDATA[Modified DateTime (Number)]]></SubType><Format /><LabStyle><![CDATA[labelStyleClass1]]></LabStyle><DataStyle><![CDATA[dataStyleClass1]]></DataStyle><Prefix /><FldColor /><SubLabelStyle /><DisplayMask><![CDATA[#.####]]></DisplayMask><DurationDisplayTokens /></Field></Fields></Section></Sections></Tab></Tabs><StateTransitions><StateTransition CloseScr="0" Display="1" ReadOnly="0" Seq="0" StateSeq="0" NStateSeq="1" TabId="-1" SecAction="0"><State><![CDATA[null]]></State><Action><![CDATA[triCreateDraft]]></Action><NState><![CDATA[triDraft]]></NState><ActLabel><![CDATA[Create Draft]]></ActLabel><AccessKey /></StateTransition><StateTransition CloseScr="0" Display="1" ReadOnly="0" Seq="1" StateSeq="1" NStateSeq="2" TabId="-1" SecAction="0"><State><![CDATA[triDraft]]></State><Action><![CDATA[triAccept]]></Action><NState><![CDATA[triAccepted]]></NState><ActLabel><![CDATA[Accept]]></ActLabel><AccessKey /></StateTransition><StateTransition CloseScr="0" Display="1" ReadOnly="0" Seq="2" StateSeq="1" NStateSeq="3" TabId="-1" SecAction="0"><State><![CDATA[triDraft]]></State><Action><![CDATA[triReject]]></Action><NState><![CDATA[triRejected]]></NState><ActLabel><![CDATA[Reject]]></ActLabel><AccessKey /></StateTransition><StateTransition CloseScr="0" Display="0" ReadOnly="0" Seq="3" StateSeq="2" NStateSeq="0" TabId="0" SecAction="0"><State><![CDATA[triAccepted]]></State><Action><![CDATA[triDelete]]></Action><NState><![CDATA[null]]></NState><ActLabel><![CDATA[Delete]]></ActLabel><AccessKey /></StateTransition><StateTransition CloseScr="0" Display="1" ReadOnly="0" Seq="4" StateSeq="3" NStateSeq="0" TabId="-1" SecAction="0"><State><![CDATA[triRejected]]></State><Action><![CDATA[triDelete]]></Action><NState><![CDATA[null]]></NState><ActLabel><![CDATA[Delete]]></ActLabel><AccessKey /></StateTransition></StateTransitions></GUI>
