<?xml version="1.0" encoding="UTF-8"?>
<!-- IBM Confidential OCO Source Materials --><!-- (C) COPYRIGHT IBM CORP. 2011-2022 --><!-- The source code for this program is not published or otherwise divested of its trade secrets, irrespective of what has been deposited with the U.S. Copyright Office. --><Query><Header Scope="0" TagIdentifier="null" Type="1" RandomCnt="0" FixedColCnt="0" ResultSize="0" ColorBy="0" ShowInWebGraphics="1" SumAllForColorBy="0" DScope="1" Editable="0" GraphType="1" DisplayLegend="1" EnableProjectSwitch="0" ChildColumnDisplay="0" SystemFlag="1" TrackHistory="0"><ObjectLabelName><![CDATA[In Progress 0.0]]></ObjectLabelName><Name><![CDATA[triAPICPeople - OSLC - Outbound]]></Name><Module><![CDATA[triPeople]]></Module><BO><![CDATA[triPeople]]></BO><Number /><Description /><HeaderStr><![CDATA[APIC People Outbound]]></HeaderStr><PromptBeforeQuery><![CDATA[0]]></PromptBeforeQuery><Queued><![CDATA[0]]></Queued><XTitle /><YTitle /><RecState /><TabularOutput><![CDATA[0]]></TabularOutput><AssociatedField /><UpdatedBy><![CDATA[System, System]]></UpdatedBy><ScorecardTargetOption><![CDATA[0]]></ScorecardTargetOption></Header><BoDataSources><BoDataSource><DSID><![CDATA[1]]></DSID><AssociatedMod><![CDATA[Organization]]></AssociatedMod><AssociatedBO><![CDATA[Organization]]></AssociatedBO><ParentDS><![CDATA[0]]></ParentDS><AssocString><![CDATA[Primary Organization]]></AssocString><PrimaryAssocFlag><![CDATA[1]]></PrimaryAssocFlag></BoDataSource><BoDataSource><DSID><![CDATA[2]]></DSID><AssociatedMod><![CDATA[Location]]></AssociatedMod><AssociatedBO><![CDATA[triSpace]]></AssociatedBO><ParentDS><![CDATA[0]]></ParentDS><AssocString><![CDATA[Primary Location]]></AssocString><PrimaryAssocFlag><![CDATA[0]]></PrimaryAssocFlag></BoDataSource><BoDataSource><DSID><![CDATA[3]]></DSID><AssociatedMod><![CDATA[triAsset]]></AssociatedMod><AssociatedBO><![CDATA[triBuildingEquipment]]></AssociatedBO><ParentDS><![CDATA[1]]></ParentDS><AssocString><![CDATA[Accepts]]></AssocString><PrimaryAssocFlag><![CDATA[0]]></PrimaryAssocFlag></BoDataSource></BoDataSources><Bos><BO><Name><![CDATA[triPeople]]></Name><Module><![CDATA[triPeople]]></Module><DSID><![CDATA[0]]></DSID></BO><BO><Name><![CDATA[Organization]]></Name><Module><![CDATA[Organization]]></Module><DSID><![CDATA[1]]></DSID></BO><BO><Name><![CDATA[triSpace]]></Name><Module><![CDATA[Location]]></Module><DSID><![CDATA[2]]></DSID></BO><BO><Name><![CDATA[triLand]]></Name><Module><![CDATA[Location]]></Module><DSID><![CDATA[2]]></DSID></BO><BO><Name><![CDATA[triProperty]]></Name><Module><![CDATA[Location]]></Module><DSID><![CDATA[2]]></DSID></BO><BO><Name><![CDATA[Location]]></Name><Module><![CDATA[Location]]></Module><DSID><![CDATA[2]]></DSID></BO><BO><Name><![CDATA[triVerticalShaft]]></Name><Module><![CDATA[Location]]></Module><DSID><![CDATA[2]]></DSID></BO><BO><Name><![CDATA[triInstallation]]></Name><Module><![CDATA[Location]]></Module><DSID><![CDATA[2]]></DSID></BO><BO><Name><![CDATA[triBuilding]]></Name><Module><![CDATA[Location]]></Module><DSID><![CDATA[2]]></DSID></BO><BO><Name><![CDATA[triPlannedFloor]]></Name><Module><![CDATA[Location]]></Module><DSID><![CDATA[2]]></DSID></BO><BO><Name><![CDATA[triFloor]]></Name><Module><![CDATA[Location]]></Module><DSID><![CDATA[2]]></DSID></BO><BO><Name><![CDATA[triProposedSite]]></Name><Module><![CDATA[Location]]></Module><DSID><![CDATA[2]]></DSID></BO><BO><Name><![CDATA[triPlannedSpace]]></Name><Module><![CDATA[Location]]></Module><DSID><![CDATA[2]]></DSID></BO><BO><Name><![CDATA[triOfficeEquipment]]></Name><Module><![CDATA[triAsset]]></Module><DSID><![CDATA[3]]></DSID></BO><BO><Name><![CDATA[triSoftwareLicense]]></Name><Module><![CDATA[triAsset]]></Module><DSID><![CDATA[3]]></DSID></BO><BO><Name><![CDATA[triVehicles]]></Name><Module><![CDATA[triAsset]]></Module><DSID><![CDATA[3]]></DSID></BO><BO><Name><![CDATA[triTechnologyAssets]]></Name><Module><![CDATA[triAsset]]></Module><DSID><![CDATA[3]]></DSID></BO><BO><Name><![CDATA[triBuildingEquipment]]></Name><Module><![CDATA[triAsset]]></Module><DSID><![CDATA[3]]></DSID></BO><BO><Name><![CDATA[triCore]]></Name><Module><![CDATA[triAsset]]></Module><DSID><![CDATA[3]]></DSID></BO><BO><Name><![CDATA[triFurniture]]></Name><Module><![CDATA[triAsset]]></Module><DSID><![CDATA[3]]></DSID></BO><BO><Name><![CDATA[triKey]]></Name><Module><![CDATA[triAsset]]></Module><DSID><![CDATA[3]]></DSID></BO><BO><Name><![CDATA[triKeyRing]]></Name><Module><![CDATA[triAsset]]></Module><DSID><![CDATA[3]]></DSID></BO><BO><Name><![CDATA[triLocks]]></Name><Module><![CDATA[triAsset]]></Module><DSID><![CDATA[3]]></DSID></BO><BO><Name><![CDATA[triTelephones]]></Name><Module><![CDATA[triAsset]]></Module><DSID><![CDATA[3]]></DSID></BO><BO><Name><![CDATA[triToolsandTestEquipment]]></Name><Module><![CDATA[triAsset]]></Module><DSID><![CDATA[3]]></DSID></BO><BO><Name><![CDATA[triAsset]]></Name><Module><![CDATA[triAsset]]></Module><DSID><![CDATA[3]]></DSID></BO><BO><Name><![CDATA[triWorkAreaOutlets]]></Name><Module><![CDATA[triAsset]]></Module><DSID><![CDATA[3]]></DSID></BO></Bos><GUIs><GUI><Name><![CDATA[triEmployee]]></Name><Module><![CDATA[triPeople]]></Module></GUI><GUI><Name><![CDATA[triConsultant]]></Name><Module><![CDATA[triPeople]]></Module></GUI><GUI><Name><![CDATA[triExternalContact]]></Name><Module><![CDATA[triPeople]]></Module></GUI></GUIs><Columns><Column Type="1" DType="320" FiltType="0" Seq="0" ConditionalFilter="0" FilterLocalizedData="0"><SecName><![CDATA[Detail]]></SecName><SecondarySecName /><FldLabel><![CDATA[HR ID]]></FldLabel><FldName><![CDATA[triIdTX]]></FldName><FiltVAl /><NumOpenParens><![CDATA[0]]></NumOpenParens><NumCloseParens><![CDATA[0]]></NumCloseParens><BooleanOperatorType><![CDATA[0]]></BooleanOperatorType><groupDatesBy><![CDATA[0]]></groupDatesBy><sourceTabularRepName /><LegendColumn><![CDATA[0]]></LegendColumn><defaultFlag><![CDATA[0]]></defaultFlag><DSID><![CDATA[0]]></DSID></Column><Column Type="1" DType="320" FiltType="0" Seq="1" ConditionalFilter="0" FilterLocalizedData="0"><SecName><![CDATA[Detail]]></SecName><SecondarySecName /><FldLabel><![CDATA[First Name]]></FldLabel><FldName><![CDATA[triFirstNameTX]]></FldName><FiltVAl /><NumOpenParens><![CDATA[0]]></NumOpenParens><NumCloseParens><![CDATA[0]]></NumCloseParens><BooleanOperatorType><![CDATA[0]]></BooleanOperatorType><groupDatesBy><![CDATA[0]]></groupDatesBy><sourceTabularRepName /><LegendColumn><![CDATA[0]]></LegendColumn><defaultFlag><![CDATA[0]]></defaultFlag><DSID><![CDATA[0]]></DSID></Column><Column Type="1" DType="320" FiltType="0" Seq="2" ConditionalFilter="0" FilterLocalizedData="0"><SecName><![CDATA[Detail]]></SecName><SecondarySecName /><FldLabel><![CDATA[Last Name]]></FldLabel><FldName><![CDATA[triLastNameTX]]></FldName><FiltVAl /><NumOpenParens><![CDATA[0]]></NumOpenParens><NumCloseParens><![CDATA[0]]></NumCloseParens><BooleanOperatorType><![CDATA[0]]></BooleanOperatorType><groupDatesBy><![CDATA[0]]></groupDatesBy><sourceTabularRepName /><LegendColumn><![CDATA[0]]></LegendColumn><defaultFlag><![CDATA[0]]></defaultFlag><DSID><![CDATA[0]]></DSID></Column><Column Type="1" DType="330" FiltType="0" Seq="3" ConditionalFilter="0" FilterLocalizedData="0"><SecName><![CDATA[Detail]]></SecName><SecondarySecName /><FldLabel><![CDATA[Active Start Date]]></FldLabel><FldName><![CDATA[triActiveStartDA]]></FldName><FiltVAl /><NumOpenParens><![CDATA[0]]></NumOpenParens><NumCloseParens><![CDATA[0]]></NumCloseParens><BooleanOperatorType><![CDATA[0]]></BooleanOperatorType><groupDatesBy><![CDATA[0]]></groupDatesBy><sourceTabularRepName /><LegendColumn><![CDATA[0]]></LegendColumn><defaultFlag><![CDATA[0]]></defaultFlag><DSID><![CDATA[0]]></DSID></Column><Column Type="1" DType="330" FiltType="0" Seq="4" ConditionalFilter="0" FilterLocalizedData="0"><SecName><![CDATA[Detail]]></SecName><SecondarySecName /><FldLabel><![CDATA[Active End Date]]></FldLabel><FldName><![CDATA[triActiveEndDA]]></FldName><FiltVAl /><NumOpenParens><![CDATA[0]]></NumOpenParens><NumCloseParens><![CDATA[0]]></NumCloseParens><BooleanOperatorType><![CDATA[0]]></BooleanOperatorType><groupDatesBy><![CDATA[0]]></groupDatesBy><sourceTabularRepName /><LegendColumn><![CDATA[0]]></LegendColumn><defaultFlag><![CDATA[0]]></defaultFlag><DSID><![CDATA[0]]></DSID></Column><Column Type="1" DType="320" FiltType="0" Seq="5" ConditionalFilter="0" FilterLocalizedData="0"><SecName><![CDATA[Detail]]></SecName><SecondarySecName /><FldLabel><![CDATA[Status]]></FldLabel><FldName><![CDATA[triStatusCL]]></FldName><FiltVAl /><NumOpenParens><![CDATA[0]]></NumOpenParens><NumCloseParens><![CDATA[0]]></NumCloseParens><BooleanOperatorType><![CDATA[0]]></BooleanOperatorType><groupDatesBy><![CDATA[0]]></groupDatesBy><sourceTabularRepName /><LegendColumn><![CDATA[0]]></LegendColumn><defaultFlag><![CDATA[0]]></defaultFlag><DSID><![CDATA[0]]></DSID></Column><Column Type="1" DType="320" FiltType="0" Seq="6" ConditionalFilter="0" FilterLocalizedData="0"><SecName><![CDATA[Detail]]></SecName><SecondarySecName /><FldLabel><![CDATA[Address]]></FldLabel><FldName><![CDATA[triAddressTX]]></FldName><FiltVAl /><NumOpenParens><![CDATA[0]]></NumOpenParens><NumCloseParens><![CDATA[0]]></NumCloseParens><BooleanOperatorType><![CDATA[0]]></BooleanOperatorType><groupDatesBy><![CDATA[0]]></groupDatesBy><sourceTabularRepName /><LegendColumn><![CDATA[0]]></LegendColumn><defaultFlag><![CDATA[0]]></defaultFlag><DSID><![CDATA[0]]></DSID></Column><Column Type="1" DType="320" FiltType="0" Seq="7" ConditionalFilter="0" FilterLocalizedData="0"><SecName><![CDATA[Detail]]></SecName><SecondarySecName /><FldLabel><![CDATA[City]]></FldLabel><FldName><![CDATA[triCityTX]]></FldName><FiltVAl /><NumOpenParens><![CDATA[0]]></NumOpenParens><NumCloseParens><![CDATA[0]]></NumCloseParens><BooleanOperatorType><![CDATA[0]]></BooleanOperatorType><groupDatesBy><![CDATA[0]]></groupDatesBy><sourceTabularRepName /><LegendColumn><![CDATA[0]]></LegendColumn><defaultFlag><![CDATA[0]]></defaultFlag><DSID><![CDATA[0]]></DSID></Column><Column Type="1" DType="320" FiltType="0" Seq="8" ConditionalFilter="0" FilterLocalizedData="0"><SecName><![CDATA[Detail]]></SecName><SecondarySecName /><FldLabel><![CDATA[Country]]></FldLabel><FldName><![CDATA[triCountryTX]]></FldName><FiltVAl /><NumOpenParens><![CDATA[0]]></NumOpenParens><NumCloseParens><![CDATA[0]]></NumCloseParens><BooleanOperatorType><![CDATA[0]]></BooleanOperatorType><groupDatesBy><![CDATA[0]]></groupDatesBy><sourceTabularRepName /><LegendColumn><![CDATA[0]]></LegendColumn><defaultFlag><![CDATA[0]]></defaultFlag><DSID><![CDATA[0]]></DSID></Column><Column Type="1" DType="320" FiltType="0" Seq="9" ConditionalFilter="0" FilterLocalizedData="0"><SecName><![CDATA[Detail]]></SecName><SecondarySecName /><FldLabel><![CDATA[State/Province]]></FldLabel><FldName><![CDATA[triStateProvTX]]></FldName><FiltVAl /><NumOpenParens><![CDATA[0]]></NumOpenParens><NumCloseParens><![CDATA[0]]></NumCloseParens><BooleanOperatorType><![CDATA[0]]></BooleanOperatorType><groupDatesBy><![CDATA[0]]></groupDatesBy><sourceTabularRepName /><LegendColumn><![CDATA[0]]></LegendColumn><defaultFlag><![CDATA[0]]></defaultFlag><DSID><![CDATA[0]]></DSID></Column><Column Type="1" DType="320" FiltType="0" Seq="10" ConditionalFilter="0" FilterLocalizedData="0"><SecName><![CDATA[Detail]]></SecName><SecondarySecName /><FldLabel><![CDATA[Zip/Postal Code]]></FldLabel><FldName><![CDATA[triZipPostalTX]]></FldName><FiltVAl /><NumOpenParens><![CDATA[0]]></NumOpenParens><NumCloseParens><![CDATA[0]]></NumCloseParens><BooleanOperatorType><![CDATA[0]]></BooleanOperatorType><groupDatesBy><![CDATA[0]]></groupDatesBy><sourceTabularRepName /><LegendColumn><![CDATA[0]]></LegendColumn><defaultFlag><![CDATA[0]]></defaultFlag><DSID><![CDATA[0]]></DSID></Column><Column Type="1" DType="320" FiltType="0" Seq="11" ConditionalFilter="0" FilterLocalizedData="0"><SecName><![CDATA[Detail]]></SecName><SecondarySecName /><FldLabel><![CDATA[eMail]]></FldLabel><FldName><![CDATA[triEmailTX]]></FldName><FiltVAl /><NumOpenParens><![CDATA[0]]></NumOpenParens><NumCloseParens><![CDATA[0]]></NumCloseParens><BooleanOperatorType><![CDATA[0]]></BooleanOperatorType><groupDatesBy><![CDATA[0]]></groupDatesBy><sourceTabularRepName /><LegendColumn><![CDATA[0]]></LegendColumn><defaultFlag><![CDATA[0]]></defaultFlag><DSID><![CDATA[0]]></DSID></Column><Column Type="1" DType="320" FiltType="0" Seq="12" ConditionalFilter="0" FilterLocalizedData="0"><SecName><![CDATA[Detail]]></SecName><SecondarySecName /><FldLabel><![CDATA[Work Phone]]></FldLabel><FldName><![CDATA[triWorkPhoneTX]]></FldName><FiltVAl /><NumOpenParens><![CDATA[0]]></NumOpenParens><NumCloseParens><![CDATA[0]]></NumCloseParens><BooleanOperatorType><![CDATA[0]]></BooleanOperatorType><groupDatesBy><![CDATA[0]]></groupDatesBy><sourceTabularRepName /><LegendColumn><![CDATA[0]]></LegendColumn><defaultFlag><![CDATA[0]]></defaultFlag><DSID><![CDATA[0]]></DSID></Column><Column Type="1" DType="320" FiltType="0" Seq="13" ConditionalFilter="0" FilterLocalizedData="0"><SecName><![CDATA[Detail]]></SecName><SecondarySecName /><FldLabel><![CDATA[Form Name]]></FldLabel><FldName><![CDATA[triFormNameSY]]></FldName><FiltVAl /><NumOpenParens><![CDATA[0]]></NumOpenParens><NumCloseParens><![CDATA[0]]></NumCloseParens><BooleanOperatorType><![CDATA[0]]></BooleanOperatorType><groupDatesBy><![CDATA[0]]></groupDatesBy><sourceTabularRepName /><LegendColumn><![CDATA[0]]></LegendColumn><defaultFlag><![CDATA[0]]></defaultFlag><DSID><![CDATA[0]]></DSID></Column><Column Type="1" DType="320" FiltType="0" Seq="14" ConditionalFilter="0" FilterLocalizedData="0"><SecName><![CDATA[General]]></SecName><SecondarySecName /><FldLabel><![CDATA[Organization Record ID]]></FldLabel><FldName><![CDATA[triRecordIdSY]]></FldName><FiltVAl /><NumOpenParens><![CDATA[0]]></NumOpenParens><NumCloseParens><![CDATA[0]]></NumCloseParens><BooleanOperatorType><![CDATA[0]]></BooleanOperatorType><groupDatesBy><![CDATA[0]]></groupDatesBy><sourceTabularRepName /><LegendColumn><![CDATA[0]]></LegendColumn><defaultFlag><![CDATA[0]]></defaultFlag><DSID><![CDATA[1]]></DSID></Column><Column Type="1" DType="320" FiltType="0" Seq="15" ConditionalFilter="0" FilterLocalizedData="0"><SecName><![CDATA[General]]></SecName><SecondarySecName /><FldLabel><![CDATA[Organization Name]]></FldLabel><FldName><![CDATA[triNameTX]]></FldName><FiltVAl /><NumOpenParens><![CDATA[0]]></NumOpenParens><NumCloseParens><![CDATA[0]]></NumCloseParens><BooleanOperatorType><![CDATA[0]]></BooleanOperatorType><groupDatesBy><![CDATA[0]]></groupDatesBy><sourceTabularRepName /><LegendColumn><![CDATA[0]]></LegendColumn><defaultFlag><![CDATA[0]]></defaultFlag><DSID><![CDATA[1]]></DSID></Column><Column Type="1" DType="320" FiltType="0" Seq="16" ConditionalFilter="0" FilterLocalizedData="0"><SecName><![CDATA[General]]></SecName><SecondarySecName /><FldLabel><![CDATA[Organization Hierarchy Path]]></FldLabel><FldName><![CDATA[triPathTX]]></FldName><FiltVAl /><NumOpenParens><![CDATA[0]]></NumOpenParens><NumCloseParens><![CDATA[0]]></NumCloseParens><BooleanOperatorType><![CDATA[0]]></BooleanOperatorType><groupDatesBy><![CDATA[0]]></groupDatesBy><sourceTabularRepName /><LegendColumn><![CDATA[0]]></LegendColumn><defaultFlag><![CDATA[0]]></defaultFlag><DSID><![CDATA[1]]></DSID></Column><Column Type="1" DType="320" FiltType="0" Seq="17" ConditionalFilter="0" FilterLocalizedData="0"><SecName><![CDATA[RecordInformation]]></SecName><SecondarySecName /><FldLabel><![CDATA[Location Record ID]]></FldLabel><FldName><![CDATA[triRecordIdSY]]></FldName><FiltVAl /><NumOpenParens><![CDATA[0]]></NumOpenParens><NumCloseParens><![CDATA[0]]></NumCloseParens><BooleanOperatorType><![CDATA[0]]></BooleanOperatorType><groupDatesBy><![CDATA[0]]></groupDatesBy><sourceTabularRepName /><LegendColumn><![CDATA[0]]></LegendColumn><defaultFlag><![CDATA[0]]></defaultFlag><DSID><![CDATA[2]]></DSID></Column><Column Type="1" DType="320" FiltType="0" Seq="18" ConditionalFilter="0" FilterLocalizedData="0"><SecName><![CDATA[RecordInformation]]></SecName><SecondarySecName /><FldLabel><![CDATA[Location Name]]></FldLabel><FldName><![CDATA[triNameTX]]></FldName><FiltVAl /><NumOpenParens><![CDATA[0]]></NumOpenParens><NumCloseParens><![CDATA[0]]></NumCloseParens><BooleanOperatorType><![CDATA[0]]></BooleanOperatorType><groupDatesBy><![CDATA[0]]></groupDatesBy><sourceTabularRepName /><LegendColumn><![CDATA[0]]></LegendColumn><defaultFlag><![CDATA[0]]></defaultFlag><DSID><![CDATA[2]]></DSID></Column><Column Type="1" DType="320" FiltType="0" Seq="19" ConditionalFilter="0" FilterLocalizedData="0"><SecName><![CDATA[RecordInformation]]></SecName><SecondarySecName /><FldLabel><![CDATA[Location Hierarchy Path]]></FldLabel><FldName><![CDATA[triPathTX]]></FldName><FiltVAl /><NumOpenParens><![CDATA[0]]></NumOpenParens><NumCloseParens><![CDATA[0]]></NumCloseParens><BooleanOperatorType><![CDATA[0]]></BooleanOperatorType><groupDatesBy><![CDATA[0]]></groupDatesBy><sourceTabularRepName /><LegendColumn><![CDATA[0]]></LegendColumn><defaultFlag><![CDATA[0]]></defaultFlag><DSID><![CDATA[2]]></DSID></Column><Column Type="3" DType="330" FiltType="1" Seq="0" ConditionalFilter="0" FilterLocalizedData="0"><SecName><![CDATA[General]]></SecName><SecondarySecName /><FldLabel><![CDATA[Created Date/Time]]></FldLabel><FldName><![CDATA[triCreatedSY]]></FldName><FiltVAl /><NumOpenParens><![CDATA[0]]></NumOpenParens><NumCloseParens><![CDATA[0]]></NumCloseParens><BooleanOperatorType><![CDATA[0]]></BooleanOperatorType><groupDatesBy><![CDATA[0]]></groupDatesBy><sourceTabularRepName /><LegendColumn><![CDATA[0]]></LegendColumn><defaultFlag><![CDATA[0]]></defaultFlag><DSID><![CDATA[0]]></DSID></Column></Columns></Query>
