<?xml version="1.0" encoding="UTF-8"?>
<!-- IBM Confidential OCO Source Materials --><!-- (C) COPYRIGHT IBM CORP. 2011-2022 --><!-- The source code for this program is not published or otherwise divested of its trade secrets, irrespective of what has been deposited with the U.S. Copyright Office. --><BoRecords>     <BoRecord BoId="10026946" RecordId="-1" BoName="triOslcShape" GUIId="10038745" GUIName="triOslcShape" ModuleId="24425" ModuleName="triOslc" CompanyId="208133" ParentName="" ActionName="" ObjState="created" SourceId="15239612">
<BoSectionName NameValue="System Info">
                     <Review___Status>
                         
                     </Review___Status>
                     <Prior___State>
                         created
                     </Prior___State>
                     <LocationId>
                         
                     </LocationId>
                     <OrganizationId>
                         
                     </OrganizationId>
                     <GeographyId>
                         
                     </GeographyId>
                     <CreatedBy>
                         221931
                     </CreatedBy>
                     <ModifiedBy>
                         
                     </ModifiedBy>
                     <CreatedTime>
                         1666621493050
                     </CreatedTime>
                     <ModifiedTime>
                         1666621657170
                     </ModifiedTime>
                     <Type>
                         10026946
                     </Type>
                     <Parent>
                         
                     </Parent>
         </BoSectionName>
<BoSectionName NameValue="General">
                     <triRecordIdSY>
                         15239612
                     </triRecordIdSY>
                     <triModifiedDateTimeNumberSY>
                         1666621657170
                     </triModifiedDateTimeNumberSY>
                     <triIdTX>
                         triAPICAssociatedRecordRS
                     </triIdTX>
                     <triModuleLI>
                         triAPIConnect
                     </triModuleLI>
                     <triBOLI>
                         APIC Associated Record (triAPICAssociatedRecord)
                     </triBOLI>
                     <LocationName>
                         
                     </LocationName>
                     <triQueryListLI>
                         triAPICAssociatedRecord - OSLC - Properties
                     </triQueryListLI>
                     <OrgName>
                         
                     </OrgName>
                     <triTitleTX>
                         triAPICAssociatedRecordRS
                     </triTitleTX>
                     <GeographyName>
                         
                     </GeographyName>
                     <triIsAssociatedBL>
                         FALSE
                     </triIsAssociatedBL>
                     <triUsageTX>
                         
                     </triUsageTX>
                     <triQueryPerModuleLI>
                         
                     </triQueryPerModuleLI>
                     <triNamespaceTX>
                         http://jazz.net/ns/ism/smarter_physical_infrastructure#
                     </triNamespaceTX>
                     <triResourceTypeTX>
                         
                     </triResourceTypeTX>
                     <triHideActionsTX>
                         
                     </triHideActionsTX>
                     <triConstructedUrlTX>
                         /oslc/shapes/triAPICAssociatedRecordRS
                     </triConstructedUrlTX>
                     <triConstructedUrlHiddenTX>
                         /oslc/shapes/triAPICAssociatedRecordRS
                     </triConstructedUrlHiddenTX>
                     <triDefaultFormLI>
                         APIC Associated Record (triAPICAssociatedRecord)
                     </triDefaultFormLI>
                     <triNameTX>
                         triAPICAssociatedRecordRS
                     </triNameTX>
                     <triEnglishOnlyBL>
                         FALSE
                     </triEnglishOnlyBL>
                     <triIgnoreActionBL>
                         FALSE
                     </triIgnoreActionBL>
         </BoSectionName>
<Associations><Association><Name><![CDATA[Contains]]></Name><TargetModule><![CDATA[triOslc]]></TargetModule><TargetBo><![CDATA[triOslcPrefixDefinition]]></TargetBo><TargetObjectName><![CDATA[\spi - http://jazz.net/ns/ism/smarter_physical_infrastructure#]]></TargetObjectName></Association><Association><Name><![CDATA[Contains]]></Name><TargetModule><![CDATA[triOslc]]></TargetModule><TargetBo><![CDATA[triOslcProperty]]></TargetBo><TargetObjectName><![CDATA[\triDescriptionTX-triAPICAssociatedRecordRS-General-0]]></TargetObjectName></Association><Association><Name><![CDATA[Contains]]></Name><TargetModule><![CDATA[triOslc]]></TargetModule><TargetBo><![CDATA[triOslcProperty]]></TargetBo><TargetObjectName><![CDATA[\triUserMessageTX-triAPICAssociatedRecordRS-General-0]]></TargetObjectName></Association><Association><Name><![CDATA[Contains]]></Name><TargetModule><![CDATA[triOslc]]></TargetModule><TargetBo><![CDATA[triOslcProperty]]></TargetBo><TargetObjectName><![CDATA[\triTRIRIGAIDTX-triAPICAssociatedRecordRS-General-0]]></TargetObjectName></Association><Association><Name><![CDATA[Contains]]></Name><TargetModule><![CDATA[triOslc]]></TargetModule><TargetBo><![CDATA[triOslcProperty]]></TargetBo><TargetObjectName><![CDATA[\triSubOperationTX-triAPICAssociatedRecordRS-General-0]]></TargetObjectName></Association><Association><Name><![CDATA[Contains]]></Name><TargetModule><![CDATA[triOslc]]></TargetModule><TargetBo><![CDATA[triOslcProperty]]></TargetBo><TargetObjectName><![CDATA[\triRecordIdSY-triAPICAssociatedRecordRS-General-0]]></TargetObjectName></Association><Association><Name><![CDATA[Contains]]></Name><TargetModule><![CDATA[triOslc]]></TargetModule><TargetBo><![CDATA[triOslcProperty]]></TargetBo><TargetObjectName><![CDATA[\triRateNU-triAPICAssociatedRecordRS-General-0]]></TargetObjectName></Association><Association><Name><![CDATA[Contains]]></Name><TargetModule><![CDATA[triOslc]]></TargetModule><TargetBo><![CDATA[triOslcProperty]]></TargetBo><TargetObjectName><![CDATA[\triOperationTX-triAPICAssociatedRecordRS-General-0]]></TargetObjectName></Association><Association><Name><![CDATA[Contains]]></Name><TargetModule><![CDATA[triOslc]]></TargetModule><TargetBo><![CDATA[triOslcProperty]]></TargetBo><TargetObjectName><![CDATA[\triNameTX-triAPICAssociatedRecordRS-General-0]]></TargetObjectName></Association><Association><Name><![CDATA[Contains]]></Name><TargetModule><![CDATA[triOslc]]></TargetModule><TargetBo><![CDATA[triOslcProperty]]></TargetBo><TargetObjectName><![CDATA[\triExternalReferenceTX-triAPICAssociatedRecordRS-General-0]]></TargetObjectName></Association><Association><Name><![CDATA[Contains]]></Name><TargetModule><![CDATA[triOslc]]></TargetModule><TargetBo><![CDATA[triOslcProperty]]></TargetBo><TargetObjectName><![CDATA[\triExpenditureTypeCL-triAPICAssociatedRecordRS-General-0]]></TargetObjectName></Association></Associations>     </BoRecord>
</BoRecords>
