<?xml version="1.0" encoding="UTF-8"?>
<!-- IBM Confidential OCO Source Materials --><!-- (C) COPYRIGHT IBM CORP. 2011-2022 --><!-- The source code for this program is not published or otherwise divested of its trade secrets, irrespective of what has been deposited with the U.S. Copyright Office. --><BoRecords>     <BoRecord BoId="10032448" RecordId="-1" BoName="triAPICTimestamp" GUIId="10045050" GUIName="triAPICTimestamp" ModuleId="27125" ModuleName="triAPIConnect" CompanyId="208133" ParentName="" ActionName="" ObjState="triDraft" SourceId="15239656">
<BoSectionName NameValue="System Info">
                     <Review___Status>
                         
                     </Review___Status>
                     <Prior___State>
                         triDraft
                     </Prior___State>
                     <LocationId>
                         
                     </LocationId>
                     <OrganizationId>
                         
                     </OrganizationId>
                     <GeographyId>
                         
                     </GeographyId>
                     <CreatedBy>
                         221931
                     </CreatedBy>
                     <ModifiedBy>
                         
                     </ModifiedBy>
                     <CreatedTime>
                         1666621497613
                     </CreatedTime>
                     <ModifiedTime>
                         1666621663470
                     </ModifiedTime>
                     <Type>
                         10032448
                     </Type>
                     <Parent>
                         
                     </Parent>
         </BoSectionName>
<BoSectionName NameValue="General">
                     <triFromExternalBL>
                         FALSE
                     </triFromExternalBL>
                     <triFetchBuildingDateTimeDT>
                         
                     </triFetchBuildingDateTimeDT>
                     <triFetchPeopleDateTimeDT>
                         
                     </triFetchPeopleDateTimeDT>
                     <triFetchWorkTaskDateTimeDT>
                         
                     </triFetchWorkTaskDateTimeDT>
                     <triBusinessObjectLabelSY>
                         APIC Timestamp
                     </triBusinessObjectLabelSY>
                     <triBusinessObjectNameSY>
                         triAPICTimestamp
                     </triBusinessObjectNameSY>
                     <triControlNumberCN>
                         1000001
                     </triControlNumberCN>
                     <triCreatedByTX>
                         triAPICTimestamp
                     </triCreatedByTX>
                     <triCreatedOnDT>
                         10/24/2022
                     </triCreatedOnDT>
                     <triDescriptionTX>
                         
                     </triDescriptionTX>
                     <LocationName>
                         
                     </LocationName>
                     <triExternalIdTX>
                         
                     </triExternalIdTX>
                     <OrgName>
                         
                     </OrgName>
                     <triFormLabelSY>
                         APIC Timestamp
                     </triFormLabelSY>
                     <GeographyName>
                         
                     </GeographyName>
                     <triFormNameSY>
                         triAPICTimestamp
                     </triFormNameSY>
                     <triIdTX>
                         triAPICTimestamp
                     </triIdTX>
                     <triNameTX>
                         triAPICTimestamp
                     </triNameTX>
                     <triRecordIdSY>
                         15239656
                     </triRecordIdSY>
                     <triRecordNameSY>
                         triAPICTimestamp
                     </triRecordNameSY>
                     <triRecordStateSY>
                         triDraft
                     </triRecordStateSY>
                     <triStatusCL>
                         \Classifications\Status\Draft
                     </triStatusCL>
                     <triCreatedSY>
                         1666621497000
                     </triCreatedSY>
                     <triModifiedSY>
                         1666621663470
                     </triModifiedSY>
                     <triUserMessageFlagTX>
                         
                     </triUserMessageFlagTX>
                     <triUserMessageTX>
                         
                     </triUserMessageTX>
                     <triLanguageLI>
                         US English
                     </triLanguageLI>
                     <triOperationTX>
                         
                     </triOperationTX>
                     <triSubOperationTX>
                         
                     </triSubOperationTX>
                     <triExternalReferenceTX>
                         
                     </triExternalReferenceTX>
                     <triTRIRIGAIDTX>
                         
                     </triTRIRIGAIDTX>
         </BoSectionName>
<Associations><Association><Name><![CDATA[Classified by triStatus]]></Name><TargetModule><![CDATA[Classification]]></TargetModule><TargetBo><![CDATA[triStatus]]></TargetBo><TargetObjectName><![CDATA[\Classifications\Status\Draft]]></TargetObjectName></Association></Associations>     </BoRecord>
</BoRecords>
