<?xml version="1.0" encoding="UTF-8"?>
<!-- IBM Confidential OCO Source Materials --><!-- (C) COPYRIGHT IBM CORP. 2011-2022 --><!-- The source code for this program is not published or otherwise divested of its trade secrets, irrespective of what has been deposited with the U.S. Copyright Office. --><Section SType="2" HdrFlg="0" AutoRefFlg="0" AutoRefTime="0" ScopeFlg="0" HdrPos="2" HdrSize="10" ShowActions="1" MaxRecords="10" QLType="0" HideMetricFilters="0" AutoResizeFlg="0"><SName><![CDATA[Outbound Integration]]></SName><Url><![CDATA[triAPICIntegrationPortal - Display - Outbound]]></Url><Hdr><![CDATA[ ]]></Hdr><HdrFgCol /><HdrFont><![CDATA[Trebuchet MS]]></HdrFont><HdrWeight><![CDATA[bold]]></HdrWeight><BgCol /><BgImage /><Tooltip /><Description /><ObjectLabelName><![CDATA[In Progress 0.0]]></ObjectLabelName><SQueryName><![CDATA[triAPICIntegrationPortal - Display - Outbound]]></SQueryName><SQueryBo><![CDATA[triIntegrationInstance]]></SQueryBo><SQueryMod><![CDATA[triIntegration]]></SQueryMod></Section>
