<?xml version="1.0" encoding="UTF-8"?>
<!-- IBM Confidential OCO Source Materials --><!-- (C) COPYRIGHT IBM CORP. 2011-2022 --><!-- The source code for this program is not published or otherwise divested of its trade secrets, irrespective of what has been deposited with the U.S. Copyright Office. --><BoRecords>     <BoRecord BoId="10030384" RecordId="-1" BoName="triOslcQueryCapability" GUIId="10043101" GUIName="triOslcQueryCapability" ModuleId="23828" ModuleName="triOslc" CompanyId="208133" ParentName="" ActionName="" ObjState="created" SourceId="135581965">
<BoSectionName NameValue="System Info">
                     <Review___Status>
                         
                     </Review___Status>
                     <Prior___State>
                         created
                     </Prior___State>
                     <LocationId>
                         
                     </LocationId>
                     <OrganizationId>
                         
                     </OrganizationId>
                     <GeographyId>
                         
                     </GeographyId>
                     <CreatedBy>
                         135572755
                     </CreatedBy>
                     <ModifiedBy>
                         
                     </ModifiedBy>
                     <CreatedTime>
                         1653937105154
                     </CreatedTime>
                     <ModifiedTime>
                         1658246587900
                     </ModifiedTime>
                     <Type>
                         10030384
                     </Type>
                     <Parent>
                         
                     </Parent>
         </BoSectionName>
<BoSectionName NameValue="General">
                     <triQueryBaseTX>
                         
                     </triQueryBaseTX>
                     <triUsageTX>
                         
                     </triUsageTX>
                     <triConstructedUrlHiddenTX>
                         /oslc/spq/triAPICOutboundBuildingQC
                     </triConstructedUrlHiddenTX>
                     <triPreviousResourceShapeHiddenTX>
                         
                     </triPreviousResourceShapeHiddenTX>
                     <triNameTX>
                         triAPICOutboundBuildingQC
                     </triNameTX>
                     <LocationName>
                         
                     </LocationName>
                     <triRecordIdSY>
                         135581965
                     </triRecordIdSY>
                     <OrgName>
                         
                     </OrgName>
                     <triModifiedDateTimeNumberSY>
                         1658246587900
                     </triModifiedDateTimeNumberSY>
                     <GeographyName>
                         
                     </GeographyName>
                     <triIdTX>
                         
                     </triIdTX>
                     <triTitleTX>
                         triAPICOutboundBuildingQC
                     </triTitleTX>
                     <triLabelTX>
                         
                     </triLabelTX>
                     <triOslcFormatLI>
                         rdfxml
                     </triOslcFormatLI>
                     <triModuleLI>
                         
                     </triModuleLI>
                     <triBOLI>
                         
                     </triBOLI>
                     <triQueryListLI>
                         
                     </triQueryListLI>
                     <triResourceTypeTX>
                         
                     </triResourceTypeTX>
                     <triResourceShapeTX>
                         
                     </triResourceShapeTX>
                     <triQueryBaseLI>
                         
                     </triQueryBaseLI>
                     <triShapeLI>
                         triAPICOutboundBuildingRS
                     </triShapeLI>
         </BoSectionName>
<BoSectionName NameValue="ResourceShape">
                     <triNameTX>
                         triAPICOutboundBuildingRS
                     </triNameTX>
                     <triTitleTX>
                         triAPICOutboundBuildingRS
                     </triTitleTX>
                     <triIdTX>
                         triAPICOutboundBuildingRS
                     </triIdTX>
                     <triNamespaceTX>
                         http://jazz.net/ns/ism/smarter_physical_infrastructure#
                     </triNamespaceTX>
         </BoSectionName>
<Associations><Association><Name><![CDATA[Is Contained By]]></Name><TargetModule><![CDATA[triOslc]]></TargetModule><TargetBo><![CDATA[triOslcService]]></TargetBo><TargetObjectName><![CDATA[\triAPIConnectSV]]></TargetObjectName></Association></Associations>     </BoRecord>
</BoRecords>
