<?xml version="1.0" encoding="UTF-8"?>
<!-- IBM Confidential OCO Source Materials --><!-- (C) COPYRIGHT IBM CORP. 2011-2022 --><!-- The source code for this program is not published or otherwise divested of its trade secrets, irrespective of what has been deposited with the U.S. Copyright Office. --><BoRecords>     <BoRecord BoId="10030386" RecordId="-1" BoName="triOslcCreationFactory" GUIId="10043096" GUIName="triOslcCreationFactory" ModuleId="23828" ModuleName="triOslc" CompanyId="208133" ParentName="" ActionName="" ObjState="created" SourceId="135501144">
<BoSectionName NameValue="System Info">
                     <Review___Status>
                         
                     </Review___Status>
                     <Prior___State>
                         created
                     </Prior___State>
                     <LocationId>
                         
                     </LocationId>
                     <OrganizationId>
                         
                     </OrganizationId>
                     <GeographyId>
                         
                     </GeographyId>
                     <CreatedBy>
                         221931
                     </CreatedBy>
                     <ModifiedBy>
                         
                     </ModifiedBy>
                     <CreatedTime>
                         1658946247413
                     </CreatedTime>
                     <ModifiedTime>
                         1658946344320
                     </ModifiedTime>
                     <Type>
                         10030386
                     </Type>
                     <Parent>
                         
                     </Parent>
         </BoSectionName>
<BoSectionName NameValue="General">
                     <triNameTX>
                         triAPICPropertyCF
                     </triNameTX>
                     <triRecordIdSY>
                         135501144
                     </triRecordIdSY>
                     <triModifiedDateTimeNumberSY>
                         1658946344320
                     </triModifiedDateTimeNumberSY>
                     <triTitleTX>
                         triAPICPropertyCF
                     </triTitleTX>
                     <triLabelTX>
                         
                     </triLabelTX>
                     <LocationName>
                         
                     </LocationName>
                     <triCreationTX>
                         
                     </triCreationTX>
                     <OrgName>
                         
                     </OrgName>
                     <triUsageTX>
                         
                     </triUsageTX>
                     <GeographyName>
                         
                     </GeographyName>
                     <triConstructedUrlHiddenTX>
                         /oslc/spc/triAPICPropertyCF
                     </triConstructedUrlHiddenTX>
                     <triIdTX>
                         
                     </triIdTX>
                     <triResourceTypeTX>
                         
                     </triResourceTypeTX>
         </BoSectionName>
<BoSectionName NameValue="ResourceShape">
                     <triNameTX>
                         triAPICPropertyRS
                     </triNameTX>
                     <triTitleTX>
                         triAPICPropertyRS
                     </triTitleTX>
                     <triIdTX>
                         triAPICPropertyRS
                     </triIdTX>
                     <triNamespaceTX>
                         http://jazz.net/ns/ism/smarter_physical_infrastructure#
                     </triNamespaceTX>
         </BoSectionName>
<Associations><Association><Name><![CDATA[Is Contained By]]></Name><TargetModule><![CDATA[triOslc]]></TargetModule><TargetBo><![CDATA[triOslcService]]></TargetBo><TargetObjectName><![CDATA[\triAPIConnectSV]]></TargetObjectName></Association></Associations>     </BoRecord>
</BoRecords>
