<?xml version="1.0" encoding="UTF-8"?>
<!-- IBM Confidential OCO Source Materials --><!-- (C) COPYRIGHT IBM CORP. 2011-2022 --><!-- The source code for this program is not published or otherwise divested of its trade secrets, irrespective of what has been deposited with the U.S. Copyright Office. --><Query><Header Scope="0" TagIdentifier="null" Type="1" RandomCnt="0" FixedColCnt="0" ResultSize="0" ColorBy="0" ShowInWebGraphics="1" SumAllForColorBy="0" DScope="1" Editable="0" GraphType="1" DisplayLegend="1" EnableProjectSwitch="0" ChildColumnDisplay="0" SystemFlag="1" TrackHistory="1"><ObjectLabelName><![CDATA[In Progress 0.0]]></ObjectLabelName><Name><![CDATA[triAPICWorkTask - OSLC - Outbound]]></Name><Module><![CDATA[triTask]]></Module><BO><![CDATA[triWorkTask]]></BO><Number /><Description /><HeaderStr><![CDATA[APIC Work Task Outbound]]></HeaderStr><PromptBeforeQuery><![CDATA[0]]></PromptBeforeQuery><Queued><![CDATA[0]]></Queued><XTitle /><YTitle /><RecState /><TabularOutput><![CDATA[0]]></TabularOutput><AssociatedField /><UpdatedBy><![CDATA[Matos, Leo - 1000233]]></UpdatedBy><ScorecardTargetOption><![CDATA[0]]></ScorecardTargetOption></Header><BoDataSources><BoDataSource><DSID><![CDATA[1]]></DSID><AssociatedMod><![CDATA[triRequest]]></AssociatedMod><AssociatedBO><![CDATA[triServiceRequest]]></AssociatedBO><ParentDS><![CDATA[0]]></ParentDS><AssocString><![CDATA[Has Request]]></AssocString><PrimaryAssocFlag><![CDATA[1]]></PrimaryAssocFlag></BoDataSource><BoDataSource><DSID><![CDATA[2]]></DSID><AssociatedMod><![CDATA[Organization]]></AssociatedMod><AssociatedBO><![CDATA[Organization]]></AssociatedBO><ParentDS><![CDATA[0]]></ParentDS><AssocString><![CDATA[Customer Of]]></AssocString><PrimaryAssocFlag><![CDATA[0]]></PrimaryAssocFlag></BoDataSource><BoDataSource><DSID><![CDATA[3]]></DSID><AssociatedMod><![CDATA[Location]]></AssociatedMod><AssociatedBO><![CDATA[-1]]></AssociatedBO><ParentDS><![CDATA[0]]></ParentDS><AssocString><![CDATA[Has Primary Location]]></AssocString><PrimaryAssocFlag><![CDATA[0]]></PrimaryAssocFlag></BoDataSource></BoDataSources><Bos><BO><Name><![CDATA[triWorkTask]]></Name><Module><![CDATA[triTask]]></Module><DSID><![CDATA[0]]></DSID></BO><BO><Name><![CDATA[triLeaseRequests]]></Name><Module><![CDATA[triRequest]]></Module><DSID><![CDATA[1]]></DSID></BO><BO><Name><![CDATA[triReviewerAdmin]]></Name><Module><![CDATA[triRequest]]></Module><DSID><![CDATA[1]]></DSID></BO><BO><Name><![CDATA[triSelfRegistration]]></Name><Module><![CDATA[triRequest]]></Module><DSID><![CDATA[1]]></DSID></BO><BO><Name><![CDATA[triOffCatalogRequest]]></Name><Module><![CDATA[triRequest]]></Module><DSID><![CDATA[1]]></DSID></BO><BO><Name><![CDATA[triPersonnelAndMoveServices]]></Name><Module><![CDATA[triRequest]]></Module><DSID><![CDATA[1]]></DSID></BO><BO><Name><![CDATA[triMoveRequest]]></Name><Module><![CDATA[triRequest]]></Module><DSID><![CDATA[1]]></DSID></BO><BO><Name><![CDATA[triCarbonCalculation]]></Name><Module><![CDATA[triRequest]]></Module><DSID><![CDATA[1]]></DSID></BO><BO><Name><![CDATA[triProductRequest]]></Name><Module><![CDATA[triRequest]]></Module><DSID><![CDATA[1]]></DSID></BO><BO><Name><![CDATA[triServiceRequest]]></Name><Module><![CDATA[triRequest]]></Module><DSID><![CDATA[1]]></DSID></BO><BO><Name><![CDATA[triInspectionRequest]]></Name><Module><![CDATA[triRequest]]></Module><DSID><![CDATA[1]]></DSID></BO><BO><Name><![CDATA[triRequest]]></Name><Module><![CDATA[triRequest]]></Module><DSID><![CDATA[1]]></DSID></BO><BO><Name><![CDATA[triRequestNavigation]]></Name><Module><![CDATA[triRequest]]></Module><DSID><![CDATA[1]]></DSID></BO><BO><Name><![CDATA[triSurveyEvaluationRequest]]></Name><Module><![CDATA[triRequest]]></Module><DSID><![CDATA[1]]></DSID></BO><BO><Name><![CDATA[triTransactionRequest]]></Name><Module><![CDATA[triRequest]]></Module><DSID><![CDATA[1]]></DSID></BO><BO><Name><![CDATA[triDesignChangeRequest]]></Name><Module><![CDATA[triRequest]]></Module><DSID><![CDATA[1]]></DSID></BO><BO><Name><![CDATA[triLeaseAssumptions]]></Name><Module><![CDATA[triRequest]]></Module><DSID><![CDATA[1]]></DSID></BO><BO><Name><![CDATA[triBidClarification]]></Name><Module><![CDATA[triRequest]]></Module><DSID><![CDATA[1]]></DSID></BO><BO><Name><![CDATA[triRequestForInformation]]></Name><Module><![CDATA[triRequest]]></Module><DSID><![CDATA[1]]></DSID></BO><BO><Name><![CDATA[triDispositionRequest]]></Name><Module><![CDATA[triRequest]]></Module><DSID><![CDATA[1]]></DSID></BO><BO><Name><![CDATA[Organization]]></Name><Module><![CDATA[Organization]]></Module><DSID><![CDATA[2]]></DSID></BO></Bos><GUIs><GUI><Name><![CDATA[triWorkTask]]></Name><Module><![CDATA[triTask]]></Module></GUI></GUIs><Columns><Column Type="1" DType="320" FiltType="0" Seq="0" ConditionalFilter="0" FilterLocalizedData="0"><SecName><![CDATA[RecordInformation]]></SecName><SecondarySecName /><FldLabel><![CDATA[ID]]></FldLabel><FldName><![CDATA[triIdTX]]></FldName><FiltVAl /><NumOpenParens><![CDATA[0]]></NumOpenParens><NumCloseParens><![CDATA[0]]></NumCloseParens><BooleanOperatorType><![CDATA[0]]></BooleanOperatorType><groupDatesBy><![CDATA[0]]></groupDatesBy><sourceTabularRepName /><LegendColumn><![CDATA[0]]></LegendColumn><defaultFlag><![CDATA[0]]></defaultFlag><DSID><![CDATA[0]]></DSID></Column><Column Type="1" DType="320" FiltType="0" Seq="1" ConditionalFilter="0" FilterLocalizedData="0"><SecName><![CDATA[RecordInformation]]></SecName><SecondarySecName /><FldLabel><![CDATA[Status]]></FldLabel><FldName><![CDATA[triStatusCL]]></FldName><FiltVAl /><NumOpenParens><![CDATA[0]]></NumOpenParens><NumCloseParens><![CDATA[0]]></NumCloseParens><BooleanOperatorType><![CDATA[0]]></BooleanOperatorType><groupDatesBy><![CDATA[0]]></groupDatesBy><sourceTabularRepName /><LegendColumn><![CDATA[0]]></LegendColumn><defaultFlag><![CDATA[0]]></defaultFlag><DSID><![CDATA[0]]></DSID></Column><Column Type="1" DType="320" FiltType="0" Seq="2" ConditionalFilter="0" FilterLocalizedData="0"><SecName><![CDATA[RecordInformation]]></SecName><SecondarySecName /><FldLabel><![CDATA[Name]]></FldLabel><FldName><![CDATA[triNameTX]]></FldName><FiltVAl /><NumOpenParens><![CDATA[0]]></NumOpenParens><NumCloseParens><![CDATA[0]]></NumCloseParens><BooleanOperatorType><![CDATA[0]]></BooleanOperatorType><groupDatesBy><![CDATA[0]]></groupDatesBy><sourceTabularRepName /><LegendColumn><![CDATA[0]]></LegendColumn><defaultFlag><![CDATA[0]]></defaultFlag><DSID><![CDATA[0]]></DSID></Column><Column Type="1" DType="320" FiltType="0" Seq="3" ConditionalFilter="0" FilterLocalizedData="0"><SecName><![CDATA[RecordInformation]]></SecName><SecondarySecName /><FldLabel><![CDATA[Description]]></FldLabel><FldName><![CDATA[triDescriptionTX]]></FldName><FiltVAl /><NumOpenParens><![CDATA[0]]></NumOpenParens><NumCloseParens><![CDATA[0]]></NumCloseParens><BooleanOperatorType><![CDATA[0]]></BooleanOperatorType><groupDatesBy><![CDATA[0]]></groupDatesBy><sourceTabularRepName /><LegendColumn><![CDATA[0]]></LegendColumn><defaultFlag><![CDATA[0]]></defaultFlag><DSID><![CDATA[0]]></DSID></Column><Column Type="1" DType="320" FiltType="0" Seq="4" ConditionalFilter="0" FilterLocalizedData="0"><SecName><![CDATA[RecordInformation]]></SecName><SecondarySecName /><FldLabel><![CDATA[Task Type]]></FldLabel><FldName><![CDATA[triTaskTypeCL]]></FldName><FiltVAl /><NumOpenParens><![CDATA[0]]></NumOpenParens><NumCloseParens><![CDATA[0]]></NumCloseParens><BooleanOperatorType><![CDATA[0]]></BooleanOperatorType><groupDatesBy><![CDATA[0]]></groupDatesBy><sourceTabularRepName /><LegendColumn><![CDATA[0]]></LegendColumn><defaultFlag><![CDATA[0]]></defaultFlag><DSID><![CDATA[0]]></DSID></Column><Column Type="1" DType="320" FiltType="0" Seq="5" ConditionalFilter="0" FilterLocalizedData="0"><SecName><![CDATA[RecordInformation]]></SecName><SecondarySecName /><FldLabel><![CDATA[Task Priority]]></FldLabel><FldName><![CDATA[triPriorityClassCL]]></FldName><FiltVAl /><NumOpenParens><![CDATA[0]]></NumOpenParens><NumCloseParens><![CDATA[0]]></NumCloseParens><BooleanOperatorType><![CDATA[0]]></BooleanOperatorType><groupDatesBy><![CDATA[0]]></groupDatesBy><sourceTabularRepName /><LegendColumn><![CDATA[0]]></LegendColumn><defaultFlag><![CDATA[0]]></defaultFlag><DSID><![CDATA[0]]></DSID></Column><Column Type="1" DType="320" FiltType="0" Seq="6" ConditionalFilter="0" FilterLocalizedData="0"><SecName><![CDATA[RecordInformation]]></SecName><SecondarySecName /><FldLabel><![CDATA[Request Class]]></FldLabel><FldName><![CDATA[triMatrixRequestClassCL]]></FldName><FiltVAl /><NumOpenParens><![CDATA[0]]></NumOpenParens><NumCloseParens><![CDATA[0]]></NumCloseParens><BooleanOperatorType><![CDATA[0]]></BooleanOperatorType><groupDatesBy><![CDATA[0]]></groupDatesBy><sourceTabularRepName /><LegendColumn><![CDATA[0]]></LegendColumn><defaultFlag><![CDATA[0]]></defaultFlag><DSID><![CDATA[0]]></DSID></Column><Column Type="1" DType="320" FiltType="0" Seq="7" ConditionalFilter="0" FilterLocalizedData="0"><SecName><![CDATA[RecordInformation]]></SecName><SecondarySecName /><FldLabel><![CDATA[Service Class]]></FldLabel><FldName><![CDATA[triMatrixServiceClassCL]]></FldName><FiltVAl /><NumOpenParens><![CDATA[0]]></NumOpenParens><NumCloseParens><![CDATA[0]]></NumCloseParens><BooleanOperatorType><![CDATA[0]]></BooleanOperatorType><groupDatesBy><![CDATA[0]]></groupDatesBy><sourceTabularRepName /><LegendColumn><![CDATA[0]]></LegendColumn><defaultFlag><![CDATA[0]]></defaultFlag><DSID><![CDATA[0]]></DSID></Column><Column Type="1" DType="320" FiltType="0" Seq="8" ConditionalFilter="0" FilterLocalizedData="0"><SecName><![CDATA[RecordInformation]]></SecName><SecondarySecName /><FldLabel><![CDATA[Primary Work Location]]></FldLabel><FldName><![CDATA[triWorkingLocationTX]]></FldName><FiltVAl /><NumOpenParens><![CDATA[0]]></NumOpenParens><NumCloseParens><![CDATA[0]]></NumCloseParens><BooleanOperatorType><![CDATA[0]]></BooleanOperatorType><groupDatesBy><![CDATA[0]]></groupDatesBy><sourceTabularRepName /><LegendColumn><![CDATA[0]]></LegendColumn><defaultFlag><![CDATA[0]]></defaultFlag><DSID><![CDATA[0]]></DSID></Column><Column Type="1" DType="320" FiltType="0" Seq="9" ConditionalFilter="0" FilterLocalizedData="0"><SecName><![CDATA[RecordInformation]]></SecName><SecondarySecName /><FldLabel><![CDATA[Geography Lookup]]></FldLabel><FldName><![CDATA[triGeographyLookupTX]]></FldName><FiltVAl /><NumOpenParens><![CDATA[0]]></NumOpenParens><NumCloseParens><![CDATA[0]]></NumCloseParens><BooleanOperatorType><![CDATA[0]]></BooleanOperatorType><groupDatesBy><![CDATA[0]]></groupDatesBy><sourceTabularRepName /><LegendColumn><![CDATA[0]]></LegendColumn><defaultFlag><![CDATA[0]]></defaultFlag><DSID><![CDATA[0]]></DSID></Column><Column Type="1" DType="320" FiltType="0" Seq="10" ConditionalFilter="0" FilterLocalizedData="0"><SecName><![CDATA[RecordInformation]]></SecName><SecondarySecName /><FldLabel><![CDATA[Customer Organization]]></FldLabel><FldName><![CDATA[triCustomerOrgTX]]></FldName><FiltVAl /><NumOpenParens><![CDATA[0]]></NumOpenParens><NumCloseParens><![CDATA[0]]></NumCloseParens><BooleanOperatorType><![CDATA[0]]></BooleanOperatorType><groupDatesBy><![CDATA[0]]></groupDatesBy><sourceTabularRepName /><LegendColumn><![CDATA[0]]></LegendColumn><defaultFlag><![CDATA[0]]></defaultFlag><DSID><![CDATA[0]]></DSID></Column><Column Type="1" DType="330" FiltType="0" Seq="11" ConditionalFilter="0" FilterLocalizedData="0"><SecName><![CDATA[RecordInformation]]></SecName><SecondarySecName /><FldLabel><![CDATA[Planned Start]]></FldLabel><FldName><![CDATA[triPlannedStartDT]]></FldName><FiltVAl /><NumOpenParens><![CDATA[0]]></NumOpenParens><NumCloseParens><![CDATA[0]]></NumCloseParens><BooleanOperatorType><![CDATA[0]]></BooleanOperatorType><groupDatesBy><![CDATA[0]]></groupDatesBy><sourceTabularRepName /><LegendColumn><![CDATA[0]]></LegendColumn><defaultFlag><![CDATA[0]]></defaultFlag><DSID><![CDATA[0]]></DSID></Column><Column Type="1" DType="330" FiltType="0" Seq="12" ConditionalFilter="0" FilterLocalizedData="0"><SecName><![CDATA[RecordInformation]]></SecName><SecondarySecName /><FldLabel><![CDATA[Planned End]]></FldLabel><FldName><![CDATA[triPlannedEndDT]]></FldName><FiltVAl /><NumOpenParens><![CDATA[0]]></NumOpenParens><NumCloseParens><![CDATA[0]]></NumCloseParens><BooleanOperatorType><![CDATA[0]]></BooleanOperatorType><groupDatesBy><![CDATA[0]]></groupDatesBy><sourceTabularRepName /><LegendColumn><![CDATA[0]]></LegendColumn><defaultFlag><![CDATA[0]]></defaultFlag><DSID><![CDATA[0]]></DSID></Column><Column Type="1" DType="330" FiltType="0" Seq="13" ConditionalFilter="0" FilterLocalizedData="0"><SecName><![CDATA[RecordInformation]]></SecName><SecondarySecName /><FldLabel><![CDATA[Actual Start]]></FldLabel><FldName><![CDATA[triActualStartDT]]></FldName><FiltVAl /><NumOpenParens><![CDATA[0]]></NumOpenParens><NumCloseParens><![CDATA[0]]></NumCloseParens><BooleanOperatorType><![CDATA[0]]></BooleanOperatorType><groupDatesBy><![CDATA[0]]></groupDatesBy><sourceTabularRepName /><LegendColumn><![CDATA[0]]></LegendColumn><defaultFlag><![CDATA[0]]></defaultFlag><DSID><![CDATA[0]]></DSID></Column><Column Type="1" DType="320" FiltType="0" Seq="14" ConditionalFilter="0" FilterLocalizedData="0"><SecName><![CDATA[triContract]]></SecName><SecondarySecName /><FldLabel><![CDATA[Contract Name]]></FldLabel><FldName><![CDATA[triNameTX]]></FldName><FiltVAl /><NumOpenParens><![CDATA[0]]></NumOpenParens><NumCloseParens><![CDATA[0]]></NumCloseParens><BooleanOperatorType><![CDATA[0]]></BooleanOperatorType><groupDatesBy><![CDATA[0]]></groupDatesBy><sourceTabularRepName /><LegendColumn><![CDATA[0]]></LegendColumn><defaultFlag><![CDATA[0]]></defaultFlag><DSID><![CDATA[0]]></DSID></Column><Column Type="1" DType="320" FiltType="0" Seq="15" ConditionalFilter="0" FilterLocalizedData="0"><SecName><![CDATA[triOrganizationResponsible]]></SecName><SecondarySecName /><FldLabel><![CDATA[Responsible Organization Name]]></FldLabel><FldName><![CDATA[triNameTX]]></FldName><FiltVAl /><NumOpenParens><![CDATA[0]]></NumOpenParens><NumCloseParens><![CDATA[0]]></NumCloseParens><BooleanOperatorType><![CDATA[0]]></BooleanOperatorType><groupDatesBy><![CDATA[0]]></groupDatesBy><sourceTabularRepName /><LegendColumn><![CDATA[0]]></LegendColumn><defaultFlag><![CDATA[0]]></defaultFlag><DSID><![CDATA[0]]></DSID></Column><Column Type="1" DType="320" FiltType="0" Seq="16" ConditionalFilter="0" FilterLocalizedData="0"><SecName><![CDATA[triPeopleResponsible]]></SecName><SecondarySecName /><FldLabel><![CDATA[Responsible Person Name]]></FldLabel><FldName><![CDATA[triNameTX]]></FldName><FiltVAl /><NumOpenParens><![CDATA[0]]></NumOpenParens><NumCloseParens><![CDATA[0]]></NumCloseParens><BooleanOperatorType><![CDATA[0]]></BooleanOperatorType><groupDatesBy><![CDATA[0]]></groupDatesBy><sourceTabularRepName /><LegendColumn><![CDATA[0]]></LegendColumn><defaultFlag><![CDATA[0]]></defaultFlag><DSID><![CDATA[0]]></DSID></Column><Column Type="1" DType="320" FiltType="0" Seq="17" ConditionalFilter="0" FilterLocalizedData="0"><SecName><![CDATA[RecordInformation]]></SecName><SecondarySecName /><FldLabel><![CDATA[Service Request ID]]></FldLabel><FldName><![CDATA[triIdTX]]></FldName><FiltVAl /><NumOpenParens><![CDATA[0]]></NumOpenParens><NumCloseParens><![CDATA[0]]></NumCloseParens><BooleanOperatorType><![CDATA[0]]></BooleanOperatorType><groupDatesBy><![CDATA[0]]></groupDatesBy><sourceTabularRepName /><LegendColumn><![CDATA[0]]></LegendColumn><defaultFlag><![CDATA[0]]></defaultFlag><DSID><![CDATA[1]]></DSID></Column><Column Type="1" DType="320" FiltType="0" Seq="18" ConditionalFilter="0" FilterLocalizedData="0"><SecName><![CDATA[General]]></SecName><SecondarySecName /><FldLabel><![CDATA[Organization Record ID]]></FldLabel><FldName><![CDATA[triRecordIdSY]]></FldName><FiltVAl /><NumOpenParens><![CDATA[0]]></NumOpenParens><NumCloseParens><![CDATA[0]]></NumCloseParens><BooleanOperatorType><![CDATA[0]]></BooleanOperatorType><groupDatesBy><![CDATA[0]]></groupDatesBy><sourceTabularRepName /><LegendColumn><![CDATA[0]]></LegendColumn><defaultFlag><![CDATA[0]]></defaultFlag><DSID><![CDATA[2]]></DSID></Column><Column Type="1" DType="320" FiltType="0" Seq="19" ConditionalFilter="0" FilterLocalizedData="0"><SecName><![CDATA[RecordInformation]]></SecName><SecondarySecName /><FldLabel><![CDATA[Location Record ID]]></FldLabel><FldName><![CDATA[triRecordIdSY]]></FldName><FiltVAl /><NumOpenParens><![CDATA[0]]></NumOpenParens><NumCloseParens><![CDATA[0]]></NumCloseParens><BooleanOperatorType><![CDATA[0]]></BooleanOperatorType><groupDatesBy><![CDATA[0]]></groupDatesBy><sourceTabularRepName /><LegendColumn><![CDATA[0]]></LegendColumn><defaultFlag><![CDATA[0]]></defaultFlag><DSID><![CDATA[3]]></DSID></Column></Columns></Query>
