<?xml version="1.0" encoding="UTF-8"?>
<!-- IBM Confidential OCO Source Materials --><!-- (C) COPYRIGHT IBM CORP. 2011-2022 --><!-- The source code for this program is not published or otherwise divested of its trade secrets, irrespective of what has been deposited with the U.S. Copyright Office. --><BO><BOHeader Root="0" Sched="0" Type="1" Audit="0" AuditAccess="0" AuditAction="0" AuditComment="0" AuditSign="0" Approval="0" StageTable="0" EnableSnapshot="0" SingTab="0"><ObjectLabelName><![CDATA[In Progress 0.0]]></ObjectLabelName><Module><![CDATA[triAPIConnect]]></Module><Name><![CDATA[triAPICServiceRequest]]></Name><Label><![CDATA[APIC Service Request]]></Label><Description /><AuditLevel /><UpdatedBy><![CDATA[Puri, Sumit - 1000215]]></UpdatedBy></BOHeader><Associations><Association AssocDepend="0" ProjContainmentDisabled="0" CascadeReadOnly="0"><AssocMod><![CDATA[Classification]]></AssocMod><AssocBo><![CDATA[triRequestClass]]></AssocBo><AssocName><![CDATA[Abstracts]]></AssocName><AssocRevName><![CDATA[Abstracted By]]></AssocRevName></Association><Association AssocDepend="0" ProjContainmentDisabled="0" CascadeReadOnly="0"><AssocMod><![CDATA[Organization]]></AssocMod><AssocBo><![CDATA[Organization]]></AssocBo><AssocName><![CDATA[Abstracts]]></AssocName><AssocRevName><![CDATA[Abstracted By]]></AssocRevName></Association><Association AssocDepend="0" ProjContainmentDisabled="0" CascadeReadOnly="0"><AssocMod><![CDATA[triAPIConnect]]></AssocMod><AssocBo><![CDATA[triAPICAssociatedRecord]]></AssocBo><AssocName><![CDATA[Has Link]]></AssocName><AssocRevName><![CDATA[Is Linked To]]></AssocRevName></Association><Association AssocDepend="0" ProjContainmentDisabled="0" CascadeReadOnly="0"><AssocMod><![CDATA[triRequest]]></AssocMod><AssocBo><![CDATA[triServiceRequest]]></AssocBo><AssocName><![CDATA[Has]]></AssocName><AssocRevName><![CDATA[Associated]]></AssocRevName></Association></Associations><Sections><Section Type="0" Input="0" Vert="0" Passthrough="0" LiveLink="0" Override="0" Multi="0" UsedByDC="0" RequiredByDC="0"><Name><![CDATA[General]]></Name><Label><![CDATA[General]]></Label><Association /><TempAssociation /><LayOutTab /><DCKeys /><Fields><Field UomType="-1" HierClsType="0" EditUomType="0" MField="0" FieldLiveLink="0" FormulaFlag="0" UseInTot="0" UseInRes="0" ResultDispSeq="0" ReadOnly="0" LocFlag="1" NoAutoPop="0" GenOnCrt="0" FullPath="0" DepListFlag="0" BaseCurField="0" RefResultDispSeq="0" MFieldSeq="0" Size="150.0" DateDefNum="0" StageField="0" StageFieldKey="0" UseCustomPrecisionMask="0" StoragePrecision="-1" RoundingRule="-1" DoAudit="0" Localizable="0" RelativeDateTime="0"><Name><![CDATA[triRequestClassRecordIDTX]]></Name><Description /><Purpose /><Type><![CDATA[Text]]></Type><Label><![CDATA[Request Class Record ID]]></Label><DVal /><Validation /><Required><![CDATA[N]]></Required><FormulaType><![CDATA[R]]></FormulaType><UomTypeName /><Uom /><RollUpType /><LTab><![CDATA[General]]></LTab><LSec><![CDATA[General]]></LSec><SubType /><Association><![CDATA[Abstracts]]></Association><Format /><RollUpSource /><DisplayMask><![CDATA[#.####]]></DisplayMask><LBO><![CDATA[triRequestClass]]></LBO><LModule><![CDATA[Classification]]></LModule><LocFldName><![CDATA[triRecordIdSY]]></LocFldName><LocFldSecName><![CDATA[General]]></LocFldSecName><LocFldLabel><![CDATA[System Record ID]]></LocFldLabel></Field><Field UomType="-1" HierClsType="9" EditUomType="0" MField="0" FieldLiveLink="0" FormulaFlag="0" UseInTot="0" UseInRes="0" ResultDispSeq="0" ReadOnly="0" LocFlag="0" NoAutoPop="0" GenOnCrt="0" FullPath="0" DepListFlag="0" BaseCurField="0" RefResultDispSeq="0" MFieldSeq="0" Size="150.0" DateDefNum="0" StageField="0" StageFieldKey="0" UseCustomPrecisionMask="0" StoragePrecision="0" RoundingRule="0" DoAudit="0" Localizable="0" RelativeDateTime="0"><Name><![CDATA[triBuildingTX]]></Name><Description><![CDATA[Building]]></Description><Purpose /><Type><![CDATA[Text]]></Type><Label><![CDATA[Building]]></Label><DVal /><Validation /><Required><![CDATA[N]]></Required><FormulaType><![CDATA[R]]></FormulaType><UomTypeName /><Uom /><RollUpType /><LTab><![CDATA[General]]></LTab><LSec><![CDATA[General]]></LSec><SubType /><Association /><Format /><RollUpSource /><DisplayMask><![CDATA[#.####]]></DisplayMask></Field><Field UomType="-1" HierClsType="0" EditUomType="0" MField="0" FieldLiveLink="0" FormulaFlag="0" UseInTot="0" UseInRes="0" ResultDispSeq="0" ReadOnly="0" LocFlag="0" NoAutoPop="0" GenOnCrt="0" FullPath="0" DepListFlag="0" BaseCurField="0" RefResultDispSeq="0" MFieldSeq="0" Size="150.0" DateDefNum="0" StageField="0" StageFieldKey="0" UseCustomPrecisionMask="0" StoragePrecision="0" RoundingRule="0" DoAudit="0" Localizable="0" RelativeDateTime="0"><Name><![CDATA[triSpaceTX]]></Name><Description /><Purpose /><Type><![CDATA[Text]]></Type><Label><![CDATA[Space]]></Label><DVal /><Validation /><Required><![CDATA[N]]></Required><FormulaType><![CDATA[R]]></FormulaType><UomTypeName /><Uom /><RollUpType /><LTab><![CDATA[General]]></LTab><LSec><![CDATA[General]]></LSec><SubType /><Association /><Format /><RollUpSource /><DisplayMask><![CDATA[#.####]]></DisplayMask></Field><Field UomType="-1" HierClsType="0" EditUomType="0" MField="0" FieldLiveLink="0" FormulaFlag="0" UseInTot="0" UseInRes="0" ResultDispSeq="0" ReadOnly="0" LocFlag="1" NoAutoPop="0" GenOnCrt="0" FullPath="0" DepListFlag="0" BaseCurField="0" RefResultDispSeq="0" MFieldSeq="0" Size="150.0" DateDefNum="0" StageField="0" StageFieldKey="0" UseCustomPrecisionMask="0" StoragePrecision="-1" RoundingRule="-1" DoAudit="0" Localizable="0" RelativeDateTime="0"><Name><![CDATA[triCustomerOrgTX]]></Name><Description /><Purpose /><Type><![CDATA[Text]]></Type><Label><![CDATA[Organization Requested]]></Label><DVal /><Validation /><Required><![CDATA[N]]></Required><FormulaType><![CDATA[R]]></FormulaType><UomTypeName /><Uom /><RollUpType /><LTab><![CDATA[General]]></LTab><LSec><![CDATA[General]]></LSec><SubType /><Association><![CDATA[Abstracts]]></Association><Format /><RollUpSource /><DisplayMask><![CDATA[#.####]]></DisplayMask><LBO><![CDATA[Organization]]></LBO><LModule><![CDATA[Organization]]></LModule><LocFldName><![CDATA[triPathTX]]></LocFldName><LocFldSecName><![CDATA[General]]></LocFldSecName><LocFldLabel><![CDATA[Hierarchy Path]]></LocFldLabel></Field><Field UomType="-1" HierClsType="0" EditUomType="0" MField="0" FieldLiveLink="0" FormulaFlag="0" UseInTot="0" UseInRes="0" ResultDispSeq="0" ReadOnly="0" LocFlag="0" NoAutoPop="0" GenOnCrt="0" FullPath="0" DepListFlag="0" BaseCurField="0" RefResultDispSeq="0" MFieldSeq="0" Size="-1.0" DateDefNum="0" StageField="0" StageFieldKey="0" UseCustomPrecisionMask="0" StoragePrecision="-1" RoundingRule="-1" DoAudit="0" Localizable="0" RelativeDateTime="0"><Name><![CDATA[triRequestClassCL]]></Name><Description /><Purpose /><Type><![CDATA[Classification]]></Type><Label><![CDATA[Request Classification]]></Label><DVal /><Validation /><Required><![CDATA[N]]></Required><FormulaType><![CDATA[R]]></FormulaType><UomTypeName /><Uom /><RollUpType /><LTab><![CDATA[General]]></LTab><LSec><![CDATA[General]]></LSec><SubType /><Association><![CDATA[Abstracts]]></Association><Format /><RollUpSource /><DisplayMask><![CDATA[#.####]]></DisplayMask><ClassificationRoot><![CDATA[\Classifications\Request Class]]></ClassificationRoot></Field><Field UomType="-1" HierClsType="0" EditUomType="0" MField="0" FieldLiveLink="0" FormulaFlag="0" UseInTot="0" UseInRes="0" ResultDispSeq="0" ReadOnly="0" LocFlag="0" NoAutoPop="0" GenOnCrt="0" FullPath="0" DepListFlag="0" BaseCurField="0" RefResultDispSeq="0" MFieldSeq="0" Size="300.0" DateDefNum="0" StageField="0" StageFieldKey="0" UseCustomPrecisionMask="0" StoragePrecision="0" RoundingRule="0" DoAudit="0" Localizable="0" RelativeDateTime="0"><Name><![CDATA[triFloorTX]]></Name><Description /><Purpose /><Type><![CDATA[Text]]></Type><Label><![CDATA[Floor]]></Label><DVal /><Validation /><Required><![CDATA[N]]></Required><FormulaType><![CDATA[R]]></FormulaType><UomTypeName /><Uom /><RollUpType /><LTab><![CDATA[General]]></LTab><LSec><![CDATA[General]]></LSec><SubType /><Association /><Format /><RollUpSource /><DisplayMask><![CDATA[#.####]]></DisplayMask></Field><Field UomType="-1" HierClsType="0" EditUomType="0" MField="0" FieldLiveLink="0" FormulaFlag="0" UseInTot="0" UseInRes="0" ResultDispSeq="0" ReadOnly="0" LocFlag="0" NoAutoPop="0" GenOnCrt="0" FullPath="0" DepListFlag="0" BaseCurField="0" RefResultDispSeq="0" MFieldSeq="0" Size="-1.0" DateDefNum="0" StageField="0" StageFieldKey="0" UseCustomPrecisionMask="0" StoragePrecision="0" RoundingRule="0" DoAudit="0" Localizable="0" RelativeDateTime="0"><Name><![CDATA[triFromExternalBL]]></Name><Description /><Purpose /><Type><![CDATA[Checkbox]]></Type><Label><![CDATA[From External]]></Label><DVal /><Validation /><Required><![CDATA[N]]></Required><FormulaType><![CDATA[R]]></FormulaType><UomTypeName /><Uom /><RollUpType /><LTab><![CDATA[General]]></LTab><LSec><![CDATA[General]]></LSec><SubType /><Association /><Format /><RollUpSource /><DisplayMask><![CDATA[#.####]]></DisplayMask></Field><Field UomType="-1" HierClsType="9" EditUomType="0" MField="0" FieldLiveLink="0" FormulaFlag="0" UseInTot="0" UseInRes="0" ResultDispSeq="0" ReadOnly="1" LocFlag="0" NoAutoPop="0" GenOnCrt="0" FullPath="0" DepListFlag="0" BaseCurField="0" RefResultDispSeq="0" MFieldSeq="0" Size="0.0" DateDefNum="0" StageField="0" StageFieldKey="0" UseCustomPrecisionMask="0" StoragePrecision="12" RoundingRule="4" DoAudit="0" Localizable="0" RelativeDateTime="0"><Name><![CDATA[triBusinessObjectLabelSY]]></Name><Description><![CDATA[Business Object Label]]></Description><Purpose /><Type><![CDATA[System Read Only]]></Type><Label><![CDATA[Business Object Label]]></Label><DVal /><Validation /><Required><![CDATA[N]]></Required><FormulaType><![CDATA[R]]></FormulaType><UomTypeName /><Uom /><RollUpType /><LTab><![CDATA[General]]></LTab><LSec><![CDATA[General]]></LSec><SubType><![CDATA[BO Label]]></SubType><Association /><Format /><RollUpSource /><DisplayMask><![CDATA[#.####]]></DisplayMask></Field><Field UomType="-1" HierClsType="9" EditUomType="0" MField="0" FieldLiveLink="0" FormulaFlag="0" UseInTot="0" UseInRes="0" ResultDispSeq="0" ReadOnly="1" LocFlag="0" NoAutoPop="0" GenOnCrt="0" FullPath="0" DepListFlag="0" BaseCurField="0" RefResultDispSeq="0" MFieldSeq="0" Size="-1.0" DateDefNum="0" StageField="0" StageFieldKey="0" UseCustomPrecisionMask="0" StoragePrecision="12" RoundingRule="4" DoAudit="0" Localizable="0" RelativeDateTime="0"><Name><![CDATA[triBusinessObjectNameSY]]></Name><Description /><Purpose /><Type><![CDATA[System Read Only]]></Type><Label><![CDATA[Business Object Name]]></Label><DVal /><Validation /><Required><![CDATA[N]]></Required><FormulaType><![CDATA[R]]></FormulaType><UomTypeName /><Uom /><RollUpType /><LTab><![CDATA[General]]></LTab><LSec><![CDATA[General]]></LSec><SubType><![CDATA[BO Type Name]]></SubType><Association /><Format /><RollUpSource /><DisplayMask><![CDATA[#.####]]></DisplayMask></Field><Field UomType="-1" HierClsType="9" EditUomType="0" MField="0" FieldLiveLink="0" FormulaFlag="0" UseInTot="0" UseInRes="0" ResultDispSeq="0" ReadOnly="1" LocFlag="0" NoAutoPop="1" GenOnCrt="1" FullPath="0" DepListFlag="0" BaseCurField="0" RefResultDispSeq="0" MFieldSeq="0" Size="0.0" DateDefNum="0" StageField="0" StageFieldKey="0" UseCustomPrecisionMask="0" StoragePrecision="12" RoundingRule="4" DoAudit="0" Localizable="0" RelativeDateTime="0"><Name><![CDATA[triControlNumberCN]]></Name><Description><![CDATA[Control Number are always read only.]]></Description><Purpose /><Type><![CDATA[Control Number]]></Type><Label><![CDATA[Control Number]]></Label><DVal /><Validation /><Required><![CDATA[N]]></Required><FormulaType><![CDATA[R]]></FormulaType><UomTypeName /><Uom /><RollUpType /><LTab><![CDATA[General]]></LTab><LSec><![CDATA[General]]></LSec><SubType /><Association /><Format /><RollUpSource /><DisplayMask><![CDATA[#.####]]></DisplayMask></Field><Field UomType="-1" HierClsType="9" EditUomType="0" MField="0" FieldLiveLink="0" FormulaFlag="0" UseInTot="0" UseInRes="0" ResultDispSeq="0" ReadOnly="0" LocFlag="0" NoAutoPop="0" GenOnCrt="0" FullPath="0" DepListFlag="0" BaseCurField="0" RefResultDispSeq="0" MFieldSeq="0" Size="150.0" DateDefNum="0" StageField="0" StageFieldKey="0" UseCustomPrecisionMask="0" StoragePrecision="12" RoundingRule="4" DoAudit="0" Localizable="0" RelativeDateTime="0"><Name><![CDATA[triCreatedByTX]]></Name><Description /><Purpose /><Type><![CDATA[Text]]></Type><Label><![CDATA[Created By]]></Label><DVal /><Validation /><Required><![CDATA[N]]></Required><FormulaType><![CDATA[R]]></FormulaType><UomTypeName /><Uom /><RollUpType /><LTab><![CDATA[General]]></LTab><LSec><![CDATA[General]]></LSec><SubType /><Association /><Format /><RollUpSource /><DisplayMask><![CDATA[#.####]]></DisplayMask></Field><Field UomType="-1" HierClsType="9" EditUomType="0" MField="0" FieldLiveLink="0" FormulaFlag="0" UseInTot="0" UseInRes="0" ResultDispSeq="0" ReadOnly="0" LocFlag="0" NoAutoPop="0" GenOnCrt="0" FullPath="0" DepListFlag="0" BaseCurField="0" RefResultDispSeq="0" MFieldSeq="0" Size="0.0" DateDefNum="0" StageField="0" StageFieldKey="0" UseCustomPrecisionMask="0" StoragePrecision="12" RoundingRule="4" DoAudit="0" Localizable="0" RelativeDateTime="0"><Name><![CDATA[triCreatedOnDT]]></Name><Description /><Purpose /><Type><![CDATA[Date and Time]]></Type><Label><![CDATA[Created On]]></Label><DVal><![CDATA[TIMESTAMP]]></DVal><Validation /><Required><![CDATA[N]]></Required><FormulaType><![CDATA[R]]></FormulaType><UomTypeName /><Uom /><RollUpType /><LTab><![CDATA[General]]></LTab><LSec><![CDATA[General]]></LSec><SubType /><Association /><Format /><RollUpSource /><DisplayMask><![CDATA[#.####]]></DisplayMask></Field><Field UomType="-1" HierClsType="9" EditUomType="0" MField="0" FieldLiveLink="0" FormulaFlag="0" UseInTot="0" UseInRes="0" ResultDispSeq="0" ReadOnly="0" LocFlag="0" NoAutoPop="0" GenOnCrt="0" FullPath="0" DepListFlag="0" BaseCurField="0" RefResultDispSeq="0" MFieldSeq="0" Size="150.0" DateDefNum="0" StageField="0" StageFieldKey="0" UseCustomPrecisionMask="0" StoragePrecision="12" RoundingRule="4" DoAudit="0" Localizable="0" RelativeDateTime="0"><Name><![CDATA[triDescriptionTX]]></Name><Description><![CDATA[Description]]></Description><Purpose /><Type><![CDATA[Text]]></Type><Label><![CDATA[Description]]></Label><DVal /><Validation /><Required><![CDATA[N]]></Required><FormulaType><![CDATA[R]]></FormulaType><UomTypeName /><Uom /><RollUpType /><LTab><![CDATA[General]]></LTab><LSec><![CDATA[General]]></LSec><SubType /><Association /><Format /><RollUpSource /><DisplayMask><![CDATA[#.####]]></DisplayMask></Field><Field UomType="-1" HierClsType="0" EditUomType="0" MField="0" FieldLiveLink="0" FormulaFlag="0" UseInTot="0" UseInRes="0" ResultDispSeq="0" ReadOnly="0" LocFlag="0" NoAutoPop="0" GenOnCrt="0" FullPath="0" DepListFlag="0" BaseCurField="0" RefResultDispSeq="0" MFieldSeq="0" Size="150.0" DateDefNum="0" StageField="0" StageFieldKey="0" UseCustomPrecisionMask="0" StoragePrecision="12" RoundingRule="4" DoAudit="0" Localizable="0" RelativeDateTime="0"><Name><![CDATA[triExternalIdTX]]></Name><Description /><Purpose /><Type><![CDATA[Text]]></Type><Label><![CDATA[External ID]]></Label><DVal /><Validation /><Required><![CDATA[N]]></Required><FormulaType><![CDATA[R]]></FormulaType><UomTypeName /><Uom /><RollUpType /><LTab><![CDATA[General]]></LTab><LSec><![CDATA[General]]></LSec><SubType /><Association /><Format /><RollUpSource /><DisplayMask><![CDATA[#.####]]></DisplayMask></Field><Field UomType="-1" HierClsType="9" EditUomType="0" MField="0" FieldLiveLink="0" FormulaFlag="0" UseInTot="0" UseInRes="0" ResultDispSeq="0" ReadOnly="1" LocFlag="0" NoAutoPop="0" GenOnCrt="0" FullPath="0" DepListFlag="0" BaseCurField="0" RefResultDispSeq="0" MFieldSeq="0" Size="0.0" DateDefNum="0" StageField="0" StageFieldKey="0" UseCustomPrecisionMask="0" StoragePrecision="12" RoundingRule="4" DoAudit="0" Localizable="0" RelativeDateTime="0"><Name><![CDATA[triFormLabelSY]]></Name><Description><![CDATA[Form Label]]></Description><Purpose /><Type><![CDATA[System Read Only]]></Type><Label><![CDATA[Record Form]]></Label><DVal /><Validation /><Required><![CDATA[N]]></Required><FormulaType><![CDATA[R]]></FormulaType><UomTypeName /><Uom /><RollUpType /><LTab><![CDATA[General]]></LTab><LSec><![CDATA[General]]></LSec><SubType><![CDATA[GUI Label]]></SubType><Association /><Format /><RollUpSource /><DisplayMask><![CDATA[#.####]]></DisplayMask></Field><Field UomType="-1" HierClsType="9" EditUomType="0" MField="0" FieldLiveLink="0" FormulaFlag="0" UseInTot="0" UseInRes="0" ResultDispSeq="0" ReadOnly="1" LocFlag="0" NoAutoPop="0" GenOnCrt="0" FullPath="0" DepListFlag="0" BaseCurField="0" RefResultDispSeq="0" MFieldSeq="0" Size="-1.0" DateDefNum="0" StageField="0" StageFieldKey="0" UseCustomPrecisionMask="0" StoragePrecision="12" RoundingRule="4" DoAudit="0" Localizable="0" RelativeDateTime="0"><Name><![CDATA[triFormNameSY]]></Name><Description><![CDATA[For Branching of Work Flows (used in start condition) in BO's having multiple GUI's.]]></Description><Purpose><![CDATA[For Branching of Work Flows in BO's having multiple GUI's.]]></Purpose><Type><![CDATA[System Read Only]]></Type><Label><![CDATA[Form Name]]></Label><DVal /><Validation /><Required><![CDATA[N]]></Required><FormulaType><![CDATA[R]]></FormulaType><UomTypeName /><Uom /><RollUpType /><LTab><![CDATA[General]]></LTab><LSec><![CDATA[General]]></LSec><SubType><![CDATA[GUI Name]]></SubType><Association /><Format /><RollUpSource /><DisplayMask><![CDATA[#.####]]></DisplayMask></Field><Field UomType="-1" HierClsType="9" EditUomType="0" MField="0" FieldLiveLink="0" FormulaFlag="0" UseInTot="0" UseInRes="0" ResultDispSeq="0" ReadOnly="0" LocFlag="0" NoAutoPop="0" GenOnCrt="0" FullPath="0" DepListFlag="0" BaseCurField="0" RefResultDispSeq="0" MFieldSeq="0" Size="150.0" DateDefNum="0" StageField="0" StageFieldKey="0" UseCustomPrecisionMask="0" StoragePrecision="12" RoundingRule="4" DoAudit="0" Localizable="0" RelativeDateTime="0"><Name><![CDATA[triIdTX]]></Name><Description><![CDATA[ID]]></Description><Purpose /><Type><![CDATA[Text]]></Type><Label><![CDATA[ID]]></Label><DVal /><Validation /><Required><![CDATA[N]]></Required><FormulaType><![CDATA[R]]></FormulaType><UomTypeName /><Uom /><RollUpType /><LTab><![CDATA[General]]></LTab><LSec><![CDATA[General]]></LSec><SubType /><Association /><Format /><RollUpSource /><DisplayMask><![CDATA[#.####]]></DisplayMask></Field><Field UomType="-1" HierClsType="0" EditUomType="0" MField="0" FieldLiveLink="0" FormulaFlag="0" UseInTot="0" UseInRes="0" ResultDispSeq="0" ReadOnly="0" LocFlag="0" NoAutoPop="0" GenOnCrt="0" FullPath="0" DepListFlag="0" BaseCurField="0" RefResultDispSeq="0" MFieldSeq="0" Size="150.0" DateDefNum="0" StageField="0" StageFieldKey="0" UseCustomPrecisionMask="0" StoragePrecision="12" RoundingRule="4" DoAudit="0" Localizable="0" RelativeDateTime="0"><Name><![CDATA[triNameTX]]></Name><Description /><Purpose /><Type><![CDATA[Text]]></Type><Label><![CDATA[Name]]></Label><DVal /><Validation /><Required><![CDATA[N]]></Required><FormulaType><![CDATA[R]]></FormulaType><UomTypeName /><Uom /><RollUpType /><LTab><![CDATA[General]]></LTab><LSec><![CDATA[General]]></LSec><SubType /><Association /><Format /><RollUpSource /><DisplayMask><![CDATA[#.####]]></DisplayMask></Field><Field UomType="-1" HierClsType="9" EditUomType="0" MField="0" FieldLiveLink="0" FormulaFlag="0" UseInTot="0" UseInRes="0" ResultDispSeq="0" ReadOnly="1" LocFlag="0" NoAutoPop="0" GenOnCrt="0" FullPath="0" DepListFlag="0" BaseCurField="0" RefResultDispSeq="0" MFieldSeq="0" Size="0.0" DateDefNum="0" StageField="0" StageFieldKey="0" UseCustomPrecisionMask="0" StoragePrecision="12" RoundingRule="4" DoAudit="0" Localizable="0" RelativeDateTime="0"><Name><![CDATA[triRecordIdSY]]></Name><Description><![CDATA[System Record ID]]></Description><Purpose /><Type><![CDATA[System Read Only]]></Type><Label><![CDATA[System Record ID]]></Label><DVal /><Validation /><Required><![CDATA[N]]></Required><FormulaType><![CDATA[R]]></FormulaType><UomTypeName /><Uom /><RollUpType /><LTab><![CDATA[General]]></LTab><LSec><![CDATA[General]]></LSec><SubType><![CDATA[BO Record Id]]></SubType><Association /><Format /><RollUpSource /><DisplayMask><![CDATA[#.####]]></DisplayMask></Field><Field UomType="-1" HierClsType="9" EditUomType="0" MField="0" FieldLiveLink="0" FormulaFlag="0" UseInTot="0" UseInRes="0" ResultDispSeq="0" ReadOnly="1" LocFlag="0" NoAutoPop="0" GenOnCrt="0" FullPath="0" DepListFlag="0" BaseCurField="0" RefResultDispSeq="0" MFieldSeq="0" Size="0.0" DateDefNum="0" StageField="0" StageFieldKey="0" UseCustomPrecisionMask="0" StoragePrecision="12" RoundingRule="4" DoAudit="0" Localizable="0" RelativeDateTime="0"><Name><![CDATA[triRecordNameSY]]></Name><Description><![CDATA[Record Name]]></Description><Purpose /><Type><![CDATA[System Read Only]]></Type><Label><![CDATA[Record Name]]></Label><DVal /><Validation /><Required><![CDATA[N]]></Required><FormulaType><![CDATA[R]]></FormulaType><UomTypeName /><Uom /><RollUpType /><LTab><![CDATA[General]]></LTab><LSec><![CDATA[General]]></LSec><SubType><![CDATA[Record Name]]></SubType><Association /><Format /><RollUpSource /><DisplayMask><![CDATA[#.####]]></DisplayMask></Field><Field UomType="-1" HierClsType="9" EditUomType="0" MField="0" FieldLiveLink="0" FormulaFlag="0" UseInTot="0" UseInRes="0" ResultDispSeq="0" ReadOnly="1" LocFlag="0" NoAutoPop="0" GenOnCrt="0" FullPath="0" DepListFlag="0" BaseCurField="0" RefResultDispSeq="0" MFieldSeq="0" Size="0.0" DateDefNum="0" StageField="0" StageFieldKey="0" UseCustomPrecisionMask="0" StoragePrecision="12" RoundingRule="4" DoAudit="0" Localizable="0" RelativeDateTime="0"><Name><![CDATA[triRecordStateSY]]></Name><Description><![CDATA[Record State]]></Description><Purpose /><Type><![CDATA[System Read Only]]></Type><Label><![CDATA[Record State]]></Label><DVal /><Validation /><Required><![CDATA[N]]></Required><FormulaType><![CDATA[R]]></FormulaType><UomTypeName /><Uom /><RollUpType /><LTab><![CDATA[General]]></LTab><LSec><![CDATA[General]]></LSec><SubType><![CDATA[Object State]]></SubType><Association /><Format /><RollUpSource /><DisplayMask><![CDATA[#.####]]></DisplayMask></Field><Field UomType="-1" HierClsType="9" EditUomType="0" MField="0" FieldLiveLink="0" FormulaFlag="0" UseInTot="0" UseInRes="0" ResultDispSeq="0" ReadOnly="0" LocFlag="0" NoAutoPop="0" GenOnCrt="0" FullPath="0" DepListFlag="0" BaseCurField="0" RefResultDispSeq="0" MFieldSeq="0" Size="0.0" DateDefNum="0" StageField="0" StageFieldKey="0" UseCustomPrecisionMask="0" StoragePrecision="12" RoundingRule="4" DoAudit="0" Localizable="0" RelativeDateTime="0"><Name><![CDATA[triStatusCL]]></Name><Description><![CDATA[Status]]></Description><Purpose /><Type><![CDATA[Classification]]></Type><Label><![CDATA[Status]]></Label><DVal /><Validation /><Required><![CDATA[N]]></Required><FormulaType><![CDATA[R]]></FormulaType><UomTypeName /><Uom /><RollUpType /><LTab><![CDATA[General]]></LTab><LSec><![CDATA[General]]></LSec><SubType /><Association /><Format /><RollUpSource /><DisplayMask><![CDATA[#.####]]></DisplayMask><ClassificationRoot><![CDATA[\Classifications\Status]]></ClassificationRoot></Field><Field UomType="-1" HierClsType="9" EditUomType="0" MField="0" FieldLiveLink="0" FormulaFlag="0" UseInTot="0" UseInRes="0" ResultDispSeq="0" ReadOnly="1" LocFlag="0" NoAutoPop="0" GenOnCrt="0" FullPath="0" DepListFlag="0" BaseCurField="0" RefResultDispSeq="0" MFieldSeq="0" Size="0.0" DateDefNum="0" StageField="0" StageFieldKey="0" UseCustomPrecisionMask="0" StoragePrecision="12" RoundingRule="4" DoAudit="0" Localizable="0" RelativeDateTime="0"><Name><![CDATA[triCreatedSY]]></Name><Description><![CDATA[Created Date/Time]]></Description><Purpose /><Type><![CDATA[System Read Only]]></Type><Label><![CDATA[Created Date/Time]]></Label><DVal /><Validation /><Required><![CDATA[N]]></Required><FormulaType><![CDATA[R]]></FormulaType><UomTypeName /><Uom /><RollUpType /><LTab><![CDATA[General]]></LTab><LSec><![CDATA[General]]></LSec><SubType><![CDATA[Created DateTime (Number)]]></SubType><Association /><Format /><RollUpSource /><DisplayMask><![CDATA[#.####]]></DisplayMask></Field><Field UomType="-1" HierClsType="9" EditUomType="0" MField="0" FieldLiveLink="0" FormulaFlag="0" UseInTot="0" UseInRes="0" ResultDispSeq="0" ReadOnly="1" LocFlag="0" NoAutoPop="0" GenOnCrt="0" FullPath="0" DepListFlag="0" BaseCurField="0" RefResultDispSeq="0" MFieldSeq="0" Size="0.0" DateDefNum="0" StageField="0" StageFieldKey="0" UseCustomPrecisionMask="0" StoragePrecision="12" RoundingRule="4" DoAudit="0" Localizable="0" RelativeDateTime="0"><Name><![CDATA[triModifiedSY]]></Name><Description><![CDATA[Last Modified Date/Time]]></Description><Purpose /><Type><![CDATA[System Read Only]]></Type><Label><![CDATA[Modified Date/Time]]></Label><DVal /><Validation /><Required><![CDATA[N]]></Required><FormulaType><![CDATA[R]]></FormulaType><UomTypeName /><Uom /><RollUpType /><LTab><![CDATA[General]]></LTab><LSec><![CDATA[General]]></LSec><SubType><![CDATA[Modified DateTime (Number)]]></SubType><Association /><Format /><RollUpSource /><DisplayMask><![CDATA[#.####]]></DisplayMask></Field><Field UomType="-1" HierClsType="9" EditUomType="0" MField="0" FieldLiveLink="0" FormulaFlag="0" UseInTot="0" UseInRes="0" ResultDispSeq="0" ReadOnly="0" LocFlag="0" NoAutoPop="0" GenOnCrt="0" FullPath="0" DepListFlag="0" BaseCurField="0" RefResultDispSeq="0" MFieldSeq="0" Size="150.0" DateDefNum="0" StageField="0" StageFieldKey="0" UseCustomPrecisionMask="0" StoragePrecision="12" RoundingRule="4" DoAudit="0" Localizable="0" RelativeDateTime="0"><Name><![CDATA[triUserMessageFlagTX]]></Name><Description><![CDATA[User Message Flag]]></Description><Purpose /><Type><![CDATA[Text]]></Type><Label><![CDATA[!]]></Label><DVal /><Validation /><Required><![CDATA[N]]></Required><FormulaType><![CDATA[R]]></FormulaType><UomTypeName /><Uom /><RollUpType /><LTab><![CDATA[General]]></LTab><LSec><![CDATA[General]]></LSec><SubType /><Association /><Format /><RollUpSource /><DisplayMask><![CDATA[#.####]]></DisplayMask></Field><Field UomType="-1" HierClsType="9" EditUomType="0" MField="0" FieldLiveLink="0" FormulaFlag="0" UseInTot="0" UseInRes="0" ResultDispSeq="0" ReadOnly="0" LocFlag="0" NoAutoPop="0" GenOnCrt="0" FullPath="0" DepListFlag="0" BaseCurField="0" RefResultDispSeq="0" MFieldSeq="0" Size="150.0" DateDefNum="0" StageField="0" StageFieldKey="0" UseCustomPrecisionMask="0" StoragePrecision="12" RoundingRule="4" DoAudit="0" Localizable="0" RelativeDateTime="0"><Name><![CDATA[triUserMessageTX]]></Name><Description><![CDATA[User Message to Attention!]]></Description><Purpose /><Type><![CDATA[Text]]></Type><Label><![CDATA[Attention!]]></Label><DVal /><Validation /><Required><![CDATA[N]]></Required><FormulaType><![CDATA[R]]></FormulaType><UomTypeName /><Uom /><RollUpType /><LTab><![CDATA[General]]></LTab><LSec><![CDATA[General]]></LSec><SubType /><Association /><Format /><RollUpSource /><DisplayMask><![CDATA[#.####]]></DisplayMask></Field><Field UomType="-1" HierClsType="9" EditUomType="0" MField="0" FieldLiveLink="0" FormulaFlag="0" UseInTot="0" UseInRes="0" ResultDispSeq="0" ReadOnly="0" LocFlag="0" NoAutoPop="0" GenOnCrt="0" FullPath="0" DepListFlag="0" BaseCurField="0" RefResultDispSeq="0" MFieldSeq="0" Size="0.0" DateDefNum="0" StageField="0" StageFieldKey="0" UseCustomPrecisionMask="0" StoragePrecision="12" RoundingRule="4" DoAudit="0" Localizable="0" RelativeDateTime="0"><Name><![CDATA[triLanguageLI]]></Name><Description><![CDATA[Record Language]]></Description><Purpose /><Type><![CDATA[List]]></Type><Label><![CDATA[Record Language]]></Label><DVal><![CDATA[US English]]></DVal><Validation /><Required><![CDATA[N]]></Required><FormulaType><![CDATA[R]]></FormulaType><UomTypeName /><Uom /><RollUpType /><LTab><![CDATA[General]]></LTab><LSec><![CDATA[General]]></LSec><SubType /><Association /><Format /><RollUpSource /><DisplayMask><![CDATA[#.####]]></DisplayMask><RefSysObj><![CDATA[Language]]></RefSysObj><RefSysObjModule><![CDATA[triCommon]]></RefSysObjModule></Field><Field UomType="-1" HierClsType="0" EditUomType="0" MField="0" FieldLiveLink="0" FormulaFlag="0" UseInTot="0" UseInRes="0" ResultDispSeq="0" ReadOnly="0" LocFlag="0" NoAutoPop="0" GenOnCrt="0" FullPath="0" DepListFlag="0" BaseCurField="0" RefResultDispSeq="0" MFieldSeq="0" Size="150.0" DateDefNum="0" StageField="0" StageFieldKey="0" UseCustomPrecisionMask="0" StoragePrecision="12" RoundingRule="4" DoAudit="0" Localizable="0" RelativeDateTime="0"><Name><![CDATA[triOperationTX]]></Name><Description /><Purpose /><Type><![CDATA[Text]]></Type><Label><![CDATA[Operation]]></Label><DVal /><Validation /><Required><![CDATA[N]]></Required><FormulaType><![CDATA[R]]></FormulaType><UomTypeName /><Uom /><RollUpType /><LTab><![CDATA[General]]></LTab><LSec><![CDATA[General]]></LSec><SubType /><Association /><Format /><RollUpSource /><DisplayMask><![CDATA[#.####]]></DisplayMask></Field><Field UomType="-1" HierClsType="0" EditUomType="0" MField="0" FieldLiveLink="0" FormulaFlag="0" UseInTot="0" UseInRes="0" ResultDispSeq="0" ReadOnly="0" LocFlag="0" NoAutoPop="0" GenOnCrt="0" FullPath="0" DepListFlag="0" BaseCurField="0" RefResultDispSeq="0" MFieldSeq="0" Size="150.0" DateDefNum="0" StageField="0" StageFieldKey="0" UseCustomPrecisionMask="0" StoragePrecision="12" RoundingRule="4" DoAudit="0" Localizable="0" RelativeDateTime="0"><Name><![CDATA[triSubOperationTX]]></Name><Description /><Purpose /><Type><![CDATA[Text]]></Type><Label><![CDATA[Sub-Operation]]></Label><DVal /><Validation /><Required><![CDATA[N]]></Required><FormulaType><![CDATA[R]]></FormulaType><UomTypeName /><Uom /><RollUpType /><LTab><![CDATA[General]]></LTab><LSec><![CDATA[General]]></LSec><SubType /><Association /><Format /><RollUpSource /><DisplayMask><![CDATA[#.####]]></DisplayMask></Field><Field UomType="-1" HierClsType="0" EditUomType="0" MField="0" FieldLiveLink="0" FormulaFlag="0" UseInTot="0" UseInRes="0" ResultDispSeq="0" ReadOnly="0" LocFlag="0" NoAutoPop="0" GenOnCrt="0" FullPath="0" DepListFlag="0" BaseCurField="0" RefResultDispSeq="0" MFieldSeq="0" Size="150.0" DateDefNum="0" StageField="0" StageFieldKey="0" UseCustomPrecisionMask="0" StoragePrecision="12" RoundingRule="4" DoAudit="0" Localizable="0" RelativeDateTime="0"><Name><![CDATA[triExternalReferenceTX]]></Name><Description /><Purpose /><Type><![CDATA[Text]]></Type><Label><![CDATA[External Reference]]></Label><DVal /><Validation /><Required><![CDATA[N]]></Required><FormulaType><![CDATA[R]]></FormulaType><UomTypeName /><Uom /><RollUpType /><LTab><![CDATA[General]]></LTab><LSec><![CDATA[General]]></LSec><SubType /><Association /><Format /><RollUpSource /><DisplayMask><![CDATA[#.####]]></DisplayMask></Field><Field UomType="-1" HierClsType="0" EditUomType="0" MField="0" FieldLiveLink="0" FormulaFlag="0" UseInTot="0" UseInRes="0" ResultDispSeq="0" ReadOnly="0" LocFlag="1" NoAutoPop="0" GenOnCrt="0" FullPath="0" DepListFlag="0" BaseCurField="0" RefResultDispSeq="0" MFieldSeq="0" Size="150.0" DateDefNum="0" StageField="0" StageFieldKey="0" UseCustomPrecisionMask="0" StoragePrecision="-1" RoundingRule="-1" DoAudit="0" Localizable="0" RelativeDateTime="0"><Name><![CDATA[triTRIRIGAIDTX]]></Name><Description /><Purpose /><Type><![CDATA[Text]]></Type><Label><![CDATA[TRIRIGA ID]]></Label><DVal /><Validation /><Required><![CDATA[N]]></Required><FormulaType><![CDATA[R]]></FormulaType><UomTypeName /><Uom /><RollUpType /><LTab><![CDATA[General]]></LTab><LSec><![CDATA[General]]></LSec><SubType /><Association><![CDATA[Has]]></Association><Format /><RollUpSource /><DisplayMask><![CDATA[#.####]]></DisplayMask><LBO><![CDATA[triServiceRequest]]></LBO><LModule><![CDATA[triRequest]]></LModule><LocFldName><![CDATA[triRecordIdSY]]></LocFldName><LocFldSecName><![CDATA[General]]></LocFldSecName><LocFldLabel><![CDATA[System Record ID]]></LocFldLabel></Field><Field UomType="-1" HierClsType="0" EditUomType="0" MField="0" FieldLiveLink="0" FormulaFlag="0" UseInTot="0" UseInRes="0" ResultDispSeq="0" ReadOnly="0" LocFlag="0" NoAutoPop="0" GenOnCrt="0" FullPath="0" DepListFlag="0" BaseCurField="0" RefResultDispSeq="0" MFieldSeq="0" Size="-1.0" DateDefNum="0" StageField="0" StageFieldKey="0" UseCustomPrecisionMask="0" StoragePrecision="0" RoundingRule="0" DoAudit="0" Localizable="0" RelativeDateTime="0"><Name><![CDATA[triRequestForLI]]></Name><Description><![CDATA[A List on behalf of you or another person]]></Description><Purpose /><Type><![CDATA[List]]></Type><Label><![CDATA[triRequestForLI]]></Label><DVal><![CDATA[Me]]></DVal><Validation /><Required><![CDATA[N]]></Required><FormulaType><![CDATA[R]]></FormulaType><UomTypeName /><Uom /><RollUpType /><LTab><![CDATA[General]]></LTab><LSec><![CDATA[General]]></LSec><SubType /><Association /><Format /><RollUpSource /><DisplayMask><![CDATA[#.####]]></DisplayMask><RefSysObj><![CDATA[triRequestForType]]></RefSysObj><RefSysObjModule><![CDATA[triRequest]]></RefSysObjModule></Field><Field UomType="-1" HierClsType="9" EditUomType="0" MField="0" FieldLiveLink="0" FormulaFlag="0" UseInTot="0" UseInRes="0" ResultDispSeq="0" ReadOnly="0" LocFlag="0" NoAutoPop="0" GenOnCrt="0" FullPath="0" DepListFlag="0" BaseCurField="0" RefResultDispSeq="0" MFieldSeq="0" Size="150.0" DateDefNum="0" StageField="0" StageFieldKey="0" UseCustomPrecisionMask="0" StoragePrecision="0" RoundingRule="0" DoAudit="0" Localizable="0" RelativeDateTime="0"><Name><![CDATA[triRequestedForTX]]></Name><Description /><Purpose /><Type><![CDATA[Text]]></Type><Label><![CDATA[Requested For Lookup]]></Label><DVal /><Validation /><Required><![CDATA[N]]></Required><FormulaType><![CDATA[R]]></FormulaType><UomTypeName /><Uom /><RollUpType /><LTab><![CDATA[General]]></LTab><LSec><![CDATA[General]]></LSec><SubType /><Association /><Format /><RollUpSource /><DisplayMask><![CDATA[#.####]]></DisplayMask></Field><Field UomType="-1" HierClsType="9" EditUomType="0" MField="0" FieldLiveLink="0" FormulaFlag="0" UseInTot="0" UseInRes="0" ResultDispSeq="0" ReadOnly="0" LocFlag="0" NoAutoPop="0" GenOnCrt="0" FullPath="0" DepListFlag="0" BaseCurField="0" RefResultDispSeq="0" MFieldSeq="0" Size="150.0" DateDefNum="0" StageField="0" StageFieldKey="0" UseCustomPrecisionMask="0" StoragePrecision="0" RoundingRule="0" DoAudit="0" Localizable="0" RelativeDateTime="0"><Name><![CDATA[triRequestedByTX]]></Name><Description /><Purpose /><Type><![CDATA[Text]]></Type><Label><![CDATA[Requested By]]></Label><DVal /><Validation /><Required><![CDATA[N]]></Required><FormulaType><![CDATA[R]]></FormulaType><UomTypeName /><Uom /><RollUpType /><LTab><![CDATA[General]]></LTab><LSec><![CDATA[General]]></LSec><SubType /><Association /><Format /><RollUpSource /><DisplayMask><![CDATA[#.####]]></DisplayMask></Field><Field UomType="-1" HierClsType="0" EditUomType="0" MField="0" FieldLiveLink="0" FormulaFlag="0" UseInTot="0" UseInRes="0" ResultDispSeq="0" ReadOnly="0" LocFlag="1" NoAutoPop="0" GenOnCrt="0" FullPath="0" DepListFlag="0" BaseCurField="0" RefResultDispSeq="0" MFieldSeq="0" Size="150.0" DateDefNum="0" StageField="0" StageFieldKey="0" UseCustomPrecisionMask="0" StoragePrecision="-1" RoundingRule="-1" DoAudit="0" Localizable="0" RelativeDateTime="0"><Name><![CDATA[triCustomerOrgRecordIDTX]]></Name><Description /><Purpose /><Type><![CDATA[Text]]></Type><Label><![CDATA[Organization Requested Record ID]]></Label><DVal /><Validation /><Required><![CDATA[N]]></Required><FormulaType><![CDATA[R]]></FormulaType><UomTypeName /><Uom /><RollUpType /><LTab><![CDATA[General]]></LTab><LSec><![CDATA[General]]></LSec><SubType /><Association><![CDATA[Abstracts]]></Association><Format /><RollUpSource /><DisplayMask><![CDATA[#.####]]></DisplayMask><LBO><![CDATA[Organization]]></LBO><LModule><![CDATA[Organization]]></LModule><LocFldName><![CDATA[triRecordIdSY]]></LocFldName><LocFldSecName><![CDATA[General]]></LocFldSecName><LocFldLabel><![CDATA[System Record ID]]></LocFldLabel></Field></Fields></Section></Sections><StateTransitions><StateTransition CloseScr="0" Display="1" ReadOnly="0" Seq="0" StateSeq="0" SecAction="0" HideStateFromHierarchy="0"><State><![CDATA[null]]></State><Action><![CDATA[triCreateDraft]]></Action><NState><![CDATA[triDraft]]></NState><ActLabel><![CDATA[Create Draft]]></ActLabel><EJB /><Method /><CustomUrl /><SubLabels><SubLabel SLSeq="0" SLAuditAct="0"><SLName><![CDATA[Create Draft]]></SLName><SLWF><![CDATA[triAPICServiceRequest - Synchronous - Create Service Request]]></SLWF><SLWFBO><![CDATA[triAPICServiceRequest]]></SLWFBO><SLWFMod><![CDATA[triAPIConnect]]></SLWFMod><SLFields><SLField><SLFieldVal><![CDATA[Draft]]></SLFieldVal><SLFieldName><![CDATA[triStatusCL]]></SLFieldName><SLFieldSecName><![CDATA[General]]></SLFieldSecName></SLField></SLFields><SLIncExcs><SLIncExc SLIncExcType="I"><SLIncExcAct><![CDATA[Create Draft]]></SLIncExcAct></SLIncExc></SLIncExcs></SubLabel></SubLabels></StateTransition><StateTransition CloseScr="0" Display="1" ReadOnly="0" Seq="1" StateSeq="1" SecAction="0" HideStateFromHierarchy="0"><State><![CDATA[triAccepted]]></State><Action><![CDATA[triDelete]]></Action><NState><![CDATA[null]]></NState><ActLabel><![CDATA[Delete]]></ActLabel><EJB /><Method /><CustomUrl /></StateTransition><StateTransition CloseScr="0" Display="1" ReadOnly="0" Seq="2" StateSeq="2" SecAction="0" HideStateFromHierarchy="0"><State><![CDATA[triDraft]]></State><Action><![CDATA[triAccept]]></Action><NState><![CDATA[triAccepted]]></NState><ActLabel><![CDATA[Accept]]></ActLabel><EJB /><Method /><CustomUrl /><SubLabels><SubLabel SLSeq="0" SLAuditAct="0"><SLName><![CDATA[Accept]]></SLName><SLFields><SLField><SLFieldVal><![CDATA[Accepted]]></SLFieldVal><SLFieldName><![CDATA[triStatusCL]]></SLFieldName><SLFieldSecName><![CDATA[General]]></SLFieldSecName></SLField></SLFields><SLIncExcs><SLIncExc SLIncExcType="I"><SLIncExcAct><![CDATA[Accept]]></SLIncExcAct></SLIncExc><SLIncExc SLIncExcType="I"><SLIncExcAct><![CDATA[Reject]]></SLIncExcAct></SLIncExc></SLIncExcs></SubLabel></SubLabels></StateTransition><StateTransition CloseScr="0" Display="1" ReadOnly="0" Seq="3" StateSeq="2" SecAction="0" HideStateFromHierarchy="0"><State><![CDATA[triDraft]]></State><Action><![CDATA[triReject]]></Action><NState><![CDATA[triRejected]]></NState><ActLabel><![CDATA[Reject]]></ActLabel><EJB /><Method /><CustomUrl /><SubLabels><SubLabel SLSeq="0" SLAuditAct="0"><SLName><![CDATA[Reject]]></SLName><SLFields><SLField><SLFieldVal><![CDATA[Rejected]]></SLFieldVal><SLFieldName><![CDATA[triStatusCL]]></SLFieldName><SLFieldSecName><![CDATA[General]]></SLFieldSecName></SLField></SLFields><SLIncExcs><SLIncExc SLIncExcType="I"><SLIncExcAct><![CDATA[Accept]]></SLIncExcAct></SLIncExc><SLIncExc SLIncExcType="I"><SLIncExcAct><![CDATA[Reject]]></SLIncExcAct></SLIncExc></SLIncExcs></SubLabel></SubLabels></StateTransition><StateTransition CloseScr="0" Display="1" ReadOnly="0" Seq="4" StateSeq="3" SecAction="0" HideStateFromHierarchy="0"><State><![CDATA[triRejected]]></State><Action><![CDATA[triDelete]]></Action><NState><![CDATA[null]]></NState><ActLabel><![CDATA[Delete]]></ActLabel><EJB /><Method /><CustomUrl /></StateTransition></StateTransitions><Mappings CntrlNumPref="0" CntrlNumStart="1000000"><CntrlNumDelim><![CDATA[ ]]></CntrlNumDelim><NameMap><Map MapType="1" MapFieldSystemFlag="0"><MapField><![CDATA[triControlNumberCN]]></MapField><MapFieldSec><![CDATA[General]]></MapFieldSec><MapFieldLbl><![CDATA[Control Number]]></MapFieldLbl></Map></NameMap><ImageMap><Map MapType="0"><MapField><![CDATA[Image]]></MapField><MapFieldSec /><MapFieldLbl><![CDATA[Image]]></MapFieldLbl></Map></ImageMap></Mappings></BO>
